-1.446	11.0
-1.445	11.0
-1.444	11.0
-1.443	11.0
-1.442	11.0
-1.441	11.0
-1.44	11.0
-1.439	11.0
-1.438	11.0
-1.437	11.0
-1.436	11.0
-1.435	11.0
-1.434	11.0
-1.433	11.0
-1.432	11.0
-1.431	11.0
-1.43	11.0
-1.429	11.0
-1.428	11.0
-1.427	11.0
-1.426	11.0
-1.425	11.0
-1.424	11.0
-1.423	11.0
-1.422	11.0
-1.421	11.0
-1.42	11.0
-1.419	11.0
-1.418	11.0
-1.417	11.0
-1.416	11.0
-1.415	11.0
-1.414	11.0
-1.413	11.0
-1.412	11.0
-1.411	11.0
-1.41	11.0
-1.409	11.0
-1.408	11.0
-1.407	11.0
-1.406	11.0
-1.405	11.0
-1.404	11.0
-1.403	11.0
-1.402	11.0
-1.401	11.0
-1.4	11.0
-1.399	11.0
-1.398	11.0
-1.397	11.0
-1.396	11.0
-1.395	11.0
-1.394	11.0
-1.393	11.0
-1.392	11.0
-1.391	11.0
-1.39	11.0
-1.389	11.0
-1.388	11.0
-1.387	11.0
-1.386	11.0
-1.385	11.0
-1.384	11.0
-1.383	11.0
-1.382	11.0
-1.381	11.0
-1.38	11.0
-1.379	11.0
-1.378	11.0
-1.377	11.0
-1.376	11.0
-1.375	11.0
-1.374	11.0
-1.373	11.0
-1.372	11.0
-1.371	11.0
-1.37	11.0
-1.369	11.0
-1.368	11.0
-1.367	11.0
-1.366	11.0
-1.365	11.0
-1.364	11.0
-1.363	11.0
-1.362	11.0
-1.361	11.0
-1.36	11.0
-1.359	11.0
-1.358	11.0
-1.357	11.0
-1.356	11.0
-1.355	11.0
-1.354	11.0
-1.353	11.0
-1.352	11.0
-1.351	11.0
-1.35	11.0
-1.349	11.0
-1.348	11.0
-1.347	11.0
-1.346	11.0
-1.345	11.0
-1.344	11.0
-1.343	11.0
-1.342	11.0
-1.341	11.0
-1.34	11.0
-1.339	11.0
-1.338	11.0
-1.337	11.0
-1.336	11.0
-1.335	11.0
-1.334	11.0
-1.333	11.0
-1.332	11.0
-1.331	11.0
-1.33	11.0
-1.329	11.0
-1.328	11.0
-1.327	11.0
-1.326	11.0
-1.325	11.0
-1.324	11.0
-1.323	11.0
-1.322	11.0
-1.321	11.0
-1.32	11.0
-1.319	11.0
-1.318	11.0
-1.317	11.0
-1.316	11.0
-1.315	11.0
-1.314	11.0
-1.313	11.0
-1.312	11.0
-1.311	11.0
-1.31	11.0
-1.309	11.0
-1.308	11.0
-1.307	11.0
-1.306	11.0
-1.305	11.0
-1.304	11.0
-1.303	11.0
-1.302	11.0
-1.301	11.0
-1.3	11.0
-1.299	11.0
-1.298	11.0
-1.297	11.0
-1.296	11.0
-1.295	11.0
-1.294	11.0
-1.293	11.0
-1.292	11.0
-1.291	11.0
-1.29	11.0
-1.289	11.0
-1.288	11.0
-1.287	11.0
-1.286	11.0
-1.285	11.0
-1.284	11.0
-1.283	11.0
-1.282	11.0
-1.281	11.0
-1.28	11.0
-1.279	11.0
-1.278	11.0
-1.277	11.0
-1.276	11.0
-1.275	11.0
-1.274	11.0
-1.273	11.0
-1.272	11.0
-1.271	11.0
-1.27	11.0
-1.269	11.0
-1.268	11.0
-1.267	11.0
-1.266	11.0
-1.265	11.0
-1.264	11.0
-1.263	11.0
-1.262	11.0
-1.261	11.0
-1.26	11.0
-1.259	11.0
-1.258	11.0
-1.257	11.0
-1.256	11.0
-1.255	11.0
-1.254	11.0
-1.253	11.0
-1.252	11.0
-1.251	11.0
-1.25	11.0
-1.249	11.0
-1.248	11.0
-1.247	11.0
-1.246	11.0
-1.245	11.0
-1.244	11.0
-1.243	11.0
-1.242	11.0
-1.241	11.0
-1.24	11.0
-1.239	11.0
-1.238	11.0
-1.237	11.0
-1.236	11.0
-1.235	11.0
-1.234	3.5
-1.233	3.5
-1.232	3.5
-1.231	3.5
-1.23	3.5
-1.229	3.5
-1.228	3.5
-1.227	3.5
-1.226	3.5
-1.225	3.5
-1.224	3.5
-1.223	3.5
-1.222	3.5
-1.221	3.5
-1.22	3.5
-1.219	3.5
-1.218	3.5
-1.217	3.5
-1.216	3.5
-1.215	3.5
-1.214	3.5
-1.213	3.5
-1.212	3.5
-1.211	3.5
-1.21	3.5
-1.209	3.5
-1.208	3.5
-1.207	3.5
-1.206	3.5
-1.205	3.5
-1.204	3.5
-1.203	3.5
-1.202	3.5
-1.201	3.5
-1.2	3.5
-1.199	3.5
-1.198	3.5
-1.197	3.5
-1.196	3.5
-1.195	3.5
-1.194	3.5
-1.193	3.5
-1.192	3.5
-1.191	3.5
-1.19	3.5
-1.189	3.5
-1.188	3.5
-1.187	3.5
-1.186	3.5
-1.185	3.5
-1.184	3.5
-1.183	3.5
-1.182	3.5
-1.181	3.5
-1.18	3.5
-1.179	3.5
-1.178	3.5
-1.177	3.5
-1.176	3.5
-1.175	3.5
-1.174	3.5
-1.173	3.5
-1.172	3.5
-1.171	3.5
-1.17	3.5
-1.169	3.5
-1.168	3.5
-1.167	3.5
-1.166	3.5
-1.165	3.5
-1.164	3.5
-1.163	3.5
-1.162	3.5
-1.161	3.5
-1.16	3.5
-1.159	3.5
-1.158	3.5
-1.157	3.5
-1.156	3.5
-1.155	3.5
-1.154	3.5
-1.153	3.5
-1.152	3.5
-1.151	3.5
-1.15	3.5
-1.149	3.5
-1.148	3.5
-1.147	3.5
-1.146	3.5
-1.145	3.5
-1.144	3.5
-1.143	3.5
-1.142	3.5
-1.141	3.5
-1.14	3.5
-1.139	3.5
-1.138	3.5
-1.137	3.5
-1.136	3.5
-1.135	3.5
-1.134	3.5
-1.133	3.5
-1.132	3.5
-1.131	3.5
-1.13	3.5
-1.129	3.5
-1.128	3.5
-1.127	3.5
-1.126	3.5
-1.125	3.5
-1.124	3.5
-1.123	3.5
-1.122	3.5
-1.121	3.5
-1.12	3.5
-1.119	3.5
-1.118	3.5
-1.117	3.5
-1.116	3.5
-1.115	3.5
-1.114	3.5
-1.113	3.5
-1.112	3.5
-1.111	3.5
-1.11	3.5
-1.109	3.5
-1.108	3.5
-1.107	3.5
-1.106	3.5
-1.105	3.5
-1.104	3.5
-1.103	3.5
-1.102	3.5
-1.101	3.5
-1.1	3.5
-1.099	3.5
-1.098	3.5
-1.097	3.5
-1.096	3.5
-1.095	3.5
-1.094	3.5
-1.093	3.5
-1.092	3.5
-1.091	3.5
-1.09	3.5
-1.089	3.5
-1.088	3.5
-1.087	3.5
-1.086	3.5
-1.085	3.5
-1.084	3.5
-1.083	3.5
-1.082	3.5
-1.081	3.5
-1.08	3.5
-1.079	3.5
-1.078	3.5
-1.077	3.5
-1.076	3.5
-1.075	3.5
-1.074	3.5
-1.073	3.5
-1.072	3.5
-1.071	3.5
-1.07	3.5
-1.069	3.5
-1.068	3.5
-1.067	3.5
-1.066	3.5
-1.065	3.5
-1.064	3.5
-1.063	3.5
-1.062	3.5
-1.061	3.5
-1.06	3.5
-1.059	3.5
-1.058	3.5
-1.057	3.5
-1.056	3.5
-1.055	3.5
-1.054	3.5
-1.053	3.5
-1.052	3.5
-1.051	3.5
-1.05	3.5
-1.049	3.5
-1.048	3.5
-1.047	0.9333333333333333
-1.046	0.9333333333333333
-1.045	0.9333333333333333
-1.044	0.9333333333333333
-1.043	0.9333333333333333
-1.042	0.9333333333333333
-1.041	0.9333333333333333
-1.04	0.9333333333333333
-1.039	0.9333333333333333
-1.038	0.9333333333333333
-1.037	0.9333333333333333
-1.036	0.9333333333333333
-1.035	0.9333333333333333
-1.034	0.9333333333333333
-1.033	0.9333333333333333
-1.032	0.9333333333333333
-1.031	0.9333333333333333
-1.03	0.9333333333333333
-1.029	0.9333333333333333
-1.028	0.9333333333333333
-1.027	0.9333333333333333
-1.026	0.9333333333333333
-1.025	0.9333333333333333
-1.024	0.028225806451612902
-1.023	0.028225806451612902
-1.022	0.028225806451612902
-1.021	0.028225806451612902
-1.02	0.028225806451612902
-1.019	0.028225806451612902
-1.018	0.028225806451612902
-1.017	0.028225806451612902
-1.016	0.028225806451612902
-1.015	0.028225806451612902
-1.014	0.028225806451612902
-1.013	0.028225806451612902
-1.012	0.028225806451612902
-1.011	0.028225806451612902
-1.01	0.028225806451612902
-1.009	0.028225806451612902
-1.008	0.028225806451612902
-1.007	0.028225806451612902
-1.006	0.028225806451612902
-1.005	0.028225806451612902
-1.004	0.028225806451612902
-1.003	0.028225806451612902
-1.002	0.028225806451612902
-1.001	0.028225806451612902
-1.0	0.028225806451612902
-0.999	0.028225806451612902
-0.998	0.028225806451612902
-0.997	0.028225806451612902
-0.996	0.028225806451612902
-0.995	0.028225806451612902
-0.994	0.028225806451612902
-0.993	0.028225806451612902
-0.992	0.028225806451612902
-0.991	0.028225806451612902
-0.99	0.028225806451612902
-0.989	0.028225806451612902
-0.988	0.028225806451612902
-0.987	0.028225806451612902
-0.986	0.028225806451612902
-0.985	0.028225806451612902
-0.984	0.028225806451612902
-0.983	0.028225806451612902
-0.982	0.028225806451612902
-0.981	0.028225806451612902
-0.98	0.028225806451612902
-0.979	0.028225806451612902
-0.978	0.028225806451612902
-0.977	0.028225806451612902
-0.976	0.028225806451612902
-0.975	0.028225806451612902
-0.974	0.028225806451612902
-0.973	0.028225806451612902
-0.972	0.028225806451612902
-0.971	0.028225806451612902
-0.97	0.028225806451612902
-0.969	0.028225806451612902
-0.968	0.028225806451612902
-0.967	0.028225806451612902
-0.966	0.028225806451612902
-0.965	0.028225806451612902
-0.964	0.028225806451612902
-0.963	0.028225806451612902
-0.962	0.028225806451612902
-0.961	0.028225806451612902
-0.96	0.028225806451612902
-0.959	0.028225806451612902
-0.958	0.028225806451612902
-0.957	0.028225806451612902
-0.956	0.028225806451612902
-0.955	0.028225806451612902
-0.954	0.028225806451612902
-0.953	0.028225806451612902
-0.952	0.028225806451612902
-0.951	0.028225806451612902
-0.95	0.028225806451612902
-0.949	0.028225806451612902
-0.948	0.028225806451612902
-0.947	0.028225806451612902
-0.946	0.028225806451612902
-0.945	0.028225806451612902
-0.944	0.028225806451612902
-0.943	0.028225806451612902
-0.942	0.028225806451612902
-0.941	0.028225806451612902
-0.94	0.028225806451612902
-0.939	0.028225806451612902
-0.938	0.028225806451612902
-0.937	0.028225806451612902
-0.936	0.028225806451612902
-0.935	0.028225806451612902
-0.934	0.028225806451612902
-0.933	0.028225806451612902
-0.932	0.028225806451612902
-0.931	0.028225806451612902
-0.93	0.028225806451612902
-0.929	0.028225806451612902
-0.928	0.028225806451612902
-0.927	0.028225806451612902
-0.926	0.028225806451612902
-0.925	0.028225806451612902
-0.924	0.028225806451612902
-0.923	0.028225806451612902
-0.922	0.028225806451612902
-0.921	0.028225806451612902
-0.92	0.028225806451612902
-0.919	0.028225806451612902
-0.918	0.028225806451612902
-0.917	0.028225806451612902
-0.916	0.028225806451612902
-0.915	0.028225806451612902
-0.914	0.028225806451612902
-0.913	0.028225806451612902
-0.912	4.666666666666667
-0.911	4.666666666666667
-0.91	4.666666666666667
-0.909	4.666666666666667
-0.908	4.666666666666667
-0.907	4.666666666666667
-0.906	4.666666666666667
-0.905	4.666666666666667
-0.904	4.666666666666667
-0.903	4.666666666666667
-0.902	4.666666666666667
-0.901	4.666666666666667
-0.9	4.666666666666667
-0.899	4.666666666666667
-0.898	4.666666666666667
-0.897	4.666666666666667
-0.896	4.666666666666667
-0.895	4.666666666666667
-0.894	4.666666666666667
-0.893	4.666666666666667
-0.892	4.666666666666667
-0.891	4.666666666666667
-0.89	4.666666666666667
-0.889	4.666666666666667
-0.888	4.666666666666667
-0.887	4.666666666666667
-0.886	4.666666666666667
-0.885	4.666666666666667
-0.884	4.666666666666667
-0.883	4.666666666666667
-0.882	4.666666666666667
-0.881	4.666666666666667
-0.88	4.666666666666667
-0.879	4.666666666666667
-0.878	4.666666666666667
-0.877	4.666666666666667
-0.876	4.666666666666667
-0.875	4.666666666666667
-0.874	4.666666666666667
-0.873	4.666666666666667
-0.872	4.666666666666667
-0.871	4.666666666666667
-0.87	4.666666666666667
-0.869	4.666666666666667
-0.868	4.666666666666667
-0.867	4.666666666666667
-0.866	4.666666666666667
-0.865	4.666666666666667
-0.864	4.666666666666667
-0.863	4.666666666666667
-0.862	4.666666666666667
-0.861	4.666666666666667
-0.86	4.666666666666667
-0.859	4.666666666666667
-0.858	4.666666666666667
-0.857	4.666666666666667
-0.856	4.666666666666667
-0.855	4.666666666666667
-0.854	4.666666666666667
-0.853	4.666666666666667
-0.852	4.666666666666667
-0.851	4.666666666666667
-0.85	4.666666666666667
-0.849	4.666666666666667
-0.848	4.666666666666667
-0.847	4.666666666666667
-0.846	4.666666666666667
-0.845	4.666666666666667
-0.844	4.666666666666667
-0.843	4.666666666666667
-0.842	4.666666666666667
-0.841	4.666666666666667
-0.84	4.666666666666667
-0.839	4.666666666666667
-0.838	4.666666666666667
-0.837	4.666666666666667
-0.836	4.666666666666667
-0.835	4.666666666666667
-0.834	4.666666666666667
-0.833	4.666666666666667
-0.832	4.666666666666667
-0.831	4.666666666666667
-0.83	4.666666666666667
-0.829	4.666666666666667
-0.828	4.666666666666667
-0.827	4.666666666666667
-0.826	4.666666666666667
-0.825	4.666666666666667
-0.824	4.666666666666667
-0.823	4.666666666666667
-0.822	4.666666666666667
-0.821	4.666666666666667
-0.82	4.666666666666667
-0.819	4.666666666666667
-0.818	4.666666666666667
-0.817	4.666666666666667
-0.816	4.666666666666667
-0.815	4.666666666666667
-0.814	4.666666666666667
-0.813	4.666666666666667
-0.812	4.666666666666667
-0.811	4.666666666666667
-0.81	4.666666666666667
-0.809	4.666666666666667
-0.808	4.666666666666667
-0.807	4.666666666666667
-0.806	4.666666666666667
-0.805	4.666666666666667
-0.804	4.666666666666667
-0.803	4.666666666666667
-0.802	4.666666666666667
-0.801	4.666666666666667
-0.8	4.666666666666667
-0.799	4.666666666666667
-0.798	4.666666666666667
-0.797	4.666666666666667
-0.796	4.666666666666667
-0.795	4.666666666666667
-0.794	4.666666666666667
-0.793	4.666666666666667
-0.792	4.666666666666667
-0.791	4.666666666666667
-0.79	4.666666666666667
-0.789	4.666666666666667
-0.788	4.666666666666667
-0.787	4.666666666666667
-0.786	4.666666666666667
-0.785	4.666666666666667
-0.784	4.666666666666667
-0.783	4.666666666666667
-0.782	4.666666666666667
-0.781	4.666666666666667
-0.78	4.666666666666667
-0.779	4.666666666666667
-0.778	4.666666666666667
-0.777	4.666666666666667
-0.776	4.666666666666667
-0.775	4.666666666666667
-0.774	4.666666666666667
-0.773	4.666666666666667
-0.772	4.666666666666667
-0.771	4.666666666666667
-0.77	4.666666666666667
-0.769	4.666666666666667
-0.768	4.666666666666667
-0.767	4.666666666666667
-0.766	4.666666666666667
-0.765	4.666666666666667
-0.764	4.666666666666667
-0.763	4.666666666666667
-0.762	4.666666666666667
-0.761	4.666666666666667
-0.76	4.666666666666667
-0.759	4.666666666666667
-0.758	4.666666666666667
-0.757	4.666666666666667
-0.756	4.666666666666667
-0.755	4.666666666666667
-0.754	4.666666666666667
-0.753	4.666666666666667
-0.752	4.666666666666667
-0.751	4.666666666666667
-0.75	4.666666666666667
-0.749	4.666666666666667
-0.748	4.666666666666667
-0.747	4.666666666666667
-0.746	4.666666666666667
-0.745	4.666666666666667
-0.744	4.666666666666667
-0.743	4.666666666666667
-0.742	4.666666666666667
-0.741	4.666666666666667
-0.74	4.666666666666667
-0.739	4.666666666666667
-0.738	4.666666666666667
-0.737	4.666666666666667
-0.736	4.666666666666667
-0.735	4.666666666666667
-0.734	4.666666666666667
-0.733	4.666666666666667
-0.732	4.666666666666667
-0.731	4.666666666666667
-0.73	4.666666666666667
-0.729	4.666666666666667
-0.728	4.666666666666667
-0.727	4.666666666666667
-0.726	4.666666666666667
-0.725	4.666666666666667
-0.724	4.666666666666667
-0.723	4.666666666666667
-0.722	4.666666666666667
-0.721	4.666666666666667
-0.72	4.666666666666667
-0.719	4.666666666666667
-0.718	4.666666666666667
-0.717	4.666666666666667
-0.716	4.666666666666667
-0.715	4.666666666666667
-0.714	4.666666666666667
-0.713	4.666666666666667
-0.712	4.666666666666667
-0.711	4.666666666666667
-0.71	4.666666666666667
-0.709	4.666666666666667
-0.708	4.666666666666667
-0.707	4.666666666666667
-0.706	4.666666666666667
-0.705	4.666666666666667
-0.704	4.666666666666667
-0.703	4.666666666666667
-0.702	4.666666666666667
-0.701	4.666666666666667
-0.7	4.666666666666667
-0.699	4.666666666666667
-0.698	4.666666666666667
-0.697	4.666666666666667
-0.696	4.666666666666667
-0.695	4.666666666666667
-0.694	4.666666666666667
-0.693	4.666666666666667
-0.692	4.666666666666667
-0.691	4.666666666666667
-0.69	4.666666666666667
-0.689	4.666666666666667
-0.688	4.666666666666667
-0.687	4.666666666666667
-0.686	4.666666666666667
-0.685	4.666666666666667
-0.684	4.666666666666667
-0.683	4.666666666666667
-0.682	4.666666666666667
-0.681	4.666666666666667
-0.68	4.666666666666667
-0.679	4.666666666666667
-0.678	4.666666666666667
-0.677	4.666666666666667
-0.676	4.666666666666667
-0.675	4.666666666666667
-0.674	4.666666666666667
-0.673	4.666666666666667
-0.672	4.666666666666667
-0.671	4.666666666666667
-0.67	4.666666666666667
-0.669	4.666666666666667
-0.668	4.666666666666667
-0.667	4.666666666666667
-0.666	4.666666666666667
-0.665	4.666666666666667
-0.664	4.666666666666667
-0.663	4.666666666666667
-0.662	4.666666666666667
-0.661	4.666666666666667
-0.66	4.666666666666667
-0.659	4.666666666666667
-0.658	4.666666666666667
-0.657	4.666666666666667
-0.656	4.666666666666667
-0.655	4.666666666666667
-0.654	4.666666666666667
-0.653	4.666666666666667
-0.652	4.666666666666667
-0.651	4.666666666666667
-0.65	4.666666666666667
-0.649	4.666666666666667
-0.648	4.666666666666667
-0.647	4.666666666666667
-0.646	4.666666666666667
-0.645	4.666666666666667
-0.644	4.666666666666667
-0.643	4.666666666666667
-0.642	4.666666666666667
-0.641	4.666666666666667
-0.64	4.666666666666667
-0.639	4.666666666666667
-0.638	4.666666666666667
-0.637	4.666666666666667
-0.636	4.666666666666667
-0.635	4.666666666666667
-0.634	4.666666666666667
-0.633	4.666666666666667
-0.632	4.666666666666667
-0.631	4.666666666666667
-0.63	4.666666666666667
-0.629	4.666666666666667
-0.628	4.666666666666667
-0.627	4.666666666666667
-0.626	4.666666666666667
-0.625	4.666666666666667
-0.624	4.666666666666667
-0.623	4.666666666666667
-0.622	4.666666666666667
-0.621	4.666666666666667
-0.62	4.666666666666667
-0.619	4.666666666666667
-0.618	4.666666666666667
-0.617	4.666666666666667
-0.616	4.666666666666667
-0.615	4.666666666666667
-0.614	4.666666666666667
-0.613	4.666666666666667
-0.612	4.666666666666667
-0.611	4.666666666666667
-0.61	4.666666666666667
-0.609	4.666666666666667
-0.608	4.666666666666667
-0.607	4.666666666666667
-0.606	4.666666666666667
-0.605	4.666666666666667
-0.604	4.666666666666667
-0.603	4.666666666666667
-0.602	4.666666666666667
-0.601	4.666666666666667
-0.6	4.666666666666667
-0.599	4.666666666666667
-0.598	4.666666666666667
-0.597	4.666666666666667
-0.596	4.666666666666667
-0.595	4.666666666666667
-0.594	4.666666666666667
-0.593	4.666666666666667
-0.592	4.666666666666667
-0.591	4.666666666666667
-0.59	4.666666666666667
-0.589	4.666666666666667
-0.588	4.666666666666667
-0.587	4.666666666666667
-0.586	4.666666666666667
-0.585	4.666666666666667
-0.584	4.666666666666667
-0.583	4.666666666666667
-0.582	4.666666666666667
-0.581	4.666666666666667
-0.58	4.666666666666667
-0.579	4.666666666666667
-0.578	4.666666666666667
-0.577	4.666666666666667
-0.576	4.666666666666667
-0.575	4.666666666666667
-0.574	4.666666666666667
-0.573	4.666666666666667
-0.572	4.666666666666667
-0.571	4.666666666666667
-0.57	4.666666666666667
-0.569	4.666666666666667
-0.568	4.666666666666667
-0.567	4.666666666666667
-0.566	4.666666666666667
-0.565	4.666666666666667
-0.564	4.666666666666667
-0.563	4.666666666666667
-0.562	4.666666666666667
-0.561	4.666666666666667
-0.56	4.666666666666667
-0.559	4.666666666666667
-0.558	4.666666666666667
-0.557	4.666666666666667
-0.556	4.666666666666667
-0.555	4.666666666666667
-0.554	4.666666666666667
-0.553	4.666666666666667
-0.552	4.666666666666667
-0.551	4.666666666666667
-0.55	4.666666666666667
-0.549	4.666666666666667
-0.548	4.666666666666667
-0.547	4.666666666666667
-0.546	4.666666666666667
-0.545	4.666666666666667
-0.544	4.666666666666667
-0.543	4.666666666666667
-0.542	4.666666666666667
-0.541	4.666666666666667
-0.54	3.0
-0.539	3.0
-0.538	3.0
-0.537	3.0
-0.536	3.0
-0.535	3.0
-0.534	3.0
-0.533	3.0
-0.532	3.0
-0.531	3.0
-0.53	3.0
-0.529	3.0
-0.528	3.0
-0.527	3.0
-0.526	3.0
-0.525	3.0
-0.524	3.0
-0.523	3.0
-0.522	3.0
-0.521	3.0
-0.52	3.0
-0.519	3.0
-0.518	3.0
-0.517	3.0
-0.516	3.0
-0.515	3.0
-0.514	3.0
-0.513	3.0
-0.512	3.0
-0.511	3.0
-0.51	3.0
-0.509	3.0
-0.508	3.0
-0.507	3.0
-0.506	3.0
-0.505	3.0
-0.504	3.0
-0.503	3.0
-0.502	3.0
-0.501	3.0
-0.5	3.0
-0.499	3.0
-0.498	3.0
-0.497	3.0
-0.496	3.0
-0.495	3.0
-0.494	3.0
-0.493	3.0
-0.492	3.0
-0.491	3.0
-0.49	3.0
-0.489	3.0
-0.488	3.0
-0.487	3.0
-0.486	3.0
-0.485	3.0
-0.484	3.0
-0.483	3.0
-0.482	3.0
-0.481	3.0
-0.48	3.0
-0.479	3.0
-0.478	3.0
-0.477	3.0
-0.476	3.0
-0.475	3.0
-0.474	3.0
-0.473	3.0
-0.472	3.0
-0.471	3.0
-0.47	3.0
-0.469	3.0
-0.468	3.0
-0.467	3.0
-0.466	3.0
-0.465	3.0
-0.464	3.0
-0.463	3.0
-0.462	3.0
-0.461	3.0
-0.46	3.0
-0.459	3.0
-0.458	3.0
-0.457	3.0
-0.456	3.0
-0.455	3.0
-0.454	3.0
-0.453	3.0
-0.452	3.0
-0.451	3.0
-0.45	3.0
-0.449	3.0
-0.448	3.0
-0.447	3.0
-0.446	3.0
-0.445	3.0
-0.444	3.0
-0.443	3.0
-0.442	3.0
-0.441	3.0
-0.44	3.0
-0.439	3.0
-0.438	3.0
-0.437	3.0
-0.436	3.0
-0.435	3.0
-0.434	3.0
-0.433	3.0
-0.432	3.0
-0.431	3.0
-0.43	3.0
-0.429	3.0
-0.428	3.0
-0.427	3.0
-0.426	3.0
-0.425	3.0
-0.424	3.0
-0.423	3.0
-0.422	3.0
-0.421	3.0
-0.42	3.0
-0.419	3.0
-0.418	3.0
-0.417	3.0
-0.416	3.0
-0.415	3.0
-0.414	3.0
-0.413	3.0
-0.412	3.0
-0.411	3.0
-0.41	3.0
-0.409	3.0
-0.408	3.0
-0.407	3.0
-0.406	3.0
-0.405	3.0
-0.404	3.0
-0.403	3.0
-0.402	3.0
-0.401	3.0
-0.4	3.0
-0.399	3.0
-0.398	3.0
-0.397	3.0
-0.396	3.0
-0.395	3.0
-0.394	3.0
-0.393	3.0
-0.392	3.0
-0.391	3.0
-0.39	3.0
-0.389	3.0
-0.388	3.0
-0.387	3.0
-0.386	3.0
-0.385	3.0
-0.384	3.0
-0.383	3.0
-0.382	3.0
-0.381	3.0
-0.38	3.0
-0.379	3.0
-0.378	3.0
-0.377	3.0
-0.376	3.0
-0.375	3.0
-0.374	3.0
-0.373	3.0
-0.372	3.0
-0.371	3.0
-0.37	3.0
-0.369	3.0
-0.368	3.0
-0.367	3.0
-0.366	3.0
-0.365	3.0
-0.364	3.0
-0.363	3.0
-0.362	3.0
-0.361	3.0
-0.36	3.0
-0.359	3.0
-0.358	3.0
-0.357	3.0
-0.356	3.0
-0.355	3.0
-0.354	3.0
-0.353	3.0
-0.352	3.0
-0.351	3.0
-0.35	3.0
-0.349	3.0
-0.348	3.0
-0.347	3.0
-0.346	3.0
-0.345	3.0
-0.344	3.0
-0.343	3.0
-0.342	3.0
-0.341	3.0
-0.34	3.0
-0.339	3.0
-0.338	3.0
-0.337	3.0
-0.336	3.0
-0.335	3.0
-0.334	3.0
-0.333	3.0
-0.332	3.0
-0.331	3.0
-0.33	3.0
-0.329	3.0
-0.328	3.0
-0.327	3.0
-0.326	3.0
-0.325	3.0
-0.324	3.0
-0.323	3.0
-0.322	3.0
-0.321	3.0
-0.32	3.0
-0.319	3.0
-0.318	3.0
-0.317	3.0
-0.316	3.0
-0.315	3.0
-0.314	3.0
-0.313	3.0
-0.312	3.0
-0.311	3.0
-0.31	3.0
-0.309	3.0
-0.308	3.0
-0.307	3.0
-0.306	3.0
-0.305	3.0
-0.304	3.0
-0.303	3.0
-0.302	3.0
-0.301	3.0
-0.3	3.0
-0.299	3.0
-0.298	3.0
-0.297	3.0
-0.296	3.0
-0.295	3.0
-0.294	3.0
-0.293	3.0
-0.292	3.0
-0.291	3.0
-0.29	3.0
-0.289	3.0
-0.288	3.0
-0.287	3.0
-0.286	3.0
-0.285	3.0
-0.284	3.0
-0.283	3.0
-0.282	3.0
-0.281	3.0
-0.28	3.0
-0.279	3.0
-0.278	3.0
-0.277	3.0
-0.276	3.0
-0.275	3.0
-0.274	3.0
-0.273	3.0
-0.272	3.0
-0.271	3.0
-0.27	3.0
-0.269	3.0
-0.268	3.0
-0.267	3.0
-0.266	3.0
-0.265	3.0
-0.264	3.0
-0.263	3.0
-0.262	3.0
-0.261	3.0
-0.26	3.0
-0.259	3.0
-0.258	3.0
-0.257	3.0
-0.256	3.0
-0.255	3.0
-0.254	3.0
-0.253	3.0
-0.252	3.0
-0.251	3.0
-0.25	3.0
-0.249	3.0
-0.248	3.0
-0.247	3.0
-0.246	3.0
-0.245	3.0
-0.244	3.0
-0.243	3.0
-0.242	3.0
-0.241	3.0
-0.24	3.0
-0.239	3.0
-0.238	3.0
-0.237	3.0
-0.236	3.0
-0.235	3.0
-0.234	3.0
-0.233	3.0
-0.232	3.0
-0.231	3.0
-0.23	3.0
-0.229	3.0
-0.228	3.0
-0.227	3.0
-0.226	3.0
-0.225	3.0
-0.224	3.0
-0.223	3.0
-0.222	3.0
-0.221	3.0
-0.22	3.0
-0.219	3.0
-0.218	3.0
-0.217	3.0
-0.216	3.0
-0.215	3.0
-0.214	3.0
-0.213	3.0
-0.212	3.0
-0.211	3.0
-0.21	3.0
-0.209	3.0
-0.208	3.0
-0.207	3.0
-0.206	3.0
-0.205	3.0
-0.204	3.0
-0.203	3.0
-0.202	3.0
-0.201	3.0
-0.2	3.0
-0.199	3.0
-0.198	3.0
-0.197	3.0
-0.196	3.0
-0.195	3.0
-0.194	3.0
-0.193	3.0
-0.192	3.0
-0.191	3.0
-0.19	3.0
-0.189	3.0
-0.188	3.0
-0.187	3.0
-0.186	3.0
-0.185	3.0
-0.184	3.0
-0.183	3.0
-0.182	3.0
-0.181	3.0
-0.18	3.0
-0.179	3.0
-0.178	3.0
-0.177	3.0
-0.176	3.0
-0.175	3.0
-0.174	3.0
-0.173	3.0
-0.172	3.0
-0.171	3.0
-0.17	3.0
-0.169	3.0
-0.168	3.0
-0.167	3.0
-0.166	3.0
-0.165	3.0
-0.164	3.0
-0.163	3.0
-0.162	3.0
-0.161	3.0
-0.16	3.0
-0.159	3.0
-0.158	3.0
-0.157	3.0
-0.156	3.0
-0.155	3.0
-0.154	3.0
-0.153	3.0
-0.152	3.0
-0.151	3.0
-0.15	3.0
-0.149	3.0
-0.148	3.0
-0.147	3.0
-0.146	3.0
-0.145	3.0
-0.144	3.0
-0.143	3.0
-0.142	3.0
-0.141	3.0
-0.14	3.0
-0.139	3.0
-0.138	3.0
-0.137	3.0
-0.136	3.0
-0.135	3.0
-0.134	3.0
-0.133	3.0
-0.132	3.0
-0.131	3.0
-0.13	3.0
-0.129	3.0
-0.128	3.0
-0.127	3.0
-0.126	3.0
-0.125	3.0
-0.124	3.0
-0.123	3.0
-0.122	3.0
-0.121	3.0
-0.12	3.0
-0.119	3.0
-0.118	3.0
-0.117	3.0
-0.116	3.0
-0.115	3.0
-0.114	3.0
-0.113	3.0
-0.112	3.0
-0.111	3.0
-0.11	3.0
-0.109	3.0
-0.108	3.0
-0.107	3.0
-0.106	3.0
-0.105	3.0
-0.104	3.0
-0.103	3.0
-0.102	3.0
-0.101	3.0
-0.1	3.0
-0.099	3.0
-0.098	3.0
-0.097	3.0
-0.096	3.0
-0.095	3.0
-0.094	3.0
-0.093	3.0
-0.092	3.0
-0.091	3.0
-0.09	3.0
-0.089	3.0
-0.088	3.0
-0.087	3.0
-0.086	3.0
-0.085	3.0
-0.084	3.0
-0.083	3.0
-0.082	3.0
-0.081	3.0
-0.08	3.0
-0.079	3.0
-0.078	3.0
-0.077	3.0
-0.076	3.0
-0.075	3.0
-0.074	3.0
-0.073	3.0
-0.072	3.0
-0.071	3.0
-0.07	3.0
-0.069	3.0
-0.068	3.0
-0.067	3.0
-0.066	3.0
-0.065	3.0
-0.064	3.0
-0.063	3.0
-0.062	3.0
-0.061	3.0
-0.06	3.0
-0.059	3.0
-0.058	3.0
-0.057	3.0
-0.056	3.0
-0.055	3.0
-0.054	3.0
-0.053	3.0
-0.052	3.0
-0.051	3.0
-0.05	3.0
-0.049	3.0
-0.048	3.0
-0.047	3.0
-0.046	3.0
-0.045	3.0
-0.044	3.0
-0.043	3.0
-0.042	3.0
-0.041	3.0
-0.04	3.0
-0.039	3.0
-0.038	3.0
-0.037	3.0
-0.036	3.0
-0.035	3.0
-0.034	3.0
-0.033	3.0
-0.032	3.0
-0.031	3.0
-0.03	3.0
-0.029	3.0
-0.028	3.0
-0.027	3.0
-0.026	3.0
-0.025	3.0
-0.024	3.0
-0.023	3.0
-0.022	3.0
-0.021	3.0
-0.02	3.0
-0.019	3.0
-0.018	3.0
-0.017	3.0
-0.016	3.0
-0.015	3.0
-0.014	3.0
-0.013	3.0
-0.012	3.0
-0.011	3.0
-0.01	3.0
-0.009	3.0
-0.008	3.0
-0.007	3.0
-0.006	3.0
-0.005	3.0
-0.004	3.0
-0.003	3.0
-0.002	3.0
-0.001	3.0
0.0	3.0
0.001	3.0
0.002	3.0
0.003	3.0
0.004	3.0
0.005	3.0
0.006	3.0
0.007	3.0
0.008	3.0
0.009	3.0
0.01	3.0
0.011	3.0
0.012	3.0
0.013	3.0
0.014	3.0
0.015	3.0
0.016	3.0
0.017	3.0
0.018	3.0
0.019	3.0
0.02	3.0
0.021	3.0
0.022	3.0
0.023	3.0
0.024	3.0
0.025	3.0
0.026	3.0
0.027	3.0
0.028	3.0
0.029	3.0
0.03	3.0
0.031	3.0
0.032	3.0
0.033	3.0
0.034	3.0
0.035	3.0
0.036	3.0
0.037	3.0
0.038	3.0
0.039	3.0
0.04	3.0
0.041	3.0
0.042	3.0
0.043	3.0
0.044	3.0
0.045	3.0
0.046	3.0
0.047	3.0
0.048	3.0
0.049	3.0
0.05	9.0
0.051	9.0
0.052	9.0
0.053	9.0
0.054	9.0
0.055	9.0
0.056	9.0
0.057	9.0
0.058	9.0
0.059	9.0
0.06	9.0
0.061	9.0
0.062	9.0
0.063	9.0
0.064	9.0
0.065	9.0
0.066	9.0
0.067	9.0
0.068	9.0
0.069	9.0
0.07	9.0
0.071	9.0
0.072	9.0
0.073	9.0
0.074	9.0
0.075	9.0
0.076	9.0
0.077	9.0
0.078	9.0
0.079	9.0
0.08	9.0
0.081	9.0
0.082	9.0
0.083	9.0
0.084	9.0
0.085	9.0
0.086	9.0
0.087	9.0
0.088	9.0
0.089	9.0
0.09	9.0
0.091	9.0
0.092	9.0
0.093	9.0
0.094	9.0
0.095	9.0
0.096	9.0
0.097	9.0
0.098	9.0
0.099	9.0
0.1	9.0
0.101	9.0
0.102	9.0
0.103	9.0
0.104	9.0
0.105	9.0
0.106	9.0
0.107	9.0
0.108	9.0
0.109	9.0
0.11	9.0
0.111	9.0
0.112	9.0
0.113	9.0
0.114	9.0
0.115	9.0
0.116	9.0
0.117	9.0
0.118	9.0
0.119	9.0
0.12	9.0
0.121	9.0
0.122	9.0
0.123	9.0
0.124	9.0
0.125	9.0
0.126	9.0
0.127	9.0
0.128	9.0
0.129	9.0
0.13	9.0
0.131	9.0
0.132	9.0
0.133	9.0
0.134	9.0
0.135	9.0
0.136	9.0
0.137	9.0
0.138	9.0
0.139	9.0
0.14	9.0
0.141	9.0
0.142	9.0
0.143	9.0
0.144	9.0
0.145	9.0
0.146	9.0
0.147	9.0
0.148	9.0
0.149	9.0
0.15	9.0
0.151	9.0
0.152	9.0
0.153	9.0
0.154	9.0
0.155	9.0
0.156	9.0
0.157	9.0
0.158	9.0
0.159	9.0
0.16	9.0
0.161	9.0
0.162	9.0
0.163	9.0
0.164	9.0
0.165	9.0
0.166	9.0
0.167	9.0
0.168	9.0
0.169	9.0
0.17	9.0
0.171	9.0
0.172	9.0
0.173	9.0
0.174	9.0
0.175	9.0
0.176	9.0
0.177	9.0
0.178	9.0
0.179	9.0
0.18	9.0
0.181	9.0
0.182	9.0
0.183	9.0
0.184	9.0
0.185	9.0
0.186	9.0
0.187	9.0
0.188	9.0
0.189	9.0
0.19	9.0
0.191	9.0
0.192	9.0
0.193	9.0
0.194	9.0
0.195	9.0
0.196	9.0
0.197	9.0
0.198	9.0
0.199	9.0
0.2	9.0
0.201	9.0
0.202	9.0
0.203	9.0
0.204	9.0
0.205	9.0
0.206	9.0
0.207	9.0
0.208	9.0
0.209	9.0
0.21	9.0
0.211	9.0
0.212	9.0
0.213	9.0
0.214	9.0
0.215	9.0
0.216	9.0
0.217	9.0
0.218	9.0
0.219	9.0
0.22	9.0
0.221	9.0
0.222	9.0
0.223	9.0
0.224	9.0
0.225	9.0
0.226	9.0
0.227	9.0
0.228	9.0
0.229	9.0
0.23	9.0
0.231	9.0
0.232	9.0
0.233	9.0
0.234	9.0
0.235	9.0
0.236	9.0
0.237	9.0
0.238	9.0
0.239	9.0
0.24	9.0
0.241	9.0
0.242	9.0
0.243	9.0
0.244	9.0
0.245	9.0
0.246	9.0
0.247	9.0
0.248	9.0
0.249	9.0
0.25	9.0
0.251	9.0
0.252	9.0
0.253	9.0
0.254	9.0
0.255	9.0
0.256	9.0
0.257	9.0
0.258	9.0
0.259	9.0
0.26	9.0
0.261	9.0
0.262	9.0
0.263	9.0
0.264	9.0
0.265	9.0
0.266	9.0
0.267	9.0
0.268	9.0
0.269	9.0
0.27	9.0
0.271	9.0
0.272	9.0
0.273	9.0
0.274	9.0
0.275	9.0
0.276	9.0
0.277	9.0
0.278	9.0
0.279	9.0
0.28	9.0
0.281	9.0
0.282	9.0
0.283	9.0
0.284	9.0
0.285	9.0
0.286	9.0
0.287	9.0
0.288	9.0
0.289	9.0
0.29	9.0
0.291	9.0
0.292	9.0
0.293	9.0
0.294	9.0
0.295	9.0
0.296	9.0
0.297	9.0
0.298	9.0
0.299	9.0
0.3	9.0
0.301	9.0
0.302	9.0
0.303	9.0
0.304	9.0
0.305	9.0
0.306	9.0
0.307	9.0
0.308	9.0
0.309	9.0
0.31	9.0
0.311	9.0
0.312	9.0
0.313	9.0
0.314	9.0
0.315	9.0
0.316	9.0
0.317	9.0
0.318	9.0
0.319	9.0
0.32	9.0
0.321	9.0
0.322	9.0
0.323	9.0
0.324	9.0
0.325	9.0
0.326	9.0
0.327	9.0
0.328	9.0
0.329	9.0
0.33	9.0
0.331	9.0
0.332	9.0
0.333	9.0
0.334	9.0
0.335	9.0
0.336	9.0
0.337	9.0
0.338	9.0
0.339	9.0
0.34	9.0
0.341	9.0
0.342	9.0
0.343	9.0
0.344	9.0
0.345	9.0
0.346	9.0
0.347	9.0
0.348	9.0
0.349	9.0
0.35	9.0
0.351	9.0
0.352	9.0
0.353	9.0
0.354	9.0
0.355	9.0
0.356	9.0
0.357	9.0
0.358	9.0
0.359	9.0
0.36	9.0
0.361	9.0
0.362	9.0
0.363	9.0
0.364	9.0
0.365	9.0
0.366	9.0
0.367	9.0
0.368	9.0
0.369	9.0
0.37	9.0
0.371	9.0
0.372	9.0
0.373	9.0
0.374	9.0
0.375	9.0
0.376	9.0
0.377	9.0
0.378	9.0
0.379	9.0
0.38	9.0
0.381	9.0
0.382	9.0
0.383	9.0
0.384	9.0
0.385	9.0
0.386	9.0
0.387	9.0
0.388	9.0
0.389	9.0
0.39	9.0
0.391	9.0
0.392	9.0
0.393	9.0
0.394	9.0
0.395	9.0
0.396	9.0
0.397	9.0
0.398	9.0
0.399	9.0
0.4	9.0
0.401	9.0
0.402	9.0
0.403	9.0
0.404	9.0
0.405	9.0
0.406	9.0
0.407	9.0
0.408	9.0
0.409	9.0
0.41	9.0
0.411	9.0
0.412	9.0
0.413	9.0
0.414	9.0
0.415	9.0
0.416	9.0
0.417	9.0
0.418	9.0
0.419	9.0
0.42	9.0
0.421	9.0
0.422	9.0
0.423	9.0
0.424	9.0
0.425	9.0
0.426	9.0
0.427	9.0
0.428	9.0
0.429	9.0
0.43	9.0
0.431	9.0
0.432	9.0
0.433	9.0
0.434	9.0
0.435	9.0
0.436	9.0
0.437	9.0
0.438	9.0
0.439	9.0
0.44	9.0
0.441	9.0
0.442	9.0
0.443	9.0
0.444	9.0
0.445	9.0
0.446	9.0
0.447	9.0
0.448	9.0
0.449	9.0
0.45	9.0
0.451	9.0
0.452	9.0
0.453	9.0
0.454	9.0
0.455	9.0
0.456	9.0
0.457	9.0
0.458	9.0
0.459	9.0
0.46	9.0
0.461	9.0
0.462	9.0
0.463	9.0
0.464	9.0
0.465	9.0
0.466	9.0
0.467	9.0
0.468	9.0
0.469	9.0
0.47	9.0
0.471	9.0
0.472	9.0
0.473	9.0
0.474	9.0
0.475	9.0
0.476	9.0
0.477	9.0
0.478	9.0
0.479	9.0
0.48	9.0
0.481	9.0
0.482	9.0
0.483	9.0
0.484	9.0
0.485	9.0
0.486	9.0
0.487	9.0
0.488	9.0
0.489	9.0
0.49	9.0
0.491	9.0
0.492	9.0
0.493	9.0
0.494	9.0
0.495	9.0
0.496	9.0
0.497	9.0
0.498	9.0
0.499	9.0
0.5	9.0
0.501	9.0
0.502	9.0
0.503	9.0
0.504	9.0
0.505	9.0
0.506	9.0
0.507	9.0
0.508	9.0
0.509	9.0
0.51	9.0
0.511	9.0
0.512	9.0
0.513	9.0
0.514	9.0
0.515	9.0
0.516	9.0
0.517	9.0
0.518	9.0
0.519	9.0
0.52	9.0
0.521	9.0
0.522	9.0
0.523	9.0
0.524	9.0
0.525	9.0
0.526	9.0
0.527	9.0
0.528	9.0
0.529	9.0
0.53	9.0
0.531	9.0
0.532	9.0
0.533	9.0
0.534	9.0
0.535	9.0
0.536	9.0
0.537	9.0
0.538	9.0
0.539	9.0
0.54	9.0
0.541	9.0
0.542	9.0
0.543	9.0
0.544	9.0
0.545	9.0
0.546	9.0
0.547	9.0
0.548	9.0
0.549	9.0
0.55	9.0
0.551	9.0
0.552	9.0
0.553	9.0
0.554	9.0
0.555	9.0
0.556	9.0
0.557	9.0
0.558	9.0
0.559	9.0
0.56	9.0
0.561	9.0
0.562	9.0
0.563	9.0
0.564	9.0
0.565	9.0
0.566	9.0
0.567	9.0
0.568	9.0
0.569	9.0
0.57	9.0
0.571	9.0
0.572	9.0
0.573	9.0
0.574	9.0
0.575	9.0
0.576	9.0
0.577	9.0
0.578	9.0
0.579	9.0
0.58	9.0
0.581	9.0
0.582	9.0
0.583	9.0
0.584	9.0
0.585	9.0
0.586	9.0
0.587	9.0
0.588	9.0
0.589	9.0
0.59	9.0
0.591	9.0
0.592	9.0
0.593	9.0
0.594	9.0
0.595	9.0
0.596	9.0
0.597	9.0
0.598	9.0
0.599	9.0
0.6	9.0
0.601	9.0
0.602	9.0
0.603	9.0
0.604	9.0
0.605	9.0
0.606	9.0
0.607	9.0
0.608	9.0
0.609	9.0
0.61	9.0
0.611	9.0
0.612	9.0
0.613	9.0
0.614	9.0
0.615	9.0
0.616	9.0
0.617	9.0
0.618	9.0
0.619	9.0
0.62	9.0
0.621	9.0
0.622	9.0
0.623	9.0
0.624	9.0
0.625	9.0
0.626	9.0
0.627	9.0
0.628	9.0
0.629	9.0
0.63	9.0
0.631	9.0
0.632	9.0
0.633	9.0
0.634	9.0
0.635	9.0
0.636	9.0
0.637	9.0
0.638	9.0
0.639	9.0
0.64	9.0
0.641	9.0
0.642	9.0
0.643	9.0
0.644	9.0
0.645	9.0
0.646	9.0
0.647	9.0
0.648	9.0
0.649	9.0
0.65	9.0
0.651	9.0
0.652	9.0
0.653	9.0
0.654	9.0
0.655	9.0
0.656	9.0
0.657	9.0
0.658	9.0
0.659	9.0
0.66	9.0
0.661	9.0
0.662	9.0
0.663	9.0
0.664	9.0
0.665	9.0
0.666	9.0
0.667	9.0
0.668	9.0
0.669	9.0
0.67	9.0
0.671	9.0
0.672	9.0
0.673	9.0
0.674	9.0
0.675	9.0
0.676	9.0
0.677	9.0
0.678	9.0
0.679	9.0
0.68	9.0
0.681	9.0
0.682	9.0
0.683	9.0
0.684	9.0
0.685	9.0
0.686	9.0
0.687	9.0
0.688	9.0
0.689	9.0
0.69	9.0
0.691	9.0
0.692	9.0
0.693	9.0
0.694	9.0
0.695	9.0
0.696	9.0
0.697	9.0
0.698	9.0
0.699	9.0
0.7	9.0
0.701	9.0
0.702	9.0
0.703	9.0
0.704	9.0
0.705	9.0
0.706	9.0
0.707	9.0
0.708	9.0
0.709	9.0
0.71	9.0
0.711	9.0
0.712	9.0
0.713	9.0
0.714	9.0
0.715	9.0
0.716	9.0
0.717	9.0
0.718	9.0
0.719	9.0
0.72	9.0
0.721	9.0
0.722	9.0
0.723	9.0
0.724	9.0
0.725	9.0
0.726	9.0
0.727	9.0
0.728	9.0
0.729	9.0
0.73	9.0
0.731	9.0
0.732	9.0
0.733	9.0
0.734	9.0
0.735	9.0
0.736	9.0
0.737	9.0
0.738	9.0
0.739	9.0
0.74	9.0
0.741	9.0
0.742	9.0
0.743	9.0
0.744	9.0
0.745	9.0
0.746	9.0
0.747	9.0
0.748	9.0
0.749	9.0
0.75	9.0
0.751	9.0
0.752	9.0
0.753	9.0
0.754	9.0
0.755	9.0
0.756	9.0
0.757	9.0
0.758	9.0
0.759	9.0
0.76	9.0
0.761	9.0
0.762	9.0
0.763	9.0
0.764	9.0
0.765	9.0
0.766	9.0
0.767	9.0
0.768	9.0
0.769	9.0
0.77	9.0
0.771	9.0
0.772	9.0
0.773	9.0
0.774	9.0
0.775	9.0
0.776	9.0
0.777	9.0
0.778	9.0
0.779	9.0
0.78	9.0
0.781	9.0
0.782	9.0
0.783	9.0
0.784	9.0
0.785	9.0
0.786	9.0
0.787	9.0
0.788	9.0
0.789	9.0
0.79	9.0
0.791	9.0
0.792	9.0
0.793	9.0
0.794	9.0
0.795	9.0
0.796	9.0
0.797	9.0
0.798	9.0
0.799	9.0
0.8	9.0
0.801	9.0
0.802	9.0
0.803	9.0
0.804	9.0
0.805	9.0
0.806	9.0
0.807	9.0
0.808	9.0
0.809	9.0
0.81	9.0
0.811	9.0
0.812	9.0
0.813	9.0
0.814	9.0
0.815	9.0
0.816	9.0
0.817	9.0
0.818	9.0
0.819	9.0
0.82	9.0
0.821	9.0
0.822	9.0
0.823	9.0
0.824	9.0
0.825	9.0
0.826	9.0
0.827	9.0
0.828	9.0
0.829	9.0
0.83	9.0
0.831	9.0
0.832	9.0
0.833	9.0
0.834	9.0
0.835	9.0
0.836	9.0
0.837	9.0
0.838	9.0
0.839	9.0
0.84	9.0
0.841	9.0
0.842	9.0
0.843	9.0
0.844	9.0
0.845	9.0
0.846	9.0
0.847	9.0
0.848	9.0
0.849	9.0
0.85	9.0
0.851	9.0
0.852	9.0
0.853	9.0
0.854	9.0
0.855	9.0
0.856	9.0
0.857	9.0
0.858	9.0
0.859	9.0
0.86	9.0
0.861	9.0
0.862	9.0
0.863	9.0
0.864	9.0
0.865	9.0
0.866	9.0
0.867	9.0
0.868	9.0
0.869	9.0
0.87	9.0
0.871	9.0
0.872	9.0
0.873	9.0
0.874	9.0
0.875	9.0
0.876	9.0
0.877	9.0
0.878	9.0
0.879	9.0
0.88	9.0
0.881	9.0
0.882	9.0
0.883	9.0
0.884	9.0
0.885	9.0
0.886	9.0
0.887	9.0
0.888	9.0
0.889	9.0
0.89	9.0
0.891	9.0
0.892	9.0
0.893	9.0
0.894	9.0
0.895	9.0
0.896	9.0
0.897	9.0
0.898	9.0
0.899	9.0
0.9	9.0
0.901	9.0
0.902	9.0
0.903	9.0
0.904	9.0
0.905	9.0
0.906	9.0
0.907	9.0
0.908	9.0
0.909	9.0
0.91	9.0
0.911	9.0
0.912	9.0
0.913	9.0
0.914	9.0
0.915	9.0
0.916	9.0
0.917	9.0
0.918	9.0
0.919	9.0
0.92	9.0
0.921	9.0
0.922	9.0
0.923	9.0
0.924	9.0
0.925	9.0
0.926	9.0
0.927	9.0
0.928	9.0
0.929	9.0
0.93	9.0
0.931	9.0
0.932	9.0
0.933	9.0
0.934	9.0
0.935	9.0
0.936	9.0
0.937	9.0
0.938	9.0
0.939	9.0
0.94	9.0
0.941	9.0
0.942	9.0
0.943	9.0
0.944	9.0
0.945	9.0
0.946	9.0
0.947	9.0
0.948	9.0
0.949	9.0
0.95	9.0
0.951	9.0
0.952	9.0
0.953	9.0
0.954	9.0
0.955	9.0
0.956	9.0
0.957	9.0
0.958	9.0
0.959	9.0
0.96	9.0
0.961	9.0
0.962	9.0
0.963	9.0
0.964	9.0
0.965	9.0
0.966	9.0
0.967	9.0
0.968	9.0
0.969	9.0
0.97	9.0
0.971	9.0
0.972	9.0
0.973	9.0
0.974	9.0
0.975	9.0
0.976	9.0
0.977	9.0
0.978	9.0
0.979	9.0
0.98	9.0
0.981	9.0
0.982	9.0
0.983	9.0
0.984	9.0
0.985	9.0
0.986	9.0
0.987	9.0
0.988	9.0
0.989	9.0
0.99	9.0
0.991	9.0
0.992	9.0
0.993	9.0
0.994	9.0
0.995	9.0
0.996	9.0
0.997	9.0
0.998	9.0
0.999	9.0
1.0	9.0
1.001	9.0
1.002	9.0
1.003	9.0
1.004	9.0
1.005	9.0
1.006	9.0
1.007	9.0
1.008	9.0
1.009	9.0
1.01	9.0
1.011	9.0
1.012	9.0
1.013	9.0
1.014	9.0
1.015	9.0
1.016	9.0
1.017	9.0
1.018	9.0
1.019	9.0
1.02	9.0
1.021	9.0
1.022	9.0
1.023	9.0
1.024	9.0
1.025	9.0
1.026	9.0
1.027	9.0
1.028	9.0
1.029	9.0
1.03	9.0
1.031	9.0
1.032	9.0
1.033	9.0
1.034	9.0
1.035	9.0
1.036	9.0
1.037	9.0
1.038	9.0
1.039	9.0
1.04	9.0
1.041	9.0
1.042	9.0
1.043	9.0
1.044	9.0
1.045	9.0
1.046	9.0
1.047	9.0
1.048	9.0
1.049	9.0
1.05	9.0
1.051	9.0
1.052	9.0
1.053	9.0
1.054	9.0
1.055	9.0
1.056	9.0
1.057	9.0
1.058	9.0
1.059	9.0
1.06	9.0
1.061	9.0
1.062	9.0
1.063	9.0
1.064	9.0
1.065	9.0
1.066	9.0
1.067	9.0
1.068	9.0
1.069	9.0
1.07	9.0
1.071	9.0
1.072	9.0
1.073	9.0
1.074	9.0
1.075	9.0
1.076	9.0
1.077	9.0
1.078	9.0
1.079	9.0
1.08	9.0
1.081	9.0
1.082	9.0
1.083	9.0
1.084	9.0
1.085	9.0
1.086	9.0
1.087	9.0
1.088	9.0
1.089	9.0
1.09	9.0
1.091	9.0
1.092	9.0
1.093	9.0
1.094	9.0
1.095	9.0
1.096	9.0
1.097	9.0
1.098	9.0
1.099	9.0
1.1	9.0
1.101	9.0
1.102	9.0
1.103	9.0
1.104	9.0
1.105	9.0
1.106	9.0
1.107	9.0
1.108	9.0
1.109	9.0
1.11	9.0
1.111	9.0
1.112	9.0
1.113	9.0
1.114	9.0
1.115	9.0
1.116	9.0
1.117	9.0
1.118	9.0
1.119	9.0
1.12	9.0
1.121	9.0
1.122	9.0
1.123	9.0
1.124	9.0
1.125	9.0
1.126	9.0
1.127	9.0
1.128	9.0
1.129	9.0
1.13	9.0
1.131	9.0
1.132	9.0
1.133	9.0
1.134	9.0
1.135	9.0
1.136	9.0
1.137	9.0
1.138	9.0
1.139	9.0
1.14	9.0
1.141	9.0
1.142	9.0
1.143	9.0
1.144	9.0
1.145	9.0
1.146	9.0
1.147	9.0
1.148	9.0
1.149	9.0
1.15	9.0
1.151	9.0
1.152	9.0
1.153	9.0
1.154	9.0
1.155	9.0
1.156	9.0
1.157	9.0
1.158	9.0
1.159	9.0
1.16	9.0
1.161	9.0
1.162	9.0
1.163	9.0
1.164	9.0
1.165	9.0
1.166	9.0
1.167	9.0
1.168	9.0
1.169	9.0
1.17	9.0
1.171	9.0
1.172	9.0
1.173	9.0
1.174	9.0
1.175	9.0
1.176	9.0
1.177	9.0
1.178	9.0
1.179	9.0
1.18	9.0
1.181	9.0
1.182	9.0
1.183	9.0
1.184	9.0
1.185	9.0
1.186	9.0
1.187	9.0
1.188	9.0
1.189	9.0
1.19	9.0
1.191	9.0
1.192	9.0
1.193	9.0
1.194	9.0
1.195	9.0
1.196	9.0
1.197	9.0
1.198	9.0
1.199	9.0
1.2	9.0
1.201	9.0
1.202	9.0
1.203	9.0
1.204	9.0
1.205	9.0
1.206	9.0
1.207	9.0
1.208	9.0
1.209	9.0
1.21	9.0
1.211	9.0
1.212	9.0
1.213	9.0
1.214	9.0
1.215	9.0
1.216	9.0
1.217	9.0
1.218	9.0
1.219	9.0
1.22	9.0
1.221	9.0
1.222	9.0
1.223	9.0
1.224	9.0
1.225	9.0
1.226	9.0
1.227	9.0
1.228	9.0
1.229	9.0
1.23	9.0
1.231	9.0
1.232	9.0
1.233	9.0
1.234	9.0
1.235	9.0
1.236	9.0
1.237	9.0
1.238	9.0
1.239	9.0
1.24	9.0
1.241	9.0
1.242	9.0
1.243	9.0
1.244	9.0
1.245	9.0
1.246	9.0
1.247	9.0
1.248	9.0
1.249	9.0
1.25	9.0
1.251	9.0
1.252	9.0
1.253	9.0
1.254	9.0
1.255	9.0
1.256	9.0
1.257	9.0
1.258	9.0
1.259	9.0
1.26	9.0
1.261	9.0
1.262	9.0
1.263	9.0
1.264	9.0
1.265	9.0
1.266	9.0
1.267	9.0
1.268	9.0
1.269	9.0
1.27	9.0
1.271	9.0
1.272	9.0
1.273	9.0
1.274	9.0
1.275	9.0
1.276	9.0
1.277	9.0
1.278	9.0
1.279	9.0
1.28	9.0
1.281	9.0
1.282	9.0
1.283	9.0
1.284	9.0
1.285	9.0
1.286	9.0
1.287	9.0
1.288	9.0
1.289	9.0
1.29	9.0
1.291	9.0
1.292	9.0
1.293	9.0
1.294	9.0
1.295	9.0
1.296	9.0
1.297	9.0
1.298	9.0
1.299	9.0
1.3	9.0
1.301	9.0
1.302	9.0
1.303	9.0
1.304	9.0
1.305	9.0
1.306	9.0
1.307	9.0
1.308	9.0
1.309	9.0
1.31	9.0
1.311	9.0
1.312	9.0
1.313	9.0
1.314	9.0
1.315	9.0
1.316	9.0
1.317	9.0
1.318	9.0
1.319	9.0
1.32	9.0
1.321	9.0
1.322	9.0
1.323	9.0
1.324	9.0
1.325	9.0
1.326	9.0
1.327	9.0
1.328	9.0
1.329	9.0
1.33	9.0
1.331	9.0
1.332	9.0
1.333	9.0
1.334	9.0
1.335	9.0
1.336	9.0
1.337	9.0
1.338	9.0
1.339	9.0
1.34	9.0
1.341	9.0
1.342	9.0
1.343	9.0
1.344	9.0
1.345	9.0
1.346	9.0
1.347	9.0
1.348	9.0
1.349	9.0
1.35	9.0
1.351	9.0
1.352	9.0
1.353	9.0
1.354	9.0
1.355	9.0
1.356	9.0
1.357	9.0
1.358	9.0
1.359	9.0
1.36	9.0
1.361	9.0
1.362	9.0
1.363	9.0
1.364	9.0
1.365	9.0
1.366	9.0
1.367	9.0
1.368	9.0
1.369	9.0
1.37	9.0
1.371	9.0
1.372	9.0
1.373	9.0
1.374	9.0
1.375	9.0
1.376	9.0
1.377	9.0
1.378	9.0
1.379	9.0
1.38	9.0
1.381	9.0
1.382	9.0
1.383	9.0
1.384	9.0
1.385	9.0
1.386	9.0
1.387	9.0
1.388	9.0
1.389	9.0
1.39	9.0
1.391	9.0
1.392	9.0
1.393	9.0
1.394	9.0
1.395	9.0
1.396	9.0
1.397	9.0
1.398	9.0
1.399	9.0
1.4	9.0
1.401	9.0
1.402	9.0
1.403	9.0
1.404	9.0
1.405	9.0
1.406	9.0
1.407	9.0
1.408	9.0
1.409	9.0
1.41	9.0
1.411	9.0
1.412	9.0
1.413	9.0
1.414	9.0
1.415	9.0
1.416	9.0
1.417	9.0
1.418	9.0
1.419	9.0
1.42	9.0
1.421	9.0
1.422	9.0
1.423	9.0
1.424	9.0
1.425	9.0
1.426	9.0
1.427	9.0
1.428	9.0
1.429	9.0
1.43	9.0
1.431	9.0
1.432	9.0
1.433	9.0
1.434	9.0
1.435	9.0
1.436	9.0
1.437	9.0
1.438	9.0
1.439	9.0
1.44	9.0
1.441	9.0
1.442	9.0
1.443	9.0
1.444	9.0
1.445	9.0
1.446	9.0
1.447	9.0
1.448	9.0
1.449	9.0
1.45	9.0
1.451	9.0
1.452	9.0
1.453	9.0
1.454	9.0
1.455	9.0
1.456	9.0
1.457	9.0
1.458	9.0
1.459	9.0
1.46	9.0
1.461	9.0
1.462	9.0
1.463	9.0
1.464	9.0
1.465	9.0
1.466	9.0
1.467	9.0
1.468	9.0
1.469	9.0
1.47	9.0
1.471	9.0
1.472	9.0
1.473	9.0
1.474	9.0
1.475	9.0
1.476	9.0
1.477	9.0
1.478	9.0
1.479	9.0
1.48	9.0
1.481	9.0
1.482	9.0
1.483	9.0
1.484	9.0
1.485	9.0
1.486	9.0
1.487	9.0
1.488	9.0
1.489	9.0
1.49	9.0
1.491	9.0
1.492	9.0
1.493	9.0
1.494	9.0
1.495	9.0
1.496	9.0
1.497	9.0
1.498	9.0
1.499	9.0
1.5	9.0
1.501	9.0
1.502	9.0
1.503	9.0
1.504	9.0
1.505	9.0
1.506	9.0
1.507	9.0
1.508	9.0
1.509	9.0
1.51	9.0
1.511	9.0
1.512	9.0
1.513	9.0
1.514	9.0
1.515	9.0
1.516	9.0
1.517	9.0
1.518	9.0
1.519	9.0
1.52	9.0
1.521	9.0
1.522	9.0
1.523	9.0
1.524	9.0
1.525	9.0
1.526	9.0
1.527	9.0
1.528	9.0
1.529	9.0
1.53	9.0
1.531	9.0
1.532	9.0
1.533	9.0
1.534	9.0
1.535	9.0
1.536	9.0
1.537	9.0
1.538	9.0
1.539	9.0
1.54	9.0
1.541	9.0
1.542	9.0
1.543	9.0
1.544	9.0
1.545	9.0
1.546	9.0
1.547	9.0
1.548	9.0
1.549	9.0
1.55	9.0
1.551	9.0
1.552	9.0
1.553	9.0
1.554	9.0
1.555	9.0
1.556	9.0
1.557	9.0
1.558	9.0
1.559	9.0
1.56	9.0
1.561	9.0
1.562	9.0
1.563	9.0
1.564	9.0
1.565	9.0
1.566	9.0
1.567	9.0
1.568	9.0
1.569	9.0
1.57	9.0
1.571	9.0
1.572	9.0
1.573	9.0
1.574	9.0
1.575	9.0
1.576	9.0
1.577	9.0
1.578	9.0
1.579	9.0
1.58	9.0
1.581	9.0
1.582	9.0
1.583	9.0
1.584	9.0
1.585	9.0
1.586	9.0
1.587	9.0
1.588	9.0
1.589	9.0
1.59	9.0
1.591	9.0
1.592	9.0
1.593	9.0
1.594	9.0
1.595	9.0
1.596	9.0
1.597	9.0
1.598	9.0
1.599	9.0
1.6	9.0
1.601	9.0
1.602	9.0
1.603	9.0
1.604	9.0
1.605	9.0
1.606	9.0
1.607	9.0
1.608	9.0
1.609	9.0
1.61	9.0
1.611	9.0
1.612	9.0
1.613	9.0
1.614	9.0
1.615	9.0
1.616	9.0
1.617	9.0
1.618	9.0
1.619	9.0
1.62	9.0
1.621	9.0
1.622	9.0
1.623	9.0
1.624	9.0
1.625	9.0
1.626	9.0
1.627	9.0
1.628	9.0
1.629	9.0
1.63	9.0
1.631	9.0
1.632	9.0
1.633	9.0
1.634	9.0
1.635	9.0
1.636	9.0
1.637	9.0
1.638	9.0
1.639	9.0
1.64	9.0
1.641	9.0
1.642	9.0
1.643	9.0
1.644	9.0
1.645	9.0
1.646	9.0
1.647	9.0
1.648	9.0
1.649	9.0
1.65	9.0
1.651	9.0
1.652	9.0
1.653	9.0
1.654	9.0
1.655	9.0
1.656	9.0
1.657	9.0
1.658	9.0
1.659	9.0
1.66	9.0
1.661	9.0
1.662	9.0
1.663	9.0
1.664	9.0
1.665	9.0
1.666	9.0
1.667	9.0
1.668	9.0
1.669	9.0
1.67	9.0
1.671	9.0
1.672	9.0
1.673	9.0
1.674	9.0
1.675	9.0
1.676	9.0
1.677	9.0
1.678	9.0
1.679	9.0
1.68	9.0
1.681	9.0
1.682	9.0
1.683	9.0
1.684	9.0
1.685	9.0
1.686	9.0
1.687	9.0
1.688	9.0
1.689	9.0
1.69	9.0
1.691	9.0
1.692	9.0
1.693	9.0
1.694	9.0
1.695	9.0
1.696	9.0
1.697	9.0
1.698	9.0
1.699	9.0
1.7	9.0
1.701	9.0
1.702	9.0
1.703	9.0
1.704	9.0
1.705	9.0
1.706	9.0
1.707	9.0
1.708	9.0
1.709	9.0
1.71	9.0
1.711	9.0
1.712	9.0
1.713	9.0
1.714	9.0
1.715	9.0
1.716	9.0
1.717	9.0
1.718	9.0
1.719	9.0
1.72	9.0
1.721	9.0
1.722	9.0
1.723	9.0
1.724	9.0
1.725	9.0
1.726	9.0
1.727	9.0
1.728	9.0
1.729	9.0
1.73	9.0
1.731	9.0
1.732	9.0
1.733	9.0
1.734	9.0
1.735	9.0
1.736	9.0
1.737	9.0
1.738	9.0
1.739	9.0
1.74	9.0
1.741	9.0
1.742	9.0
1.743	9.0
1.744	9.0
1.745	9.0
1.746	9.0
1.747	9.0
1.748	9.0
1.749	9.0
1.75	9.0
1.751	9.0
1.752	9.0
1.753	9.0
1.754	9.0
1.755	9.0
1.756	9.0
1.757	9.0
1.758	9.0
1.759	9.0
1.76	9.0
1.761	9.0
1.762	9.0
1.763	9.0
1.764	9.0
1.765	9.0
1.766	9.0
1.767	9.0
1.768	9.0
1.769	9.0
1.77	9.0
1.771	9.0
1.772	9.0
1.773	9.0
1.774	9.0
1.775	9.0
1.776	9.0
1.777	9.0
1.778	9.0
1.779	9.0
1.78	9.0
1.781	9.0
1.782	9.0
1.783	9.0
1.784	9.0
1.785	9.0
1.786	9.0
1.787	9.0
1.788	9.0
1.789	9.0
1.79	9.0
1.791	9.0
1.792	9.0
1.793	9.0
1.794	9.0
1.795	9.0
1.796	9.0
1.797	9.0
1.798	9.0
1.799	9.0
1.8	9.0
1.801	9.0
1.802	9.0
1.803	9.0
1.804	9.0
1.805	9.0
1.806	9.0
1.807	9.0
1.808	9.0
1.809	9.0
1.81	9.0
1.811	9.0
1.812	9.0
1.813	9.0
1.814	9.0
1.815	9.0
1.816	9.0
1.817	9.0
1.818	9.0
1.819	9.0
1.82	9.0
1.821	9.0
1.822	9.0
1.823	9.0
1.824	9.0
1.825	9.0
1.826	9.0
1.827	9.0
1.828	9.0
1.829	9.0
1.83	9.0
1.831	9.0
1.832	9.0
1.833	9.0
1.834	9.0
1.835	9.0
1.836	9.0
1.837	9.0
1.838	9.0
1.839	9.0
1.84	9.0
1.841	9.0
1.842	9.0
1.843	9.0
1.844	9.0
1.845	9.0
1.846	9.0
1.847	9.0
1.848	9.0
1.849	9.0
1.85	9.0
1.851	9.0
1.852	9.0
1.853	9.0
1.854	9.0
1.855	9.0
1.856	9.0
1.857	9.0
1.858	9.0
1.859	9.0
1.86	9.0
1.861	9.0
1.862	9.0
1.863	9.0
1.864	9.0
1.865	9.0
1.866	9.0
1.867	9.0
1.868	9.0
1.869	9.0
1.87	9.0
1.871	9.0
1.872	9.0
1.873	9.0
1.874	9.0
1.875	9.0
1.876	9.0
1.877	9.0
1.878	9.0
1.879	9.0
1.88	9.0
1.881	9.0
1.882	9.0
1.883	9.0
1.884	9.0
1.885	9.0
1.886	9.0
1.887	9.0
1.888	9.0
1.889	9.0
1.89	9.0
1.891	9.0
1.892	9.0
1.893	9.0
1.894	9.0
1.895	9.0
1.896	9.0
1.897	9.0
1.898	9.0
1.899	9.0
1.9	9.0
1.901	9.0
1.902	9.0
1.903	9.0
1.904	9.0
1.905	9.0
1.906	9.0
1.907	9.0
1.908	9.0
1.909	9.0
1.91	9.0
1.911	9.0
1.912	9.0
1.913	9.0
1.914	9.0
1.915	9.0
1.916	9.0
1.917	9.0
1.918	9.0
1.919	9.0
1.92	9.0
1.921	9.0
1.922	9.0
1.923	9.0
1.924	9.0
1.925	9.0
1.926	9.0
1.927	9.0
1.928	9.0
1.929	9.0
1.93	9.0
1.931	9.0
1.932	9.0
1.933	9.0
1.934	9.0
1.935	9.0
1.936	9.0
1.937	9.0
1.938	9.0
1.939	9.0
1.94	9.0
1.941	9.0
1.942	9.0
1.943	9.0
1.944	9.0
1.945	9.0
1.946	9.0
1.947	9.0
1.948	9.0
1.949	9.0
1.95	9.0
1.951	9.0
1.952	9.0
1.953	9.0
1.954	9.0
1.955	9.0
1.956	9.0
1.957	9.0
1.958	9.0
1.959	9.0
1.96	9.0
1.961	9.0
1.962	9.0
1.963	9.0
1.964	9.0
1.965	9.0
1.966	9.0
1.967	9.0
1.968	9.0
1.969	9.0
1.97	9.0
1.971	9.0
1.972	9.0
1.973	9.0
1.974	9.0
1.975	9.0
1.976	9.0
1.977	9.0
1.978	9.0
1.979	9.0
1.98	9.0
1.981	9.0
1.982	9.0
1.983	9.0
1.984	9.0
1.985	9.0
1.986	9.0
1.987	9.0
1.988	9.0
1.989	9.0
1.99	9.0
1.991	9.0
1.992	9.0
1.993	9.0
1.994	9.0
1.995	9.0
1.996	9.0
1.997	9.0
1.998	9.0
1.999	9.0
2.0	9.0
