-2.352	3.8
-2.351	3.8
-2.35	3.8
-2.349	3.8
-2.348	3.8
-2.347	3.8
-2.346	3.8
-2.345	3.8
-2.344	3.8
-2.343	3.8
-2.342	3.8
-2.341	3.8
-2.34	3.8
-2.339	3.8
-2.338	3.8
-2.337	3.8
-2.336	3.8
-2.335	3.8
-2.334	3.8
-2.333	3.8
-2.332	3.8
-2.331	3.8
-2.33	3.8
-2.329	3.8
-2.328	3.8
-2.327	3.8
-2.326	3.8
-2.325	3.8
-2.324	3.8
-2.323	3.8
-2.322	3.8
-2.321	3.8
-2.32	3.8
-2.319	3.8
-2.318	3.8
-2.317	3.8
-2.316	3.8
-2.315	3.8
-2.314	3.8
-2.313	3.8
-2.312	3.8
-2.311	3.8
-2.31	3.8
-2.309	3.8
-2.308	3.8
-2.307	3.8
-2.306	3.8
-2.305	3.8
-2.304	3.8
-2.303	3.8
-2.302	3.8
-2.301	3.8
-2.3	3.8
-2.299	3.8
-2.298	3.8
-2.297	3.8
-2.296	3.8
-2.295	3.8
-2.294	3.8
-2.293	3.8
-2.292	3.8
-2.291	3.8
-2.29	3.8
-2.289	3.8
-2.288	3.8
-2.287	3.8
-2.286	3.8
-2.285	3.8
-2.284	3.8
-2.283	3.8
-2.282	3.8
-2.281	3.8
-2.28	3.8
-2.279	3.8
-2.278	3.8
-2.277	3.8
-2.276	3.8
-2.275	3.8
-2.274	3.8
-2.273	3.8
-2.272	3.8
-2.271	3.8
-2.27	3.8
-2.269	3.8
-2.268	3.8
-2.267	3.8
-2.266	3.8
-2.265	3.8
-2.264	3.8
-2.263	3.8
-2.262	3.8
-2.261	3.8
-2.26	3.8
-2.259	3.8
-2.258	3.8
-2.257	3.8
-2.256	3.8
-2.255	3.8
-2.254	3.8
-2.253	3.8
-2.252	3.8
-2.251	3.8
-2.25	3.8
-2.249	3.8
-2.248	3.8
-2.247	3.8
-2.246	3.8
-2.245	3.8
-2.244	3.8
-2.243	3.8
-2.242	3.8
-2.241	3.8
-2.24	3.8
-2.239	3.8
-2.238	3.8
-2.237	3.8
-2.236	3.8
-2.235	3.8
-2.234	3.8
-2.233	3.8
-2.232	3.8
-2.231	3.8
-2.23	3.8
-2.229	3.8
-2.228	3.8
-2.227	3.8
-2.226	3.8
-2.225	3.8
-2.224	3.8
-2.223	3.8
-2.222	3.8
-2.221	3.8
-2.22	3.8
-2.219	3.8
-2.218	3.8
-2.217	3.8
-2.216	3.8
-2.215	3.8
-2.214	3.8
-2.213	3.8
-2.212	3.8
-2.211	3.8
-2.21	3.8
-2.209	3.8
-2.208	3.8
-2.207	3.8
-2.206	3.8
-2.205	3.8
-2.204	3.8
-2.203	3.8
-2.202	3.8
-2.201	3.8
-2.2	3.8
-2.199	3.8
-2.198	3.8
-2.197	3.8
-2.196	3.8
-2.195	3.8
-2.194	3.8
-2.193	3.8
-2.192	3.8
-2.191	3.8
-2.19	3.8
-2.189	3.8
-2.188	3.8
-2.187	3.8
-2.186	3.8
-2.185	3.8
-2.184	3.8
-2.183	3.8
-2.182	3.8
-2.181	3.8
-2.18	3.8
-2.179	3.8
-2.178	3.8
-2.177	3.8
-2.176	3.8
-2.175	3.8
-2.174	3.8
-2.173	3.8
-2.172	3.8
-2.171	3.8
-2.17	3.8
-2.169	3.8
-2.168	3.8
-2.167	3.8
-2.166	3.8
-2.165	3.8
-2.164	3.8
-2.163	3.8
-2.162	3.8
-2.161	3.8
-2.16	3.8
-2.159	3.8
-2.158	3.8
-2.157	3.8
-2.156	3.8
-2.155	3.8
-2.154	3.8
-2.153	3.8
-2.152	3.8
-2.151	3.8
-2.15	3.8
-2.149	3.8
-2.148	3.8
-2.147	3.8
-2.146	3.8
-2.145	3.8
-2.144	3.8
-2.143	3.8
-2.142	3.8
-2.141	3.8
-2.14	3.8
-2.139	3.8
-2.138	3.8
-2.137	3.8
-2.136	3.8
-2.135	3.8
-2.134	3.8
-2.133	3.8
-2.132	3.8
-2.131	3.8
-2.13	3.8
-2.129	3.8
-2.128	3.8
-2.127	3.8
-2.126	3.8
-2.125	3.8
-2.124	3.8
-2.123	3.8
-2.122	3.8
-2.121	3.8
-2.12	3.8
-2.119	3.8
-2.118	3.8
-2.117	3.8
-2.116	3.8
-2.115	3.8
-2.114	3.8
-2.113	3.8
-2.112	3.8
-2.111	3.8
-2.11	3.8
-2.109	3.8
-2.108	3.8
-2.107	3.8
-2.106	3.8
-2.105	3.8
-2.104	3.8
-2.103	3.8
-2.102	3.8
-2.101	3.8
-2.1	3.8
-2.099	3.8
-2.098	3.8
-2.097	3.8
-2.096	3.8
-2.095	3.8
-2.094	3.8
-2.093	3.8
-2.092	3.8
-2.091	3.8
-2.09	3.8
-2.089	3.8
-2.088	3.8
-2.087	3.8
-2.086	3.8
-2.085	3.8
-2.084	3.8
-2.083	3.8
-2.082	3.8
-2.081	3.8
-2.08	3.8
-2.079	3.8
-2.078	3.8
-2.077	3.8
-2.076	3.8
-2.075	3.8
-2.074	3.8
-2.073	3.8
-2.072	3.8
-2.071	3.8
-2.07	3.8
-2.069	3.8
-2.068	3.8
-2.067	3.8
-2.066	3.8
-2.065	3.8
-2.064	3.8
-2.063	3.8
-2.062	3.8
-2.061	3.8
-2.06	3.8
-2.059	3.8
-2.058	3.8
-2.057	3.8
-2.056	3.8
-2.055	3.8
-2.054	3.8
-2.053	3.8
-2.052	3.8
-2.051	3.8
-2.05	3.8
-2.049	3.8
-2.048	3.8
-2.047	3.8
-2.046	3.8
-2.045	3.8
-2.044	3.8
-2.043	3.8
-2.042	3.8
-2.041	3.8
-2.04	3.8
-2.039	3.8
-2.038	3.8
-2.037	3.8
-2.036	3.8
-2.035	3.8
-2.034	3.8
-2.033	3.8
-2.032	3.8
-2.031	3.8
-2.03	3.8
-2.029	3.8
-2.028	3.8
-2.027	3.8
-2.026	3.8
-2.025	3.8
-2.024	3.8
-2.023	3.8
-2.022	3.8
-2.021	3.8
-2.02	3.8
-2.019	3.8
-2.018	3.8
-2.017	3.8
-2.016	3.8
-2.015	3.8
-2.014	3.8
-2.013	3.8
-2.012	3.8
-2.011	3.8
-2.01	3.8
-2.009	3.8
-2.008	3.8
-2.007	3.8
-2.006	3.8
-2.005	3.8
-2.004	3.8
-2.003	3.8
-2.002	3.8
-2.001	3.8
-2.0	3.8
-1.999	3.8
-1.998	3.8
-1.997	3.8
-1.996	3.8
-1.995	3.8
-1.994	3.8
-1.993	3.8
-1.992	3.8
-1.991	3.8
-1.99	3.8
-1.989	3.8
-1.988	3.8
-1.987	3.8
-1.986	3.8
-1.985	3.8
-1.984	3.8
-1.983	3.8
-1.982	3.8
-1.981	3.8
-1.98	3.8
-1.979	3.8
-1.978	3.8
-1.977	3.8
-1.976	3.8
-1.975	3.8
-1.974	3.8
-1.973	3.8
-1.972	3.8
-1.971	3.8
-1.97	3.8
-1.969	3.8
-1.968	3.8
-1.967	3.8
-1.966	3.8
-1.965	3.8
-1.964	3.8
-1.963	3.8
-1.962	3.8
-1.961	3.8
-1.96	3.8
-1.959	3.8
-1.958	3.8
-1.957	3.8
-1.956	3.8
-1.955	3.8
-1.954	3.8
-1.953	3.8
-1.952	3.8
-1.951	3.8
-1.95	3.8
-1.949	3.8
-1.948	3.8
-1.947	3.8
-1.946	3.8
-1.945	3.8
-1.944	3.8
-1.943	3.8
-1.942	3.8
-1.941	3.8
-1.94	3.8
-1.939	3.8
-1.938	3.8
-1.937	3.8
-1.936	3.8
-1.935	3.8
-1.934	3.8
-1.933	3.8
-1.932	3.8
-1.931	3.8
-1.93	3.8
-1.929	3.8
-1.928	3.8
-1.927	3.8
-1.926	3.8
-1.925	3.8
-1.924	3.8
-1.923	3.8
-1.922	3.8
-1.921	3.8
-1.92	3.8
-1.919	3.8
-1.918	3.8
-1.917	3.8
-1.916	3.8
-1.915	3.8
-1.914	3.8
-1.913	3.8
-1.912	3.8
-1.911	3.8
-1.91	3.8
-1.909	3.8
-1.908	3.8
-1.907	3.8
-1.906	3.8
-1.905	3.8
-1.904	3.8
-1.903	3.8
-1.902	3.8
-1.901	3.8
-1.9	3.8
-1.899	3.8
-1.898	3.8
-1.897	3.8
-1.896	3.8
-1.895	3.8
-1.894	3.8
-1.893	3.8
-1.892	3.8
-1.891	3.8
-1.89	3.8
-1.889	3.8
-1.888	3.8
-1.887	3.8
-1.886	3.8
-1.885	3.8
-1.884	3.8
-1.883	3.8
-1.882	3.8
-1.881	3.8
-1.88	3.8
-1.879	3.8
-1.878	3.8
-1.877	3.8
-1.876	3.8
-1.875	3.8
-1.874	3.8
-1.873	3.8
-1.872	3.8
-1.871	3.8
-1.87	3.8
-1.869	3.8
-1.868	3.8
-1.867	3.8
-1.866	3.8
-1.865	3.8
-1.864	3.8
-1.863	3.8
-1.862	3.8
-1.861	3.8
-1.86	3.8
-1.859	3.8
-1.858	3.8
-1.857	3.8
-1.856	3.8
-1.855	3.8
-1.854	3.8
-1.853	3.8
-1.852	3.8
-1.851	3.8
-1.85	3.8
-1.849	3.8
-1.848	3.8
-1.847	3.8
-1.846	3.8
-1.845	3.8
-1.844	3.8
-1.843	3.8
-1.842	3.8
-1.841	3.8
-1.84	3.8
-1.839	3.8
-1.838	3.8
-1.837	3.8
-1.836	3.8
-1.835	3.8
-1.834	3.8
-1.833	3.8
-1.832	3.8
-1.831	3.8
-1.83	3.8
-1.829	3.8
-1.828	3.8
-1.827	3.8
-1.826	3.8
-1.825	3.8
-1.824	3.8
-1.823	3.8
-1.822	3.8
-1.821	3.8
-1.82	3.8
-1.819	3.8
-1.818	3.8
-1.817	3.8
-1.816	3.8
-1.815	3.8
-1.814	3.8
-1.813	3.8
-1.812	3.8
-1.811	3.8
-1.81	3.8
-1.809	3.8
-1.808	3.8
-1.807	3.8
-1.806	3.8
-1.805	3.8
-1.804	3.8
-1.803	3.8
-1.802	3.8
-1.801	3.8
-1.8	3.8
-1.799	3.8
-1.798	3.8
-1.797	3.8
-1.796	3.8
-1.795	3.8
-1.794	3.8
-1.793	3.8
-1.792	3.8
-1.791	3.8
-1.79	3.8
-1.789	3.8
-1.788	3.8
-1.787	3.8
-1.786	3.8
-1.785	3.8
-1.784	3.8
-1.783	3.8
-1.782	3.8
-1.781	3.8
-1.78	3.8
-1.779	3.8
-1.778	3.8
-1.777	3.8
-1.776	3.8
-1.775	3.8
-1.774	3.8
-1.773	3.8
-1.772	3.8
-1.771	3.8
-1.77	3.8
-1.769	3.8
-1.768	3.8
-1.767	3.8
-1.766	3.8
-1.765	3.8
-1.764	3.8
-1.763	3.8
-1.762	3.8
-1.761	3.8
-1.76	3.8
-1.759	3.8
-1.758	3.8
-1.757	3.8
-1.756	3.8
-1.755	3.8
-1.754	3.8
-1.753	3.8
-1.752	3.8
-1.751	3.8
-1.75	3.8
-1.749	3.8
-1.748	3.8
-1.747	3.8
-1.746	3.8
-1.745	3.8
-1.744	3.8
-1.743	3.8
-1.742	3.8
-1.741	3.8
-1.74	3.8
-1.739	3.8
-1.738	3.8
-1.737	3.8
-1.736	3.8
-1.735	3.8
-1.734	3.8
-1.733	3.8
-1.732	3.8
-1.731	3.8
-1.73	3.8
-1.729	3.8
-1.728	3.8
-1.727	3.8
-1.726	3.8
-1.725	3.8
-1.724	3.8
-1.723	3.8
-1.722	3.8
-1.721	3.8
-1.72	3.8
-1.719	3.8
-1.718	3.8
-1.717	3.8
-1.716	3.8
-1.715	3.8
-1.714	3.8
-1.713	3.8
-1.712	3.8
-1.711	3.8
-1.71	3.8
-1.709	3.8
-1.708	3.8
-1.707	3.8
-1.706	3.8
-1.705	3.8
-1.704	3.8
-1.703	3.8
-1.702	3.8
-1.701	3.8
-1.7	3.8
-1.699	3.8
-1.698	3.8
-1.697	3.8
-1.696	3.8
-1.695	3.8
-1.694	3.8
-1.693	3.8
-1.692	3.8
-1.691	3.8
-1.69	3.8
-1.689	3.8
-1.688	3.8
-1.687	3.8
-1.686	3.8
-1.685	3.8
-1.684	3.8
-1.683	3.8
-1.682	3.8
-1.681	3.8
-1.68	3.8
-1.679	3.8
-1.678	3.8
-1.677	3.8
-1.676	3.8
-1.675	3.8
-1.674	9.5
-1.673	9.5
-1.672	9.5
-1.671	9.5
-1.67	9.5
-1.669	9.5
-1.668	9.5
-1.667	9.5
-1.666	9.5
-1.665	9.5
-1.664	9.5
-1.663	9.5
-1.662	9.5
-1.661	9.5
-1.66	9.5
-1.659	9.5
-1.658	9.5
-1.657	9.5
-1.656	9.5
-1.655	9.5
-1.654	9.5
-1.653	9.5
-1.652	9.5
-1.651	9.5
-1.65	9.5
-1.649	9.5
-1.648	9.5
-1.647	9.5
-1.646	9.5
-1.645	9.5
-1.644	9.5
-1.643	9.5
-1.642	9.5
-1.641	9.5
-1.64	9.5
-1.639	9.5
-1.638	9.5
-1.637	9.5
-1.636	9.5
-1.635	9.5
-1.634	9.5
-1.633	9.5
-1.632	9.5
-1.631	9.5
-1.63	9.5
-1.629	9.5
-1.628	9.5
-1.627	9.5
-1.626	9.5
-1.625	9.5
-1.624	9.5
-1.623	9.5
-1.622	9.5
-1.621	9.5
-1.62	9.5
-1.619	9.5
-1.618	3.0
-1.617	3.0
-1.616	3.0
-1.615	3.0
-1.614	3.0
-1.613	3.0
-1.612	3.0
-1.611	3.0
-1.61	3.0
-1.609	3.0
-1.608	3.0
-1.607	3.0
-1.606	3.0
-1.605	3.0
-1.604	3.0
-1.603	3.0
-1.602	3.0
-1.601	3.0
-1.6	3.0
-1.599	3.0
-1.598	3.0
-1.597	3.0
-1.596	3.0
-1.595	3.0
-1.594	3.0
-1.593	3.0
-1.592	3.0
-1.591	3.0
-1.59	3.0
-1.589	3.0
-1.588	3.0
-1.587	3.0
-1.586	3.0
-1.585	3.0
-1.584	3.0
-1.583	3.0
-1.582	3.0
-1.581	3.0
-1.58	3.0
-1.579	3.0
-1.578	3.0
-1.577	3.0
-1.576	3.0
-1.575	3.0
-1.574	3.0
-1.573	3.0
-1.572	3.0
-1.571	3.0
-1.57	3.0
-1.569	3.0
-1.568	3.0
-1.567	3.0
-1.566	3.0
-1.565	3.0
-1.564	3.0
-1.563	3.0
-1.562	3.0
-1.561	3.0
-1.56	3.0
-1.559	3.0
-1.558	3.0
-1.557	3.0
-1.556	3.0
-1.555	3.0
-1.554	3.0
-1.553	3.0
-1.552	3.0
-1.551	3.0
-1.55	3.0
-1.549	3.0
-1.548	3.0
-1.547	3.0
-1.546	3.0
-1.545	3.0
-1.544	3.0
-1.543	3.0
-1.542	3.0
-1.541	3.0
-1.54	3.0
-1.539	3.0
-1.538	3.0
-1.537	3.0
-1.536	3.0
-1.535	3.0
-1.534	3.0
-1.533	3.0
-1.532	3.0
-1.531	3.0
-1.53	3.0
-1.529	3.0
-1.528	3.0
-1.527	3.0
-1.526	3.0
-1.525	3.0
-1.524	3.0
-1.523	3.0
-1.522	3.0
-1.521	3.0
-1.52	3.0
-1.519	3.0
-1.518	3.0
-1.517	3.0
-1.516	3.0
-1.515	3.0
-1.514	3.0
-1.513	3.0
-1.512	3.0
-1.511	3.0
-1.51	3.0
-1.509	3.0
-1.508	3.0
-1.507	3.0
-1.506	3.0
-1.505	3.0
-1.504	3.0
-1.503	3.0
-1.502	3.0
-1.501	3.0
-1.5	3.0
-1.499	3.0
-1.498	3.0
-1.497	3.0
-1.496	3.0
-1.495	3.0
-1.494	3.0
-1.493	3.0
-1.492	3.0
-1.491	3.0
-1.49	3.0
-1.489	3.0
-1.488	3.0
-1.487	3.0
-1.486	3.0
-1.485	3.0
-1.484	3.0
-1.483	3.0
-1.482	3.0
-1.481	3.0
-1.48	3.0
-1.479	3.0
-1.478	3.0
-1.477	3.0
-1.476	3.0
-1.475	3.0
-1.474	3.0
-1.473	3.0
-1.472	3.0
-1.471	3.0
-1.47	3.0
-1.469	3.0
-1.468	3.0
-1.467	3.0
-1.466	3.0
-1.465	3.0
-1.464	3.0
-1.463	3.0
-1.462	3.0
-1.461	3.0
-1.46	3.0
-1.459	3.0
-1.458	3.0
-1.457	3.0
-1.456	3.0
-1.455	3.0
-1.454	3.0
-1.453	3.0
-1.452	3.0
-1.451	3.0
-1.45	3.0
-1.449	3.0
-1.448	3.0
-1.447	3.0
-1.446	3.0
-1.445	3.0
-1.444	3.0
-1.443	3.0
-1.442	3.0
-1.441	3.0
-1.44	3.0
-1.439	3.0
-1.438	3.0
-1.437	3.0
-1.436	3.0
-1.435	3.0
-1.434	3.0
-1.433	3.0
-1.432	3.0
-1.431	3.0
-1.43	3.0
-1.429	3.0
-1.428	3.0
-1.427	3.0
-1.426	3.0
-1.425	3.0
-1.424	3.0
-1.423	3.0
-1.422	3.0
-1.421	3.0
-1.42	3.0
-1.419	3.0
-1.418	3.0
-1.417	3.0
-1.416	3.0
-1.415	3.0
-1.414	3.0
-1.413	3.0
-1.412	3.0
-1.411	3.0
-1.41	3.0
-1.409	3.0
-1.408	3.0
-1.407	3.0
-1.406	3.0
-1.405	3.0
-1.404	3.0
-1.403	3.0
-1.402	3.0
-1.401	3.0
-1.4	3.0
-1.399	3.0
-1.398	3.0
-1.397	3.0
-1.396	3.0
-1.395	3.0
-1.394	3.0
-1.393	3.0
-1.392	3.0
-1.391	3.0
-1.39	3.0
-1.389	3.0
-1.388	3.0
-1.387	3.0
-1.386	3.0
-1.385	3.0
-1.384	3.0
-1.383	3.0
-1.382	3.0
-1.381	3.0
-1.38	3.0
-1.379	3.0
-1.378	3.0
-1.377	3.0
-1.376	3.0
-1.375	3.0
-1.374	3.0
-1.373	3.0
-1.372	3.0
-1.371	3.0
-1.37	3.0
-1.369	3.0
-1.368	3.0
-1.367	3.0
-1.366	3.0
-1.365	3.0
-1.364	3.0
-1.363	3.0
-1.362	3.0
-1.361	3.0
-1.36	3.0
-1.359	3.0
-1.358	3.0
-1.357	3.0
-1.356	3.0
-1.355	3.0
-1.354	3.0
-1.353	3.0
-1.352	3.0
-1.351	3.0
-1.35	3.0
-1.349	3.0
-1.348	3.0
-1.347	3.0
-1.346	3.0
-1.345	3.0
-1.344	3.0
-1.343	3.0
-1.342	3.0
-1.341	3.0
-1.34	3.0
-1.339	3.0
-1.338	3.0
-1.337	3.0
-1.336	3.0
-1.335	3.0
-1.334	3.0
-1.333	3.0
-1.332	3.0
-1.331	3.0
-1.33	3.0
-1.329	3.0
-1.328	3.0
-1.327	3.0
-1.326	3.0
-1.325	3.0
-1.324	3.0
-1.323	3.0
-1.322	3.0
-1.321	3.0
-1.32	3.0
-1.319	3.0
-1.318	3.0
-1.317	3.0
-1.316	3.0
-1.315	3.0
-1.314	3.0
-1.313	3.0
-1.312	3.0
-1.311	3.0
-1.31	3.0
-1.309	3.0
-1.308	3.0
-1.307	3.0
-1.306	3.0
-1.305	3.0
-1.304	3.0
-1.303	3.0
-1.302	3.0
-1.301	3.0
-1.3	3.0
-1.299	3.0
-1.298	3.0
-1.297	3.0
-1.296	3.0
-1.295	3.0
-1.294	3.0
-1.293	3.0
-1.292	3.0
-1.291	3.0
-1.29	3.0
-1.289	3.0
-1.288	3.0
-1.287	3.0
-1.286	3.0
-1.285	3.0
-1.284	3.0
-1.283	3.0
-1.282	3.0
-1.281	3.0
-1.28	3.0
-1.279	3.0
-1.278	3.0
-1.277	3.0
-1.276	3.0
-1.275	3.0
-1.274	3.0
-1.273	3.0
-1.272	3.0
-1.271	3.0
-1.27	3.0
-1.269	3.0
-1.268	3.0
-1.267	3.0
-1.266	3.0
-1.265	3.0
-1.264	3.0
-1.263	3.0
-1.262	3.0
-1.261	3.0
-1.26	3.0
-1.259	3.0
-1.258	3.0
-1.257	3.0
-1.256	3.0
-1.255	3.0
-1.254	3.0
-1.253	3.0
-1.252	3.0
-1.251	3.0
-1.25	3.0
-1.249	3.0
-1.248	3.0
-1.247	3.0
-1.246	3.0
-1.245	3.0
-1.244	3.0
-1.243	3.0
-1.242	3.0
-1.241	3.0
-1.24	3.0
-1.239	3.0
-1.238	3.0
-1.237	3.0
-1.236	3.0
-1.235	3.0
-1.234	3.0
-1.233	3.0
-1.232	3.0
-1.231	3.0
-1.23	3.0
-1.229	3.0
-1.228	3.0
-1.227	3.0
-1.226	3.0
-1.225	3.0
-1.224	3.0
-1.223	3.0
-1.222	3.0
-1.221	3.0
-1.22	3.0
-1.219	3.0
-1.218	3.0
-1.217	3.0
-1.216	3.0
-1.215	3.0
-1.214	3.0
-1.213	3.0
-1.212	3.0
-1.211	3.0
-1.21	3.0
-1.209	3.0
-1.208	3.0
-1.207	3.0
-1.206	3.0
-1.205	3.0
-1.204	3.0
-1.203	3.0
-1.202	3.0
-1.201	3.0
-1.2	3.0
-1.199	3.0
-1.198	3.0
-1.197	3.0
-1.196	3.0
-1.195	3.0
-1.194	3.0
-1.193	3.0
-1.192	3.0
-1.191	3.0
-1.19	3.0
-1.189	3.0
-1.188	3.0
-1.187	3.0
-1.186	3.0
-1.185	3.0
-1.184	3.0
-1.183	3.0
-1.182	3.0
-1.181	3.0
-1.18	3.0
-1.179	3.0
-1.178	3.0
-1.177	3.0
-1.176	3.0
-1.175	3.0
-1.174	3.0
-1.173	3.0
-1.172	3.0
-1.171	3.0
-1.17	3.0
-1.169	3.0
-1.168	3.0
-1.167	3.0
-1.166	3.0
-1.165	3.0
-1.164	3.0
-1.163	3.0
-1.162	3.0
-1.161	3.0
-1.16	3.0
-1.159	3.0
-1.158	3.0
-1.157	3.0
-1.156	3.0
-1.155	3.0
-1.154	3.0
-1.153	3.0
-1.152	3.0
-1.151	3.0
-1.15	3.0
-1.149	3.0
-1.148	3.0
-1.147	3.0
-1.146	3.0
-1.145	3.0
-1.144	3.0
-1.143	3.0
-1.142	3.0
-1.141	3.0
-1.14	3.0
-1.139	3.0
-1.138	3.0
-1.137	3.0
-1.136	3.0
-1.135	3.0
-1.134	3.0
-1.133	3.0
-1.132	3.0
-1.131	3.0
-1.13	3.0
-1.129	3.0
-1.128	3.0
-1.127	3.0
-1.126	3.0
-1.125	3.0
-1.124	3.0
-1.123	3.0
-1.122	3.0
-1.121	3.0
-1.12	3.0
-1.119	3.0
-1.118	3.0
-1.117	3.0
-1.116	3.0
-1.115	3.0
-1.114	3.0
-1.113	3.0
-1.112	3.0
-1.111	3.0
-1.11	3.0
-1.109	3.0
-1.108	3.0
-1.107	3.0
-1.106	3.0
-1.105	3.0
-1.104	3.0
-1.103	3.0
-1.102	3.0
-1.101	3.0
-1.1	3.0
-1.099	3.0
-1.098	3.0
-1.097	3.0
-1.096	3.0
-1.095	3.0
-1.094	3.0
-1.093	3.0
-1.092	3.0
-1.091	3.0
-1.09	3.0
-1.089	3.0
-1.088	3.0
-1.087	3.0
-1.086	3.0
-1.085	3.0
-1.084	3.0
-1.083	3.0
-1.082	3.0
-1.081	3.0
-1.08	3.0
-1.079	3.0
-1.078	3.0
-1.077	3.0
-1.076	3.0
-1.075	3.0
-1.074	3.0
-1.073	3.0
-1.072	3.0
-1.071	3.0
-1.07	3.0
-1.069	3.0
-1.068	3.0
-1.067	3.0
-1.066	3.0
-1.065	3.0
-1.064	3.0
-1.063	3.0
-1.062	3.0
-1.061	3.0
-1.06	3.0
-1.059	3.0
-1.058	3.0
-1.057	3.0
-1.056	3.0
-1.055	3.0
-1.054	3.0
-1.053	3.0
-1.052	3.0
-1.051	3.0
-1.05	3.0
-1.049	3.0
-1.048	3.0
-1.047	3.0
-1.046	3.0
-1.045	3.0
-1.044	3.0
-1.043	3.0
-1.042	3.0
-1.041	3.0
-1.04	3.0
-1.039	3.0
-1.038	3.0
-1.037	3.0
-1.036	3.0
-1.035	3.0
-1.034	3.0
-1.033	3.0
-1.032	3.0
-1.031	3.0
-1.03	3.0
-1.029	3.0
-1.028	3.0
-1.027	3.0
-1.026	3.0
-1.025	3.0
-1.024	3.0
-1.023	3.0
-1.022	3.0
-1.021	3.0
-1.02	3.0
-1.019	3.0
-1.018	3.0
-1.017	3.0
-1.016	3.0
-1.015	3.0
-1.014	3.0
-1.013	3.0
-1.012	3.0
-1.011	3.0
-1.01	3.0
-1.009	3.0
-1.008	3.0
-1.007	3.0
-1.006	3.0
-1.005	3.0
-1.004	3.0
-1.003	3.0
-1.002	3.0
-1.001	3.0
-1.0	3.0
-0.999	3.0
-0.998	3.0
-0.997	3.0
-0.996	3.0
-0.995	3.0
-0.994	3.0
-0.993	3.0
-0.992	3.0
-0.991	3.0
-0.99	3.0
-0.989	3.0
-0.988	3.0
-0.987	3.0
-0.986	3.0
-0.985	3.0
-0.984	3.0
-0.983	3.0
-0.982	3.0
-0.981	3.0
-0.98	3.0
-0.979	3.0
-0.978	3.0
-0.977	3.0
-0.976	3.0
-0.975	3.0
-0.974	3.0
-0.973	3.0
-0.972	3.0
-0.971	3.0
-0.97	3.0
-0.969	3.0
-0.968	3.0
-0.967	3.0
-0.966	3.0
-0.965	3.0
-0.964	3.0
-0.963	3.0
-0.962	3.0
-0.961	3.0
-0.96	3.0
-0.959	3.0
-0.958	3.0
-0.957	3.0
-0.956	3.0
-0.955	3.0
-0.954	3.0
-0.953	3.0
-0.952	3.0
-0.951	3.0
-0.95	3.0
-0.949	3.0
-0.948	3.0
-0.947	3.0
-0.946	3.0
-0.945	3.0
-0.944	3.0
-0.943	3.0
-0.942	3.0
-0.941	3.0
-0.94	3.0
-0.939	3.0
-0.938	3.0
-0.937	3.0
-0.936	3.0
-0.935	3.0
-0.934	3.0
-0.933	3.0
-0.932	3.0
-0.931	3.0
-0.93	3.0
-0.929	3.0
-0.928	3.0
-0.927	3.0
-0.926	3.0
-0.925	3.0
-0.924	3.0
-0.923	3.0
-0.922	3.0
-0.921	3.0
-0.92	3.0
-0.919	3.0
-0.918	3.0
-0.917	3.0
-0.916	3.0
-0.915	3.0
-0.914	3.0
-0.913	3.0
-0.912	3.0
-0.911	3.0
-0.91	3.0
-0.909	3.0
-0.908	3.0
-0.907	3.0
-0.906	3.0
-0.905	3.0
-0.904	3.0
-0.903	3.0
-0.902	3.0
-0.901	3.0
-0.9	3.0
-0.899	3.0
-0.898	3.0
-0.897	3.0
-0.896	3.0
-0.895	3.0
-0.894	3.0
-0.893	3.0
-0.892	3.0
-0.891	3.0
-0.89	3.0
-0.889	3.0
-0.888	3.0
-0.887	3.0
-0.886	3.0
-0.885	3.0
-0.884	3.0
-0.883	3.0
-0.882	3.0
-0.881	3.0
-0.88	3.0
-0.879	3.0
-0.878	3.0
-0.877	3.0
-0.876	3.0
-0.875	3.0
-0.874	3.0
-0.873	3.0
-0.872	3.0
-0.871	3.0
-0.87	3.0
-0.869	3.0
-0.868	3.0
-0.867	3.0
-0.866	3.0
-0.865	3.0
-0.864	3.0
-0.863	3.0
-0.862	3.0
-0.861	3.0
-0.86	3.0
-0.859	3.0
-0.858	3.0
-0.857	3.0
-0.856	3.0
-0.855	3.0
-0.854	3.0
-0.853	3.0
-0.852	3.0
-0.851	3.0
-0.85	3.0
-0.849	3.0
-0.848	3.0
-0.847	3.0
-0.846	3.0
-0.845	3.0
-0.844	3.0
-0.843	3.0
-0.842	3.0
-0.841	3.0
-0.84	3.0
-0.839	3.0
-0.838	3.0
-0.837	3.0
-0.836	3.0
-0.835	3.0
-0.834	3.0
-0.833	3.0
-0.832	3.0
-0.831	3.0
-0.83	3.0
-0.829	3.0
-0.828	3.0
-0.827	3.0
-0.826	3.0
-0.825	3.0
-0.824	3.0
-0.823	3.0
-0.822	3.0
-0.821	3.0
-0.82	3.0
-0.819	3.0
-0.818	3.0
-0.817	3.0
-0.816	3.0
-0.815	3.0
-0.814	3.0
-0.813	3.0
-0.812	3.0
-0.811	3.0
-0.81	3.0
-0.809	3.0
-0.808	3.0
-0.807	3.0
-0.806	3.0
-0.805	3.0
-0.804	3.0
-0.803	3.0
-0.802	3.0
-0.801	3.0
-0.8	3.0
-0.799	3.0
-0.798	3.0
-0.797	3.0
-0.796	3.0
-0.795	3.0
-0.794	3.0
-0.793	3.0
-0.792	3.0
-0.791	3.0
-0.79	3.0
-0.789	3.0
-0.788	3.0
-0.787	3.0
-0.786	3.0
-0.785	3.0
-0.784	3.0
-0.783	3.0
-0.782	3.0
-0.781	3.0
-0.78	3.0
-0.779	3.0
-0.778	3.0
-0.777	3.0
-0.776	3.0
-0.775	3.0
-0.774	3.0
-0.773	3.0
-0.772	3.0
-0.771	3.0
-0.77	3.0
-0.769	3.0
-0.768	3.0
-0.767	3.0
-0.766	3.0
-0.765	3.0
-0.764	3.0
-0.763	3.0
-0.762	3.0
-0.761	3.0
-0.76	3.0
-0.759	3.0
-0.758	3.0
-0.757	3.0
-0.756	3.0
-0.755	3.0
-0.754	3.0
-0.753	3.0
-0.752	3.0
-0.751	3.0
-0.75	3.0
-0.749	3.0
-0.748	3.0
-0.747	3.0
-0.746	3.0
-0.745	3.0
-0.744	3.0
-0.743	3.0
-0.742	3.0
-0.741	3.0
-0.74	3.0
-0.739	3.0
-0.738	3.0
-0.737	3.0
-0.736	3.0
-0.735	3.0
-0.734	3.0
-0.733	3.0
-0.732	3.0
-0.731	3.0
-0.73	3.0
-0.729	3.0
-0.728	3.0
-0.727	3.0
-0.726	3.0
-0.725	3.0
-0.724	3.0
-0.723	3.0
-0.722	3.0
-0.721	3.0
-0.72	3.0
-0.719	3.0
-0.718	3.0
-0.717	3.0
-0.716	3.0
-0.715	3.0
-0.714	3.0
-0.713	3.0
-0.712	3.0
-0.711	3.0
-0.71	3.0
-0.709	3.0
-0.708	3.0
-0.707	3.0
-0.706	3.0
-0.705	3.0
-0.704	3.0
-0.703	3.0
-0.702	3.0
-0.701	3.0
-0.7	3.0
-0.699	3.0
-0.698	3.0
-0.697	3.0
-0.696	3.0
-0.695	3.0
-0.694	3.0
-0.693	3.0
-0.692	3.0
-0.691	3.0
-0.69	3.0
-0.689	3.0
-0.688	3.0
-0.687	3.0
-0.686	3.0
-0.685	3.0
-0.684	3.0
-0.683	3.0
-0.682	3.0
-0.681	3.0
-0.68	3.0
-0.679	3.0
-0.678	3.0
-0.677	3.0
-0.676	3.0
-0.675	3.0
-0.674	3.0
-0.673	3.0
-0.672	3.0
-0.671	3.0
-0.67	3.0
-0.669	3.0
-0.668	3.0
-0.667	3.0
-0.666	3.0
-0.665	3.0
-0.664	3.0
-0.663	3.0
-0.662	3.0
-0.661	3.0
-0.66	3.0
-0.659	3.0
-0.658	3.0
-0.657	3.0
-0.656	3.0
-0.655	3.0
-0.654	3.0
-0.653	3.0
-0.652	3.0
-0.651	3.0
-0.65	3.0
-0.649	3.0
-0.648	3.0
-0.647	3.0
-0.646	3.0
-0.645	3.0
-0.644	3.0
-0.643	3.0
-0.642	3.0
-0.641	3.0
-0.64	3.0
-0.639	3.0
-0.638	3.0
-0.637	3.0
-0.636	3.0
-0.635	3.0
-0.634	3.0
-0.633	3.0
-0.632	3.0
-0.631	3.0
-0.63	3.0
-0.629	3.0
-0.628	3.0
-0.627	3.0
-0.626	3.0
-0.625	3.0
-0.624	3.0
-0.623	3.0
-0.622	3.0
-0.621	3.0
-0.62	3.0
-0.619	3.0
-0.618	3.0
-0.617	3.0
-0.616	3.0
-0.615	3.0
-0.614	3.0
-0.613	3.0
-0.612	3.0
-0.611	3.0
-0.61	3.0
-0.609	3.0
-0.608	3.0
-0.607	3.0
-0.606	3.0
-0.605	6.0
-0.604	6.0
-0.603	6.0
-0.602	6.0
-0.601	6.0
-0.6	6.0
-0.599	6.0
-0.598	6.0
-0.597	6.0
-0.596	6.0
-0.595	6.0
-0.594	6.0
-0.593	6.0
-0.592	6.0
-0.591	6.0
-0.59	6.0
-0.589	6.0
-0.588	6.0
-0.587	6.0
-0.586	6.0
-0.585	6.0
-0.584	6.0
-0.583	6.0
-0.582	6.0
-0.581	6.0
-0.58	6.0
-0.579	6.0
-0.578	6.0
-0.577	6.0
-0.576	6.0
-0.575	6.0
-0.574	6.0
-0.573	6.0
-0.572	6.0
-0.571	6.0
-0.57	6.0
-0.569	6.0
-0.568	6.0
-0.567	6.0
-0.566	6.0
-0.565	6.0
-0.564	6.0
-0.563	6.0
-0.562	6.0
-0.561	6.0
-0.56	6.0
-0.559	6.0
-0.558	6.0
-0.557	6.0
-0.556	6.0
-0.555	6.0
-0.554	6.0
-0.553	6.0
-0.552	6.0
-0.551	6.0
-0.55	6.0
-0.549	6.0
-0.548	6.0
-0.547	6.0
-0.546	6.0
-0.545	6.0
-0.544	6.0
-0.543	6.0
-0.542	6.0
-0.541	6.0
-0.54	6.0
-0.539	6.0
-0.538	6.0
-0.537	6.0
-0.536	6.0
-0.535	6.0
-0.534	6.0
-0.533	6.0
-0.532	6.0
-0.531	6.0
-0.53	6.0
-0.529	6.0
-0.528	6.0
-0.527	6.0
-0.526	6.0
-0.525	6.0
-0.524	6.0
-0.523	6.0
-0.522	6.0
-0.521	6.0
-0.52	6.0
-0.519	6.0
-0.518	6.0
-0.517	6.0
-0.516	6.0
-0.515	6.0
-0.514	6.0
-0.513	6.0
-0.512	6.0
-0.511	6.0
-0.51	6.0
-0.509	6.0
-0.508	6.0
-0.507	6.0
-0.506	6.0
-0.505	6.0
-0.504	6.0
-0.503	6.0
-0.502	6.0
-0.501	6.0
-0.5	6.0
-0.499	6.0
-0.498	6.0
-0.497	6.0
-0.496	6.0
-0.495	6.0
-0.494	6.0
-0.493	6.0
-0.492	6.0
-0.491	6.0
-0.49	6.0
-0.489	6.0
-0.488	6.0
-0.487	6.0
-0.486	6.0
-0.485	6.0
-0.484	6.0
-0.483	6.0
-0.482	6.0
-0.481	6.0
-0.48	6.0
-0.479	6.0
-0.478	6.0
-0.477	6.0
-0.476	6.0
-0.475	6.0
-0.474	6.0
-0.473	6.0
-0.472	6.0
-0.471	6.0
-0.47	6.0
-0.469	6.0
-0.468	6.0
-0.467	6.0
-0.466	6.0
-0.465	6.0
-0.464	6.0
-0.463	6.0
-0.462	6.0
-0.461	6.0
-0.46	6.0
-0.459	6.0
-0.458	6.0
-0.457	6.0
-0.456	6.0
-0.455	6.0
-0.454	6.0
-0.453	6.0
-0.452	6.0
-0.451	6.0
-0.45	6.0
-0.449	6.0
-0.448	6.0
-0.447	6.0
-0.446	6.0
-0.445	6.0
-0.444	6.0
-0.443	6.0
-0.442	6.0
-0.441	6.0
-0.44	6.0
-0.439	6.0
-0.438	6.0
-0.437	6.0
-0.436	6.0
-0.435	6.0
-0.434	6.0
-0.433	6.0
-0.432	6.0
-0.431	6.0
-0.43	6.0
-0.429	6.0
-0.428	6.0
-0.427	6.0
-0.426	6.0
-0.425	6.0
-0.424	6.0
-0.423	6.0
-0.422	6.0
-0.421	6.0
-0.42	6.0
-0.419	6.0
-0.418	6.0
-0.417	6.0
-0.416	6.0
-0.415	6.0
-0.414	6.0
-0.413	6.0
-0.412	6.0
-0.411	6.0
-0.41	6.0
-0.409	6.0
-0.408	6.0
-0.407	6.0
-0.406	6.0
-0.405	6.0
-0.404	6.0
-0.403	6.0
-0.402	6.0
-0.401	6.0
-0.4	6.0
-0.399	6.0
-0.398	6.0
-0.397	6.0
-0.396	6.0
-0.395	6.0
-0.394	6.0
-0.393	6.0
-0.392	6.0
-0.391	6.0
-0.39	6.0
-0.389	6.0
-0.388	6.0
-0.387	6.0
-0.386	6.0
-0.385	6.0
-0.384	6.0
-0.383	6.0
-0.382	6.0
-0.381	6.0
-0.38	6.0
-0.379	6.0
-0.378	6.0
-0.377	6.0
-0.376	6.0
-0.375	6.0
-0.374	6.0
-0.373	6.0
-0.372	6.0
-0.371	6.0
-0.37	6.0
-0.369	6.0
-0.368	6.0
-0.367	6.0
-0.366	6.0
-0.365	6.0
-0.364	6.0
-0.363	6.0
-0.362	6.0
-0.361	6.0
-0.36	6.0
-0.359	6.0
-0.358	6.0
-0.357	6.0
-0.356	6.0
-0.355	6.0
-0.354	6.0
-0.353	6.0
-0.352	6.0
-0.351	6.0
-0.35	6.0
-0.349	6.0
-0.348	6.0
-0.347	6.0
-0.346	6.0
-0.345	6.0
-0.344	6.0
-0.343	6.0
-0.342	6.0
-0.341	6.0
-0.34	6.0
-0.339	6.0
-0.338	6.0
-0.337	6.0
-0.336	6.0
-0.335	6.0
-0.334	6.0
-0.333	6.0
-0.332	6.0
-0.331	6.0
-0.33	6.0
-0.329	6.0
-0.328	6.0
-0.327	6.0
-0.326	6.0
-0.325	6.0
-0.324	6.0
-0.323	6.0
-0.322	6.0
-0.321	6.0
-0.32	6.0
-0.319	6.0
-0.318	6.0
-0.317	6.0
-0.316	6.0
-0.315	6.0
-0.314	6.0
-0.313	6.0
-0.312	6.0
-0.311	6.0
-0.31	6.0
-0.309	6.0
-0.308	6.0
-0.307	6.0
-0.306	6.0
-0.305	6.0
-0.304	6.0
-0.303	6.0
-0.302	6.0
-0.301	6.0
-0.3	6.0
-0.299	6.0
-0.298	6.0
-0.297	6.0
-0.296	6.0
-0.295	6.0
-0.294	6.0
-0.293	6.0
-0.292	6.0
-0.291	6.0
-0.29	6.0
-0.289	6.0
-0.288	6.0
-0.287	6.0
-0.286	6.0
-0.285	6.0
-0.284	6.0
-0.283	6.0
-0.282	6.0
-0.281	6.0
-0.28	6.0
-0.279	6.0
-0.278	6.0
-0.277	6.0
-0.276	6.0
-0.275	6.0
-0.274	6.0
-0.273	6.0
-0.272	6.0
-0.271	6.0
-0.27	6.0
-0.269	6.0
-0.268	6.0
-0.267	6.0
-0.266	6.0
-0.265	6.0
-0.264	6.0
-0.263	6.0
-0.262	6.0
-0.261	6.0
-0.26	6.0
-0.259	6.0
-0.258	6.0
-0.257	6.0
-0.256	6.0
-0.255	6.0
-0.254	6.0
-0.253	6.0
-0.252	6.0
-0.251	6.0
-0.25	6.0
-0.249	6.0
-0.248	6.0
-0.247	6.0
-0.246	6.0
-0.245	6.0
-0.244	6.0
-0.243	6.0
-0.242	6.0
-0.241	6.0
-0.24	6.0
-0.239	6.0
-0.238	6.0
-0.237	6.0
-0.236	6.0
-0.235	6.0
-0.234	6.0
-0.233	6.0
-0.232	6.0
-0.231	6.0
-0.23	6.0
-0.229	6.0
-0.228	6.0
-0.227	6.0
-0.226	6.0
-0.225	6.0
-0.224	6.0
-0.223	6.0
-0.222	6.0
-0.221	6.0
-0.22	6.0
-0.219	6.0
-0.218	6.0
-0.217	6.0
-0.216	6.0
-0.215	6.0
-0.214	6.0
-0.213	6.0
-0.212	6.0
-0.211	6.0
-0.21	6.0
-0.209	6.0
-0.208	6.0
-0.207	6.0
-0.206	6.0
-0.205	6.0
-0.204	6.0
-0.203	6.0
-0.202	6.0
-0.201	6.0
-0.2	6.0
-0.199	6.0
-0.198	6.0
-0.197	6.0
-0.196	6.0
-0.195	6.0
-0.194	6.0
-0.193	6.0
-0.192	6.0
-0.191	6.0
-0.19	6.0
-0.189	6.0
-0.188	6.0
-0.187	6.0
-0.186	6.0
-0.185	6.0
-0.184	6.0
-0.183	6.0
-0.182	6.0
-0.181	6.0
-0.18	6.0
-0.179	6.0
-0.178	6.0
-0.177	6.0
-0.176	6.0
-0.175	6.0
-0.174	6.0
-0.173	6.0
-0.172	6.0
-0.171	6.0
-0.17	6.0
-0.169	6.0
-0.168	6.0
-0.167	6.0
-0.166	6.0
-0.165	6.0
-0.164	6.0
-0.163	6.0
-0.162	6.0
-0.161	6.0
-0.16	6.0
-0.159	6.0
-0.158	6.0
-0.157	6.0
-0.156	6.0
-0.155	6.0
-0.154	6.0
-0.153	6.0
-0.152	6.0
-0.151	6.0
-0.15	6.0
-0.149	6.0
-0.148	6.0
-0.147	6.0
-0.146	6.0
-0.145	6.0
-0.144	6.0
-0.143	6.0
-0.142	6.0
-0.141	6.0
-0.14	6.0
-0.139	6.0
-0.138	6.0
-0.137	6.0
-0.136	6.0
-0.135	6.0
-0.134	6.0
-0.133	6.0
-0.132	6.0
-0.131	6.0
-0.13	6.0
-0.129	6.0
-0.128	6.0
-0.127	6.0
-0.126	6.0
-0.125	6.0
-0.124	6.0
-0.123	6.0
-0.122	6.0
-0.121	6.0
-0.12	6.0
-0.119	6.0
-0.118	6.0
-0.117	6.0
-0.116	6.0
-0.115	6.0
-0.114	6.0
-0.113	6.0
-0.112	6.0
-0.111	6.0
-0.11	6.0
-0.109	6.0
-0.108	6.0
-0.107	6.0
-0.106	6.0
-0.105	6.0
-0.104	6.0
-0.103	6.0
-0.102	6.0
-0.101	6.0
-0.1	6.0
-0.099	6.0
-0.098	6.0
-0.097	6.0
-0.096	6.0
-0.095	6.0
-0.094	6.0
-0.093	6.0
-0.092	6.0
-0.091	6.0
-0.09	6.0
-0.089	6.0
-0.088	6.0
-0.087	6.0
-0.086	6.0
-0.085	6.0
-0.084	6.0
-0.083	6.0
-0.082	6.0
-0.081	6.0
-0.08	6.0
-0.079	6.0
-0.078	6.0
-0.077	6.0
-0.076	6.0
-0.075	6.0
-0.074	6.0
-0.073	6.0
-0.072	6.0
-0.071	6.0
-0.07	6.0
-0.069	6.0
-0.068	6.0
-0.067	6.0
-0.066	6.0
-0.065	6.0
-0.064	6.0
-0.063	6.0
-0.062	6.0
-0.061	6.0
-0.06	6.0
-0.059	6.0
-0.058	6.0
-0.057	6.0
-0.056	6.0
-0.055	6.0
-0.054	6.0
-0.053	6.0
-0.052	6.0
-0.051	6.0
-0.05	6.0
-0.049	6.0
-0.048	6.0
-0.047	6.0
-0.046	6.0
-0.045	6.0
-0.044	6.0
-0.043	6.0
-0.042	6.0
-0.041	6.0
-0.04	6.0
-0.039	6.0
-0.038	6.0
-0.037	6.0
-0.036	6.0
-0.035	6.0
-0.034	6.0
-0.033	6.0
-0.032	6.0
-0.031	6.0
-0.03	6.0
-0.029	6.0
-0.028	6.0
-0.027	6.0
-0.026	6.0
-0.025	6.0
-0.024	6.0
-0.023	6.0
-0.022	6.0
-0.021	6.0
-0.02	6.0
-0.019	6.0
-0.018	6.0
-0.017	6.0
-0.016	6.0
-0.015	6.0
-0.014	6.0
-0.013	6.0
-0.012	6.0
-0.011	6.0
-0.01	6.0
-0.009	6.0
-0.008	6.0
-0.007	6.0
-0.006	6.0
-0.005	6.0
-0.004	6.0
-0.003	6.0
-0.002	6.0
-0.001	6.0
0.0	6.0
0.001	6.0
0.002	6.0
0.003	6.0
0.004	6.0
0.005	6.0
0.006	6.0
0.007	6.0
0.008	6.0
0.009	6.0
0.01	6.0
0.011	6.0
0.012	6.0
0.013	6.0
0.014	6.0
0.015	6.0
0.016	6.0
0.017	6.0
0.018	6.0
0.019	6.0
0.02	6.0
0.021	6.0
0.022	6.0
0.023	6.0
0.024	6.0
0.025	6.0
0.026	6.0
0.027	6.0
0.028	6.0
0.029	6.0
0.03	6.0
0.031	6.0
0.032	6.0
0.033	6.0
0.034	6.0
0.035	6.0
0.036	6.0
0.037	6.0
0.038	6.0
0.039	6.0
0.04	6.0
0.041	6.0
0.042	6.0
0.043	6.0
0.044	6.0
0.045	6.0
0.046	6.0
0.047	6.0
0.048	6.0
0.049	6.0
0.05	6.0
0.051	6.0
0.052	6.0
0.053	6.0
0.054	6.0
0.055	6.0
0.056	6.0
0.057	6.0
0.058	6.0
0.059	6.0
0.06	6.0
0.061	6.0
0.062	6.0
0.063	6.0
0.064	6.0
0.065	6.0
0.066	6.0
0.067	6.0
0.068	6.0
0.069	6.0
0.07	6.0
0.071	6.0
0.072	6.0
0.073	6.0
0.074	6.0
0.075	6.0
0.076	6.0
0.077	6.0
0.078	6.0
0.079	6.0
0.08	6.0
0.081	6.0
0.082	6.0
0.083	6.0
0.084	6.0
0.085	6.0
0.086	6.0
0.087	6.0
0.088	6.0
0.089	6.0
0.09	6.0
0.091	6.0
0.092	6.0
0.093	6.0
0.094	6.0
0.095	6.0
0.096	6.0
0.097	6.0
0.098	6.0
0.099	6.0
0.1	6.0
0.101	6.0
0.102	6.0
0.103	6.0
0.104	6.0
0.105	6.0
0.106	6.0
0.107	6.0
0.108	6.0
0.109	6.0
0.11	6.0
0.111	6.0
0.112	6.0
0.113	6.0
0.114	6.0
0.115	6.0
0.116	6.0
0.117	6.0
0.118	6.0
0.119	6.0
0.12	6.0
0.121	6.0
0.122	6.0
0.123	6.0
0.124	6.0
0.125	6.0
0.126	6.0
0.127	6.0
0.128	6.0
0.129	6.0
0.13	6.0
0.131	6.0
0.132	6.0
0.133	6.0
0.134	6.0
0.135	6.0
0.136	6.0
0.137	6.0
0.138	6.0
0.139	6.0
0.14	6.0
0.141	6.0
0.142	6.0
0.143	6.0
0.144	6.0
0.145	6.0
0.146	6.0
0.147	6.0
0.148	6.0
0.149	6.0
0.15	6.0
0.151	6.0
0.152	6.0
0.153	6.0
0.154	6.0
0.155	6.0
0.156	6.0
0.157	6.0
0.158	6.0
0.159	6.0
0.16	6.0
0.161	6.0
0.162	6.0
0.163	6.0
0.164	6.0
0.165	6.0
0.166	6.0
0.167	6.0
0.168	6.0
0.169	6.0
0.17	6.0
0.171	6.0
0.172	6.0
0.173	6.0
0.174	6.0
0.175	6.0
0.176	6.0
0.177	6.0
0.178	6.0
0.179	6.0
0.18	6.0
0.181	6.0
0.182	6.0
0.183	6.0
0.184	6.0
0.185	6.0
0.186	6.0
0.187	6.0
0.188	6.0
0.189	6.0
0.19	6.0
0.191	6.0
0.192	6.0
0.193	6.0
0.194	6.0
0.195	6.0
0.196	6.0
0.197	6.0
0.198	6.0
0.199	6.0
0.2	6.0
0.201	6.0
0.202	6.0
0.203	6.0
0.204	6.0
0.205	6.0
0.206	6.0
0.207	6.0
0.208	6.0
0.209	6.0
0.21	6.0
0.211	6.0
0.212	6.0
0.213	6.0
0.214	6.0
0.215	6.0
0.216	6.0
0.217	6.0
0.218	6.0
0.219	6.0
0.22	6.0
0.221	6.0
0.222	6.0
0.223	6.0
0.224	6.0
0.225	6.0
0.226	6.0
0.227	6.0
0.228	6.0
0.229	6.0
0.23	6.0
0.231	6.0
0.232	6.0
0.233	6.0
0.234	6.0
0.235	6.0
0.236	6.0
0.237	6.0
0.238	6.0
0.239	6.0
0.24	6.0
0.241	6.0
0.242	6.0
0.243	6.0
0.244	6.0
0.245	6.0
0.246	6.0
0.247	6.0
0.248	6.0
0.249	6.0
0.25	6.0
0.251	6.0
0.252	6.0
0.253	6.0
0.254	6.0
0.255	6.0
0.256	6.0
0.257	6.0
0.258	6.0
0.259	6.0
0.26	6.0
0.261	6.0
0.262	6.0
0.263	6.0
0.264	6.0
0.265	6.0
0.266	6.0
0.267	6.0
0.268	6.0
0.269	6.0
0.27	6.0
0.271	6.0
0.272	6.0
0.273	6.0
0.274	6.0
0.275	6.0
0.276	6.0
0.277	6.0
0.278	6.0
0.279	6.0
0.28	6.0
0.281	6.0
0.282	6.0
0.283	6.0
0.284	6.0
0.285	6.0
0.286	6.0
0.287	6.0
0.288	6.0
0.289	6.0
0.29	6.0
0.291	6.0
0.292	6.0
0.293	6.0
0.294	6.0
0.295	6.0
0.296	6.0
0.297	6.0
0.298	6.0
0.299	6.0
0.3	6.0
0.301	6.0
0.302	6.0
0.303	6.0
0.304	6.0
0.305	6.0
0.306	6.0
0.307	6.0
0.308	6.0
0.309	6.0
0.31	6.0
0.311	6.0
0.312	6.0
0.313	6.0
0.314	6.0
0.315	6.0
0.316	6.0
0.317	6.0
0.318	6.0
0.319	6.0
0.32	6.0
0.321	6.0
0.322	6.0
0.323	6.0
0.324	6.0
0.325	6.0
0.326	6.0
0.327	6.0
0.328	6.0
0.329	6.0
0.33	6.0
0.331	6.0
0.332	6.0
0.333	6.0
0.334	6.0
0.335	6.0
0.336	6.0
0.337	6.0
0.338	6.0
0.339	6.0
0.34	6.0
0.341	6.0
0.342	6.0
0.343	6.0
0.344	6.0
0.345	6.0
0.346	6.0
0.347	6.0
0.348	6.0
0.349	6.0
0.35	6.0
0.351	6.0
0.352	6.0
0.353	6.0
0.354	6.0
0.355	6.0
0.356	6.0
0.357	6.0
0.358	6.0
0.359	6.0
0.36	6.0
0.361	6.0
0.362	6.0
0.363	6.0
0.364	6.0
0.365	6.0
0.366	6.0
0.367	6.0
0.368	6.0
0.369	6.0
0.37	6.0
0.371	6.0
0.372	6.0
0.373	6.0
0.374	6.0
0.375	6.0
0.376	6.0
0.377	6.0
0.378	6.0
0.379	6.0
0.38	6.0
0.381	6.0
0.382	6.0
0.383	6.0
0.384	6.0
0.385	6.0
0.386	6.0
0.387	6.0
0.388	6.0
0.389	6.0
0.39	6.0
0.391	6.0
0.392	6.0
0.393	6.0
0.394	6.0
0.395	6.0
0.396	6.0
0.397	6.0
0.398	6.0
0.399	6.0
0.4	6.0
0.401	6.0
0.402	6.0
0.403	6.0
0.404	6.0
0.405	6.0
0.406	6.0
0.407	6.0
0.408	6.0
0.409	6.0
0.41	6.0
0.411	6.0
0.412	6.0
0.413	6.0
0.414	6.0
0.415	6.0
0.416	6.0
0.417	6.0
0.418	6.0
0.419	6.0
0.42	6.0
0.421	6.0
0.422	6.0
0.423	6.0
0.424	6.0
0.425	6.0
0.426	6.0
0.427	6.0
0.428	6.0
0.429	6.0
0.43	6.0
0.431	6.0
0.432	6.0
0.433	6.0
0.434	6.0
0.435	6.0
0.436	6.0
0.437	6.0
0.438	6.0
0.439	6.0
0.44	6.0
0.441	6.0
0.442	6.0
0.443	6.0
0.444	6.0
0.445	6.0
0.446	6.0
0.447	6.0
0.448	6.0
0.449	6.0
0.45	6.0
0.451	6.0
0.452	6.0
0.453	6.0
0.454	6.0
0.455	6.0
0.456	6.0
0.457	6.0
0.458	6.0
0.459	6.0
0.46	6.0
0.461	6.0
0.462	6.0
0.463	6.0
0.464	6.0
0.465	6.0
0.466	6.0
0.467	6.0
0.468	6.0
0.469	6.0
0.47	6.0
0.471	6.0
0.472	6.0
0.473	6.0
0.474	6.0
0.475	6.0
0.476	6.0
0.477	6.0
0.478	6.0
0.479	6.0
0.48	6.0
0.481	6.0
0.482	6.0
0.483	6.0
0.484	6.0
0.485	6.0
0.486	6.0
0.487	6.0
0.488	6.0
0.489	6.0
0.49	6.0
0.491	6.0
0.492	6.0
0.493	6.0
0.494	6.0
0.495	6.0
0.496	6.0
0.497	6.0
0.498	6.0
0.499	6.0
0.5	6.0
0.501	6.0
0.502	6.0
0.503	6.0
0.504	6.0
0.505	6.0
0.506	6.0
0.507	6.0
0.508	6.0
0.509	6.0
0.51	6.0
0.511	6.0
0.512	6.0
0.513	6.0
0.514	6.0
0.515	6.0
0.516	6.0
0.517	6.0
0.518	6.0
0.519	6.0
0.52	6.0
0.521	6.0
0.522	6.0
0.523	6.0
0.524	6.0
0.525	6.0
0.526	6.0
0.527	6.0
0.528	6.0
0.529	6.0
0.53	6.0
0.531	6.0
0.532	6.0
0.533	6.0
0.534	6.0
0.535	6.0
0.536	6.0
0.537	6.0
0.538	6.0
0.539	6.0
0.54	6.0
0.541	6.0
0.542	6.0
0.543	6.0
0.544	6.0
0.545	6.0
0.546	6.0
0.547	6.0
0.548	6.0
0.549	6.0
0.55	6.0
0.551	6.0
0.552	6.0
0.553	6.0
0.554	6.0
0.555	6.0
0.556	6.0
0.557	6.0
0.558	6.0
0.559	6.0
0.56	6.0
0.561	6.0
0.562	6.0
0.563	6.0
0.564	6.0
0.565	6.0
0.566	6.0
0.567	6.0
0.568	6.0
0.569	6.0
0.57	6.0
0.571	6.0
0.572	6.0
0.573	6.0
0.574	6.0
0.575	6.0
0.576	6.0
0.577	6.0
0.578	6.0
0.579	6.0
0.58	6.0
0.581	6.0
0.582	6.0
0.583	6.0
0.584	6.0
0.585	6.0
0.586	6.0
0.587	6.0
0.588	6.0
0.589	6.0
0.59	6.0
0.591	6.0
0.592	6.0
0.593	6.0
0.594	6.0
0.595	6.0
0.596	6.0
0.597	6.0
0.598	6.0
0.599	6.0
0.6	6.0
0.601	6.0
0.602	6.0
0.603	6.0
0.604	6.0
0.605	6.0
0.606	6.0
0.607	6.0
0.608	6.0
0.609	6.0
0.61	6.0
0.611	6.0
0.612	6.0
0.613	6.0
0.614	6.0
0.615	6.0
0.616	6.0
0.617	6.0
0.618	6.0
0.619	6.0
0.62	6.0
0.621	6.0
0.622	6.0
0.623	6.0
0.624	6.0
0.625	6.0
0.626	6.0
0.627	6.0
0.628	6.0
0.629	6.0
0.63	6.0
0.631	6.0
0.632	6.0
0.633	6.0
0.634	6.0
0.635	6.0
0.636	6.0
0.637	6.0
0.638	6.0
0.639	6.0
0.64	6.0
0.641	6.0
0.642	6.0
0.643	6.0
0.644	6.0
0.645	6.0
0.646	6.0
0.647	6.0
0.648	6.0
0.649	6.0
0.65	6.0
0.651	6.0
0.652	6.0
0.653	6.0
0.654	6.0
0.655	6.0
0.656	6.0
0.657	6.0
0.658	6.0
0.659	6.0
0.66	6.0
0.661	6.0
0.662	6.0
0.663	6.0
0.664	6.0
0.665	6.0
0.666	6.0
0.667	6.0
0.668	6.0
0.669	6.0
0.67	6.0
0.671	6.0
0.672	6.0
0.673	6.0
0.674	6.0
0.675	6.0
0.676	6.0
0.677	6.0
0.678	6.0
0.679	6.0
0.68	6.0
0.681	6.0
0.682	6.0
0.683	6.0
0.684	6.0
0.685	6.0
0.686	6.0
0.687	6.0
0.688	6.0
0.689	6.0
0.69	6.0
0.691	6.0
0.692	6.0
0.693	6.0
0.694	6.0
0.695	6.0
0.696	6.0
0.697	6.0
0.698	6.0
0.699	6.0
0.7	6.0
0.701	6.0
0.702	6.0
0.703	6.0
0.704	6.0
0.705	6.0
0.706	6.0
0.707	6.0
0.708	6.0
0.709	6.0
0.71	6.0
0.711	6.0
0.712	6.0
0.713	6.0
0.714	6.0
0.715	6.0
0.716	6.0
0.717	6.0
0.718	6.0
0.719	6.0
0.72	6.0
0.721	6.0
0.722	6.0
0.723	6.0
0.724	6.0
0.725	6.0
0.726	6.0
0.727	6.0
0.728	6.0
0.729	6.0
0.73	6.0
0.731	6.0
0.732	6.0
0.733	6.0
0.734	6.0
0.735	6.0
0.736	6.0
0.737	6.0
0.738	6.0
0.739	6.0
0.74	6.0
0.741	6.0
0.742	6.0
0.743	6.0
0.744	6.0
0.745	6.0
0.746	6.0
0.747	6.0
0.748	6.0
0.749	6.0
0.75	6.0
0.751	6.0
0.752	6.0
0.753	6.0
0.754	6.0
0.755	6.0
0.756	6.0
0.757	6.0
0.758	6.0
0.759	6.0
0.76	6.0
0.761	6.0
0.762	6.0
0.763	6.0
0.764	6.0
0.765	6.0
0.766	6.0
0.767	6.0
0.768	6.0
0.769	6.0
0.77	6.0
0.771	6.0
0.772	6.0
0.773	6.0
0.774	6.0
0.775	6.0
0.776	6.0
0.777	6.0
0.778	6.0
0.779	6.0
0.78	6.0
0.781	6.0
0.782	6.0
0.783	6.0
0.784	6.0
0.785	6.0
0.786	6.0
0.787	6.0
0.788	6.0
0.789	6.0
0.79	6.0
0.791	6.0
0.792	6.0
0.793	6.0
0.794	6.0
0.795	6.0
0.796	6.0
0.797	6.0
0.798	6.0
0.799	6.0
0.8	6.0
0.801	6.0
0.802	6.0
0.803	6.0
0.804	6.0
0.805	6.0
0.806	6.0
0.807	6.0
0.808	6.0
0.809	6.0
0.81	6.0
0.811	6.0
0.812	6.0
0.813	6.0
0.814	6.0
0.815	6.0
0.816	6.0
0.817	6.0
0.818	6.0
0.819	6.0
0.82	6.0
0.821	6.0
0.822	6.0
0.823	6.0
0.824	6.0
0.825	6.0
0.826	6.0
0.827	6.0
0.828	6.0
0.829	6.0
0.83	6.0
0.831	6.0
0.832	6.0
0.833	6.0
0.834	6.0
0.835	6.0
0.836	6.0
0.837	6.0
0.838	6.0
0.839	6.0
0.84	6.0
0.841	6.0
0.842	6.0
0.843	6.0
0.844	6.0
0.845	6.0
0.846	6.0
0.847	6.0
0.848	6.0
0.849	6.0
0.85	6.0
0.851	6.0
0.852	6.0
0.853	6.0
0.854	6.0
0.855	6.0
0.856	6.0
0.857	6.0
0.858	6.0
0.859	6.0
0.86	6.0
0.861	6.0
0.862	6.0
0.863	6.0
0.864	6.0
0.865	6.0
0.866	6.0
0.867	6.0
0.868	6.0
0.869	6.0
0.87	6.0
0.871	6.0
0.872	6.0
0.873	6.0
0.874	6.0
0.875	6.0
0.876	6.0
0.877	6.0
0.878	6.0
0.879	6.0
0.88	6.0
0.881	6.0
0.882	6.0
0.883	6.0
0.884	6.0
0.885	6.0
0.886	6.0
0.887	6.0
0.888	6.0
0.889	6.0
0.89	6.0
0.891	6.0
0.892	6.0
0.893	6.0
0.894	6.0
0.895	6.0
0.896	6.0
0.897	6.0
0.898	6.0
0.899	6.0
0.9	6.0
0.901	6.0
0.902	6.0
0.903	6.0
0.904	6.0
0.905	6.0
0.906	6.0
0.907	6.0
0.908	6.0
0.909	6.0
0.91	6.0
0.911	6.0
0.912	6.0
0.913	6.0
0.914	6.0
0.915	6.0
0.916	6.0
0.917	6.0
0.918	6.0
0.919	6.0
0.92	6.0
0.921	6.0
0.922	6.0
0.923	6.0
0.924	6.0
0.925	6.0
0.926	6.0
0.927	6.0
0.928	6.0
0.929	6.0
0.93	6.0
0.931	6.0
0.932	6.0
0.933	6.0
0.934	6.0
0.935	6.0
0.936	6.0
0.937	6.0
0.938	6.0
0.939	6.0
0.94	6.0
0.941	6.0
0.942	6.0
0.943	6.0
0.944	6.0
0.945	6.0
0.946	6.0
0.947	6.0
0.948	6.0
0.949	6.0
0.95	6.0
0.951	6.0
0.952	6.0
0.953	6.0
0.954	6.0
0.955	6.0
0.956	6.0
0.957	6.0
0.958	6.0
0.959	6.0
0.96	6.0
0.961	6.0
0.962	6.0
0.963	6.0
0.964	6.0
0.965	6.0
0.966	6.0
0.967	6.0
0.968	6.0
0.969	6.0
0.97	6.0
0.971	6.0
0.972	6.0
0.973	6.0
0.974	6.0
0.975	6.0
0.976	6.0
0.977	6.0
0.978	6.0
0.979	6.0
0.98	6.0
0.981	6.0
0.982	6.0
0.983	6.0
0.984	6.0
0.985	6.0
0.986	6.0
0.987	6.0
0.988	6.0
0.989	6.0
0.99	6.0
0.991	6.0
0.992	6.0
0.993	6.0
0.994	6.0
0.995	6.0
0.996	6.0
0.997	6.0
0.998	6.0
0.999	6.0
1.0	6.0
1.001	6.0
1.002	6.0
1.003	6.0
1.004	6.0
1.005	6.0
1.006	6.0
1.007	6.0
1.008	6.0
1.009	6.0
1.01	6.0
1.011	6.0
1.012	6.0
1.013	6.0
1.014	6.0
1.015	6.0
1.016	6.0
1.017	6.0
1.018	6.0
1.019	6.0
1.02	6.0
1.021	6.0
1.022	6.0
1.023	6.0
1.024	6.0
1.025	6.0
1.026	6.0
1.027	6.0
1.028	6.0
1.029	6.0
1.03	6.0
1.031	6.0
1.032	6.0
1.033	6.0
1.034	6.0
1.035	6.0
1.036	6.0
1.037	6.0
1.038	6.0
1.039	6.0
1.04	6.0
1.041	6.0
1.042	6.0
1.043	6.0
1.044	6.0
1.045	6.0
1.046	6.0
1.047	6.0
1.048	6.0
1.049	6.0
1.05	6.0
1.051	6.0
1.052	6.0
1.053	6.0
1.054	6.0
1.055	6.0
1.056	6.0
1.057	6.0
1.058	6.0
1.059	6.0
1.06	6.0
1.061	6.0
1.062	6.0
1.063	6.0
1.064	6.0
1.065	6.0
1.066	6.0
1.067	6.0
1.068	6.0
1.069	6.0
1.07	6.0
1.071	6.0
1.072	6.0
1.073	6.0
1.074	6.0
1.075	6.0
1.076	6.0
1.077	6.0
1.078	6.0
1.079	6.0
1.08	6.0
1.081	6.0
1.082	6.0
1.083	6.0
1.084	6.0
1.085	6.0
1.086	6.0
1.087	6.0
1.088	6.0
1.089	6.0
1.09	6.0
1.091	6.0
1.092	6.0
1.093	6.0
1.094	6.0
1.095	6.0
1.096	6.0
1.097	6.0
1.098	6.0
1.099	6.0
1.1	6.0
1.101	6.0
1.102	6.0
1.103	6.0
1.104	6.0
1.105	6.0
1.106	6.0
1.107	6.0
1.108	6.0
1.109	6.0
1.11	6.0
1.111	6.0
1.112	6.0
1.113	6.0
1.114	6.0
1.115	6.0
1.116	6.0
1.117	6.0
1.118	6.0
1.119	6.0
1.12	6.0
1.121	6.0
1.122	6.0
1.123	6.0
1.124	6.0
1.125	6.0
1.126	6.0
1.127	6.0
1.128	6.0
1.129	6.0
1.13	6.0
1.131	6.0
1.132	6.0
1.133	6.0
1.134	6.0
1.135	6.0
1.136	6.0
1.137	6.0
1.138	6.0
1.139	6.0
1.14	6.0
1.141	6.0
1.142	6.0
1.143	6.0
1.144	6.0
1.145	6.0
1.146	6.0
1.147	6.0
1.148	6.0
1.149	6.0
1.15	6.0
1.151	6.0
1.152	6.0
1.153	6.0
1.154	6.0
1.155	6.0
1.156	6.0
1.157	6.0
1.158	6.0
1.159	6.0
1.16	6.0
1.161	6.0
1.162	6.0
1.163	6.0
1.164	6.0
1.165	6.0
1.166	6.0
1.167	6.0
1.168	6.0
1.169	6.0
1.17	6.0
1.171	6.0
1.172	6.0
1.173	6.0
1.174	6.0
1.175	6.0
1.176	6.0
1.177	6.0
1.178	6.0
1.179	6.0
1.18	6.0
1.181	6.0
1.182	6.0
1.183	6.0
1.184	6.0
1.185	6.0
1.186	6.0
1.187	6.0
1.188	6.0
1.189	6.0
1.19	6.0
1.191	6.0
1.192	6.0
1.193	6.0
1.194	6.0
1.195	6.0
1.196	6.0
1.197	6.0
1.198	6.0
1.199	6.0
1.2	6.0
1.201	6.0
1.202	6.0
1.203	6.0
1.204	6.0
1.205	6.0
1.206	6.0
1.207	6.0
1.208	6.0
1.209	6.0
1.21	6.0
1.211	6.0
1.212	6.0
1.213	6.0
1.214	6.0
1.215	6.0
1.216	6.0
1.217	6.0
1.218	6.0
1.219	6.0
1.22	6.0
1.221	6.0
1.222	6.0
1.223	6.0
1.224	6.0
1.225	6.0
1.226	6.0
1.227	6.0
1.228	6.0
1.229	6.0
1.23	6.0
1.231	6.0
1.232	6.0
1.233	6.0
1.234	6.0
1.235	6.0
1.236	6.0
1.237	6.0
1.238	6.0
1.239	6.0
1.24	6.0
1.241	6.0
1.242	6.0
1.243	6.0
1.244	6.0
1.245	6.0
1.246	6.0
1.247	6.0
1.248	6.0
1.249	6.0
1.25	6.0
1.251	6.0
1.252	6.0
1.253	6.0
1.254	6.0
1.255	6.0
1.256	6.0
1.257	6.0
1.258	6.0
1.259	6.0
1.26	6.0
1.261	6.0
1.262	6.0
1.263	6.0
1.264	6.0
1.265	6.0
1.266	6.0
1.267	6.0
1.268	6.0
1.269	6.0
1.27	6.0
1.271	6.0
1.272	6.0
1.273	6.0
1.274	6.0
1.275	6.0
1.276	6.0
1.277	6.0
1.278	6.0
1.279	6.0
1.28	6.0
1.281	6.0
1.282	6.0
1.283	6.0
1.284	6.0
1.285	6.0
1.286	6.0
1.287	6.0
1.288	6.0
1.289	6.0
1.29	6.0
1.291	6.0
1.292	6.0
1.293	6.0
1.294	6.0
1.295	6.0
1.296	6.0
1.297	6.0
1.298	6.0
1.299	6.0
1.3	6.0
1.301	6.0
1.302	6.0
1.303	6.0
1.304	6.0
1.305	6.0
1.306	6.0
1.307	6.0
1.308	6.0
1.309	6.0
1.31	6.0
1.311	6.0
1.312	6.0
1.313	6.0
1.314	6.0
1.315	6.0
1.316	6.0
1.317	6.0
1.318	6.0
1.319	6.0
1.32	6.0
1.321	6.0
1.322	6.0
1.323	6.0
1.324	6.0
1.325	6.0
1.326	6.0
1.327	6.0
1.328	6.0
1.329	6.0
1.33	6.0
1.331	6.0
1.332	6.0
1.333	6.0
1.334	6.0
1.335	6.0
1.336	6.0
1.337	6.0
1.338	6.0
1.339	6.0
1.34	6.0
1.341	6.0
1.342	6.0
1.343	6.0
1.344	6.0
1.345	6.0
1.346	6.0
1.347	6.0
1.348	6.0
1.349	6.0
1.35	6.0
1.351	6.0
1.352	6.0
1.353	6.0
1.354	6.0
1.355	6.0
1.356	6.0
1.357	6.0
1.358	6.0
1.359	6.0
1.36	6.0
1.361	6.0
1.362	6.0
1.363	6.0
1.364	6.0
1.365	6.0
1.366	6.0
1.367	6.0
1.368	6.0
1.369	6.0
1.37	6.0
1.371	6.0
1.372	6.0
1.373	6.0
1.374	6.0
1.375	6.0
1.376	6.0
1.377	6.0
1.378	6.0
1.379	6.0
1.38	6.0
1.381	6.0
1.382	6.0
1.383	6.0
1.384	6.0
1.385	6.0
1.386	6.0
1.387	6.0
1.388	6.0
1.389	6.0
1.39	6.0
1.391	6.0
1.392	6.0
1.393	6.0
1.394	6.0
1.395	6.0
1.396	6.0
1.397	6.0
1.398	6.0
1.399	6.0
1.4	6.0
1.401	6.0
1.402	6.0
1.403	6.0
1.404	6.0
1.405	6.0
1.406	6.0
1.407	6.0
1.408	6.0
1.409	6.0
1.41	6.0
1.411	6.0
1.412	6.0
1.413	6.0
1.414	6.0
1.415	6.0
1.416	6.0
1.417	6.0
1.418	6.0
1.419	6.0
1.42	6.0
1.421	6.0
1.422	6.0
1.423	6.0
1.424	6.0
1.425	6.0
1.426	6.0
1.427	6.0
1.428	6.0
1.429	6.0
1.43	6.0
1.431	6.0
1.432	6.0
1.433	6.0
1.434	6.0
1.435	6.0
1.436	6.0
1.437	6.0
1.438	6.0
1.439	6.0
1.44	6.0
1.441	6.0
1.442	6.0
1.443	6.0
1.444	6.0
1.445	6.0
1.446	6.0
1.447	6.0
1.448	6.0
1.449	6.0
1.45	6.0
1.451	6.0
1.452	6.0
1.453	6.0
1.454	6.0
1.455	6.0
1.456	6.0
1.457	6.0
1.458	6.0
1.459	6.0
1.46	6.0
1.461	6.0
1.462	6.0
1.463	6.0
1.464	6.0
1.465	6.0
1.466	6.0
1.467	6.0
1.468	6.0
1.469	6.0
1.47	6.0
1.471	6.0
1.472	6.0
1.473	6.0
1.474	6.0
1.475	6.0
1.476	6.0
1.477	6.0
1.478	6.0
1.479	6.0
1.48	6.0
1.481	6.0
1.482	6.0
1.483	6.0
1.484	6.0
1.485	6.0
1.486	6.0
1.487	6.0
1.488	6.0
1.489	6.0
1.49	6.0
1.491	6.0
1.492	6.0
1.493	6.0
1.494	6.0
1.495	6.0
1.496	6.0
1.497	6.0
1.498	6.0
1.499	6.0
1.5	6.0
1.501	6.0
1.502	6.0
1.503	6.0
1.504	6.0
1.505	6.0
1.506	6.0
1.507	6.0
1.508	6.0
1.509	6.0
1.51	6.0
1.511	6.0
1.512	6.0
1.513	6.0
1.514	6.0
1.515	6.0
1.516	6.0
1.517	6.0
1.518	6.0
1.519	6.0
1.52	6.0
1.521	6.0
1.522	6.0
1.523	6.0
1.524	6.0
1.525	6.0
1.526	6.0
1.527	6.0
1.528	6.0
1.529	6.0
1.53	6.0
1.531	6.0
1.532	6.0
1.533	6.0
1.534	6.0
1.535	6.0
1.536	6.0
1.537	6.0
1.538	6.0
1.539	6.0
1.54	6.0
1.541	6.0
1.542	6.0
1.543	6.0
1.544	6.0
1.545	6.0
1.546	6.0
1.547	6.0
1.548	6.0
1.549	6.0
1.55	6.0
1.551	6.0
1.552	6.0
1.553	6.0
1.554	6.0
1.555	6.0
1.556	6.0
1.557	6.0
1.558	6.0
1.559	6.0
1.56	6.0
1.561	6.0
1.562	6.0
1.563	6.0
1.564	6.0
1.565	6.0
1.566	6.0
1.567	6.0
1.568	6.0
1.569	6.0
1.57	6.0
1.571	6.0
1.572	6.0
1.573	6.0
1.574	6.0
1.575	6.0
1.576	6.0
1.577	6.0
1.578	6.0
1.579	6.0
1.58	6.0
1.581	6.0
1.582	6.0
1.583	6.0
1.584	6.0
1.585	6.0
1.586	6.0
1.587	6.0
1.588	6.0
1.589	6.0
1.59	6.0
1.591	6.0
1.592	6.0
1.593	6.0
1.594	6.0
1.595	6.0
1.596	6.0
1.597	6.0
1.598	6.0
1.599	6.0
1.6	6.0
1.601	6.0
1.602	6.0
1.603	6.0
1.604	6.0
1.605	6.0
1.606	6.0
1.607	6.0
1.608	6.0
1.609	6.0
1.61	6.0
1.611	6.0
1.612	6.0
1.613	6.0
1.614	6.0
1.615	6.0
1.616	6.0
1.617	6.0
1.618	6.0
1.619	6.0
1.62	6.0
1.621	6.0
1.622	6.0
1.623	6.0
1.624	6.0
1.625	6.0
1.626	6.0
1.627	6.0
1.628	6.0
1.629	6.0
1.63	6.0
1.631	6.0
1.632	6.0
1.633	6.0
1.634	6.0
1.635	6.0
1.636	6.0
1.637	6.0
1.638	6.0
1.639	6.0
1.64	6.0
1.641	6.0
1.642	6.0
1.643	6.0
1.644	6.0
1.645	6.0
1.646	6.0
1.647	6.0
1.648	6.0
1.649	6.0
1.65	6.0
1.651	6.0
1.652	6.0
1.653	6.0
1.654	6.0
1.655	6.0
1.656	6.0
1.657	6.0
1.658	6.0
1.659	6.0
1.66	6.0
1.661	6.0
1.662	6.0
1.663	6.0
1.664	6.0
1.665	6.0
1.666	6.0
1.667	6.0
1.668	6.0
1.669	6.0
1.67	6.0
1.671	6.0
1.672	6.0
1.673	6.0
1.674	6.0
1.675	6.0
1.676	6.0
1.677	6.0
1.678	6.0
1.679	6.0
1.68	6.0
1.681	6.0
1.682	6.0
1.683	6.0
1.684	6.0
1.685	6.0
1.686	6.0
1.687	6.0
1.688	6.0
1.689	6.0
1.69	6.0
1.691	6.0
1.692	6.0
1.693	6.0
1.694	6.0
1.695	6.0
1.696	6.0
1.697	6.0
1.698	6.0
1.699	6.0
1.7	6.0
1.701	6.0
1.702	6.0
1.703	6.0
1.704	6.0
1.705	6.0
1.706	6.0
1.707	6.0
1.708	6.0
1.709	6.0
1.71	6.0
1.711	6.0
1.712	6.0
1.713	6.0
1.714	6.0
1.715	6.0
1.716	6.0
1.717	6.0
1.718	6.0
1.719	6.0
1.72	6.0
1.721	6.0
1.722	6.0
1.723	6.0
1.724	6.0
1.725	6.0
1.726	6.0
1.727	6.0
1.728	6.0
1.729	6.0
1.73	6.0
1.731	6.0
1.732	6.0
1.733	6.0
1.734	6.0
1.735	6.0
1.736	6.0
1.737	6.0
1.738	6.0
1.739	6.0
1.74	6.0
1.741	6.0
1.742	6.0
1.743	6.0
1.744	6.0
1.745	6.0
1.746	6.0
1.747	6.0
1.748	6.0
1.749	6.0
1.75	6.0
1.751	6.0
1.752	6.0
1.753	6.0
1.754	6.0
1.755	6.0
1.756	6.0
1.757	6.0
1.758	6.0
1.759	6.0
1.76	6.0
1.761	6.0
1.762	6.0
1.763	6.0
1.764	6.0
1.765	6.0
1.766	6.0
1.767	6.0
1.768	6.0
1.769	6.0
1.77	6.0
1.771	6.0
1.772	6.0
1.773	6.0
1.774	6.0
1.775	6.0
1.776	6.0
1.777	6.0
1.778	6.0
1.779	6.0
1.78	6.0
1.781	6.0
1.782	6.0
1.783	6.0
1.784	6.0
1.785	6.0
1.786	6.0
1.787	6.0
1.788	6.0
1.789	6.0
1.79	6.0
1.791	6.0
1.792	6.0
1.793	6.0
1.794	6.0
1.795	6.0
1.796	6.0
1.797	6.0
1.798	6.0
1.799	6.0
1.8	6.0
1.801	6.0
1.802	6.0
1.803	6.0
1.804	6.0
1.805	6.0
1.806	6.0
1.807	6.0
1.808	6.0
1.809	6.0
1.81	6.0
1.811	6.0
1.812	6.0
1.813	6.0
1.814	6.0
1.815	6.0
1.816	6.0
1.817	6.0
1.818	6.0
1.819	6.0
1.82	6.0
1.821	6.0
1.822	6.0
1.823	6.0
1.824	6.0
1.825	6.0
1.826	6.0
1.827	6.0
1.828	6.0
1.829	6.0
1.83	6.0
1.831	6.0
1.832	6.0
1.833	6.0
1.834	6.0
1.835	6.0
1.836	6.0
1.837	6.0
1.838	6.0
1.839	6.0
1.84	6.0
1.841	6.0
1.842	6.0
1.843	6.0
1.844	6.0
1.845	6.0
1.846	6.0
1.847	6.0
1.848	6.0
1.849	6.0
1.85	6.0
1.851	6.0
1.852	6.0
1.853	6.0
1.854	6.0
1.855	6.0
1.856	6.0
1.857	6.0
1.858	6.0
1.859	6.0
1.86	6.0
1.861	6.0
1.862	6.0
1.863	6.0
1.864	6.0
1.865	6.0
1.866	6.0
1.867	6.0
1.868	6.0
1.869	6.0
1.87	6.0
1.871	6.0
1.872	6.0
1.873	6.0
1.874	6.0
1.875	6.0
1.876	6.0
1.877	6.0
1.878	6.0
1.879	6.0
1.88	6.0
1.881	6.0
1.882	6.0
1.883	6.0
1.884	6.0
1.885	6.0
1.886	6.0
1.887	6.0
1.888	6.0
1.889	6.0
1.89	6.0
1.891	6.0
1.892	6.0
1.893	6.0
1.894	6.0
1.895	6.0
1.896	6.0
1.897	6.0
1.898	6.0
1.899	6.0
1.9	6.0
1.901	6.0
1.902	6.0
1.903	6.0
1.904	6.0
1.905	6.0
1.906	6.0
1.907	6.0
1.908	6.0
1.909	6.0
1.91	6.0
1.911	6.0
1.912	6.0
1.913	6.0
1.914	6.0
1.915	6.0
1.916	6.0
1.917	6.0
1.918	6.0
1.919	6.0
1.92	6.0
1.921	6.0
1.922	6.0
1.923	6.0
1.924	6.0
1.925	6.0
1.926	6.0
1.927	6.0
1.928	6.0
1.929	6.0
1.93	6.0
1.931	6.0
1.932	6.0
1.933	6.0
1.934	6.0
1.935	6.0
1.936	6.0
1.937	6.0
1.938	6.0
1.939	6.0
1.94	6.0
1.941	6.0
1.942	6.0
1.943	6.0
1.944	6.0
1.945	6.0
1.946	6.0
1.947	6.0
1.948	6.0
1.949	6.0
1.95	6.0
1.951	6.0
1.952	6.0
1.953	6.0
1.954	6.0
1.955	6.0
1.956	6.0
1.957	6.0
1.958	6.0
1.959	6.0
1.96	6.0
1.961	6.0
1.962	6.0
1.963	6.0
1.964	6.0
1.965	6.0
1.966	6.0
1.967	6.0
1.968	6.0
1.969	6.0
1.97	6.0
1.971	6.0
1.972	6.0
1.973	6.0
1.974	6.0
1.975	6.0
1.976	6.0
1.977	6.0
1.978	6.0
1.979	6.0
1.98	6.0
1.981	6.0
1.982	6.0
1.983	6.0
1.984	6.0
1.985	6.0
1.986	6.0
1.987	6.0
1.988	6.0
1.989	6.0
1.99	6.0
1.991	6.0
1.992	6.0
1.993	6.0
1.994	6.0
1.995	6.0
1.996	6.0
1.997	6.0
1.998	6.0
1.999	6.0
2.0	6.0
