-3.456	12.807692307692308
-3.455	12.807692307692308
-3.454	12.807692307692308
-3.453	12.807692307692308
-3.452	12.807692307692308
-3.451	12.807692307692308
-3.45	12.807692307692308
-3.449	12.807692307692308
-3.448	12.807692307692308
-3.447	12.807692307692308
-3.446	12.807692307692308
-3.445	12.807692307692308
-3.444	12.807692307692308
-3.443	12.807692307692308
-3.442	12.807692307692308
-3.441	12.807692307692308
-3.44	12.807692307692308
-3.439	12.807692307692308
-3.438	12.807692307692308
-3.437	12.807692307692308
-3.436	12.807692307692308
-3.435	12.807692307692308
-3.434	12.807692307692308
-3.433	12.807692307692308
-3.432	12.807692307692308
-3.431	12.807692307692308
-3.43	12.807692307692308
-3.429	12.807692307692308
-3.428	12.807692307692308
-3.427	12.807692307692308
-3.426	12.807692307692308
-3.425	12.807692307692308
-3.424	12.807692307692308
-3.423	12.807692307692308
-3.422	12.807692307692308
-3.421	12.807692307692308
-3.42	12.807692307692308
-3.419	12.807692307692308
-3.418	12.807692307692308
-3.417	6.7272727272727275
-3.416	6.7272727272727275
-3.415	6.7272727272727275
-3.414	6.7272727272727275
-3.413	6.7272727272727275
-3.412	6.7272727272727275
-3.411	6.7272727272727275
-3.41	6.7272727272727275
-3.409	6.7272727272727275
-3.408	6.7272727272727275
-3.407	6.7272727272727275
-3.406	6.7272727272727275
-3.405	6.7272727272727275
-3.404	6.7272727272727275
-3.403	6.7272727272727275
-3.402	6.7272727272727275
-3.401	6.7272727272727275
-3.4	6.7272727272727275
-3.399	6.7272727272727275
-3.398	6.7272727272727275
-3.397	6.7272727272727275
-3.396	6.7272727272727275
-3.395	6.7272727272727275
-3.394	6.7272727272727275
-3.393	6.7272727272727275
-3.392	6.7272727272727275
-3.391	6.7272727272727275
-3.39	6.7272727272727275
-3.389	6.7272727272727275
-3.388	6.7272727272727275
-3.387	6.7272727272727275
-3.386	6.7272727272727275
-3.385	6.7272727272727275
-3.384	6.7272727272727275
-3.383	6.7272727272727275
-3.382	6.7272727272727275
-3.381	6.7272727272727275
-3.38	6.7272727272727275
-3.379	6.7272727272727275
-3.378	6.7272727272727275
-3.377	6.7272727272727275
-3.376	6.7272727272727275
-3.375	6.7272727272727275
-3.374	6.7272727272727275
-3.373	6.7272727272727275
-3.372	6.7272727272727275
-3.371	6.7272727272727275
-3.37	6.7272727272727275
-3.369	6.7272727272727275
-3.368	6.7272727272727275
-3.367	6.7272727272727275
-3.366	6.7272727272727275
-3.365	6.7272727272727275
-3.364	6.7272727272727275
-3.363	6.7272727272727275
-3.362	6.7272727272727275
-3.361	6.7272727272727275
-3.36	6.7272727272727275
-3.359	6.7272727272727275
-3.358	6.7272727272727275
-3.357	6.7272727272727275
-3.356	6.7272727272727275
-3.355	6.7272727272727275
-3.354	6.7272727272727275
-3.353	6.7272727272727275
-3.352	6.7272727272727275
-3.351	6.7272727272727275
-3.35	6.7272727272727275
-3.349	6.7272727272727275
-3.348	6.7272727272727275
-3.347	6.7272727272727275
-3.346	6.7272727272727275
-3.345	6.7272727272727275
-3.344	6.7272727272727275
-3.343	6.7272727272727275
-3.342	6.7272727272727275
-3.341	6.7272727272727275
-3.34	6.7272727272727275
-3.339	6.7272727272727275
-3.338	6.7272727272727275
-3.337	6.7272727272727275
-3.336	6.7272727272727275
-3.335	6.7272727272727275
-3.334	6.7272727272727275
-3.333	6.7272727272727275
-3.332	6.7272727272727275
-3.331	6.7272727272727275
-3.33	6.7272727272727275
-3.329	6.7272727272727275
-3.328	6.7272727272727275
-3.327	6.7272727272727275
-3.326	6.7272727272727275
-3.325	6.7272727272727275
-3.324	6.7272727272727275
-3.323	6.7272727272727275
-3.322	6.7272727272727275
-3.321	6.7272727272727275
-3.32	6.7272727272727275
-3.319	6.7272727272727275
-3.318	6.7272727272727275
-3.317	6.7272727272727275
-3.316	6.7272727272727275
-3.315	6.7272727272727275
-3.314	6.7272727272727275
-3.313	6.7272727272727275
-3.312	6.7272727272727275
-3.311	6.7272727272727275
-3.31	6.7272727272727275
-3.309	6.7272727272727275
-3.308	6.7272727272727275
-3.307	6.7272727272727275
-3.306	6.7272727272727275
-3.305	6.7272727272727275
-3.304	6.7272727272727275
-3.303	6.7272727272727275
-3.302	6.7272727272727275
-3.301	6.7272727272727275
-3.3	6.7272727272727275
-3.299	6.7272727272727275
-3.298	6.7272727272727275
-3.297	6.7272727272727275
-3.296	6.7272727272727275
-3.295	6.7272727272727275
-3.294	6.7272727272727275
-3.293	6.7272727272727275
-3.292	6.7272727272727275
-3.291	6.7272727272727275
-3.29	6.7272727272727275
-3.289	6.7272727272727275
-3.288	6.7272727272727275
-3.287	6.7272727272727275
-3.286	6.7272727272727275
-3.285	6.7272727272727275
-3.284	6.7272727272727275
-3.283	6.7272727272727275
-3.282	6.7272727272727275
-3.281	6.7272727272727275
-3.28	6.7272727272727275
-3.279	6.7272727272727275
-3.278	6.7272727272727275
-3.277	6.7272727272727275
-3.276	6.7272727272727275
-3.275	6.7272727272727275
-3.274	6.7272727272727275
-3.273	6.7272727272727275
-3.272	6.7272727272727275
-3.271	6.7272727272727275
-3.27	6.7272727272727275
-3.269	6.7272727272727275
-3.268	6.7272727272727275
-3.267	6.7272727272727275
-3.266	6.7272727272727275
-3.265	6.7272727272727275
-3.264	6.7272727272727275
-3.263	6.7272727272727275
-3.262	6.7272727272727275
-3.261	6.7272727272727275
-3.26	6.7272727272727275
-3.259	6.7272727272727275
-3.258	6.7272727272727275
-3.257	6.7272727272727275
-3.256	6.7272727272727275
-3.255	6.7272727272727275
-3.254	6.7272727272727275
-3.253	6.7272727272727275
-3.252	6.7272727272727275
-3.251	6.7272727272727275
-3.25	6.7272727272727275
-3.249	6.7272727272727275
-3.248	6.7272727272727275
-3.247	6.7272727272727275
-3.246	6.7272727272727275
-3.245	6.7272727272727275
-3.244	6.7272727272727275
-3.243	6.7272727272727275
-3.242	6.7272727272727275
-3.241	6.7272727272727275
-3.24	6.7272727272727275
-3.239	6.7272727272727275
-3.238	6.7272727272727275
-3.237	6.7272727272727275
-3.236	6.7272727272727275
-3.235	6.7272727272727275
-3.234	3.0833333333333335
-3.233	3.0833333333333335
-3.232	3.0833333333333335
-3.231	3.0833333333333335
-3.23	3.0833333333333335
-3.229	3.0833333333333335
-3.228	3.0833333333333335
-3.227	3.0833333333333335
-3.226	3.0833333333333335
-3.225	3.0833333333333335
-3.224	3.0833333333333335
-3.223	3.0833333333333335
-3.222	3.0833333333333335
-3.221	3.0833333333333335
-3.22	3.0833333333333335
-3.219	3.0833333333333335
-3.218	3.0833333333333335
-3.217	3.0833333333333335
-3.216	3.0833333333333335
-3.215	3.0833333333333335
-3.214	3.0833333333333335
-3.213	3.0833333333333335
-3.212	3.0833333333333335
-3.211	3.0833333333333335
-3.21	3.0833333333333335
-3.209	3.0833333333333335
-3.208	3.0833333333333335
-3.207	3.0833333333333335
-3.206	3.0833333333333335
-3.205	3.0833333333333335
-3.204	3.0833333333333335
-3.203	3.0833333333333335
-3.202	3.0833333333333335
-3.201	3.0833333333333335
-3.2	3.0833333333333335
-3.199	3.0833333333333335
-3.198	3.0833333333333335
-3.197	3.0833333333333335
-3.196	3.0833333333333335
-3.195	3.0833333333333335
-3.194	3.0833333333333335
-3.193	3.0833333333333335
-3.192	3.0833333333333335
-3.191	3.0833333333333335
-3.19	3.0833333333333335
-3.189	3.0833333333333335
-3.188	3.0833333333333335
-3.187	3.0833333333333335
-3.186	3.0833333333333335
-3.185	3.0833333333333335
-3.184	3.0833333333333335
-3.183	3.0833333333333335
-3.182	3.0833333333333335
-3.181	3.0833333333333335
-3.18	3.0833333333333335
-3.179	3.0833333333333335
-3.178	3.0833333333333335
-3.177	3.0833333333333335
-3.176	3.0833333333333335
-3.175	3.0833333333333335
-3.174	3.0833333333333335
-3.173	3.0833333333333335
-3.172	3.0833333333333335
-3.171	3.0833333333333335
-3.17	3.0833333333333335
-3.169	3.0833333333333335
-3.168	3.0833333333333335
-3.167	3.0833333333333335
-3.166	3.0833333333333335
-3.165	3.0833333333333335
-3.164	3.0833333333333335
-3.163	3.0833333333333335
-3.162	3.0833333333333335
-3.161	3.0833333333333335
-3.16	3.0833333333333335
-3.159	3.0833333333333335
-3.158	3.0833333333333335
-3.157	3.0833333333333335
-3.156	3.0833333333333335
-3.155	3.0833333333333335
-3.154	3.0833333333333335
-3.153	3.0833333333333335
-3.152	3.0833333333333335
-3.151	3.0833333333333335
-3.15	3.0833333333333335
-3.149	3.0833333333333335
-3.148	3.0833333333333335
-3.147	3.0833333333333335
-3.146	3.0833333333333335
-3.145	3.0833333333333335
-3.144	3.0833333333333335
-3.143	3.0833333333333335
-3.142	3.0833333333333335
-3.141	3.0833333333333335
-3.14	3.0833333333333335
-3.139	3.0833333333333335
-3.138	3.0833333333333335
-3.137	3.0833333333333335
-3.136	3.0833333333333335
-3.135	3.0833333333333335
-3.134	3.0833333333333335
-3.133	3.0833333333333335
-3.132	3.0833333333333335
-3.131	3.0833333333333335
-3.13	3.0833333333333335
-3.129	3.0833333333333335
-3.128	3.0833333333333335
-3.127	3.0833333333333335
-3.126	3.0833333333333335
-3.125	3.0833333333333335
-3.124	3.0833333333333335
-3.123	3.0833333333333335
-3.122	3.0833333333333335
-3.121	3.0833333333333335
-3.12	3.0833333333333335
-3.119	3.0833333333333335
-3.118	3.0833333333333335
-3.117	3.0833333333333335
-3.116	3.0833333333333335
-3.115	3.0833333333333335
-3.114	3.0833333333333335
-3.113	3.0833333333333335
-3.112	3.0833333333333335
-3.111	3.0833333333333335
-3.11	3.0833333333333335
-3.109	3.0833333333333335
-3.108	3.0833333333333335
-3.107	3.0833333333333335
-3.106	3.0833333333333335
-3.105	3.0833333333333335
-3.104	3.0833333333333335
-3.103	3.0833333333333335
-3.102	3.0833333333333335
-3.101	3.0833333333333335
-3.1	3.0833333333333335
-3.099	3.0833333333333335
-3.098	3.0833333333333335
-3.097	4.826086956521739
-3.096	4.826086956521739
-3.095	4.826086956521739
-3.094	4.826086956521739
-3.093	4.826086956521739
-3.092	4.826086956521739
-3.091	4.826086956521739
-3.09	4.826086956521739
-3.089	7.4
-3.088	7.4
-3.087	7.4
-3.086	7.4
-3.085	7.4
-3.084	7.4
-3.083	7.4
-3.082	7.4
-3.081	7.4
-3.08	7.4
-3.079	7.4
-3.078	7.4
-3.077	7.4
-3.076	7.4
-3.075	7.4
-3.074	7.4
-3.073	7.4
-3.072	7.4
-3.071	7.4
-3.07	7.4
-3.069	7.4
-3.068	7.4
-3.067	7.4
-3.066	7.4
-3.065	7.4
-3.064	7.4
-3.063	7.4
-3.062	7.4
-3.061	7.4
-3.06	7.4
-3.059	7.4
-3.058	7.4
-3.057	7.4
-3.056	7.4
-3.055	7.4
-3.054	7.4
-3.053	7.4
-3.052	7.4
-3.051	7.4
-3.05	7.4
-3.049	7.4
-3.048	7.4
-3.047	7.4
-3.046	7.4
-3.045	7.4
-3.044	7.4
-3.043	7.4
-3.042	7.4
-3.041	7.4
-3.04	7.4
-3.039	7.4
-3.038	7.4
-3.037	7.4
-3.036	7.4
-3.035	7.4
-3.034	7.4
-3.033	7.4
-3.032	1.011111111111111
-3.031	1.011111111111111
-3.03	1.011111111111111
-3.029	1.011111111111111
-3.028	1.011111111111111
-3.027	1.011111111111111
-3.026	1.011111111111111
-3.025	1.011111111111111
-3.024	1.011111111111111
-3.023	1.011111111111111
-3.022	1.011111111111111
-3.021	1.011111111111111
-3.02	1.011111111111111
-3.019	1.011111111111111
-3.018	1.011111111111111
-3.017	1.011111111111111
-3.016	1.011111111111111
-3.015	1.011111111111111
-3.014	1.011111111111111
-3.013	1.011111111111111
-3.012	1.011111111111111
-3.011	1.011111111111111
-3.01	1.011111111111111
-3.009	1.011111111111111
-3.008	1.011111111111111
-3.007	1.011111111111111
-3.006	1.011111111111111
-3.005	1.011111111111111
-3.004	1.011111111111111
-3.003	1.011111111111111
-3.002	1.011111111111111
-3.001	1.011111111111111
-3.0	1.011111111111111
-2.999	1.011111111111111
-2.998	1.011111111111111
-2.997	1.011111111111111
-2.996	1.011111111111111
-2.995	1.011111111111111
-2.994	1.011111111111111
-2.993	1.011111111111111
-2.992	1.011111111111111
-2.991	1.011111111111111
-2.99	1.011111111111111
-2.989	1.011111111111111
-2.988	1.011111111111111
-2.987	1.011111111111111
-2.986	1.011111111111111
-2.985	1.011111111111111
-2.984	1.011111111111111
-2.983	1.011111111111111
-2.982	1.011111111111111
-2.981	1.011111111111111
-2.98	1.011111111111111
-2.979	1.011111111111111
-2.978	1.011111111111111
-2.977	1.011111111111111
-2.976	1.011111111111111
-2.975	1.011111111111111
-2.974	1.011111111111111
-2.973	0.7520661157024794
-2.972	0.7520661157024794
-2.971	0.7520661157024794
-2.97	0.7520661157024794
-2.969	0.7520661157024794
-2.968	0.7520661157024794
-2.967	0.7520661157024794
-2.966	0.7520661157024794
-2.965	0.7520661157024794
-2.964	0.7520661157024794
-2.963	0.7520661157024794
-2.962	0.7520661157024794
-2.961	0.7520661157024794
-2.96	0.7520661157024794
-2.959	0.7520661157024794
-2.958	0.7520661157024794
-2.957	0.7520661157024794
-2.956	0.7520661157024794
-2.955	0.7520661157024794
-2.954	0.7520661157024794
-2.953	0.7520661157024794
-2.952	0.7520661157024794
-2.951	0.7520661157024794
-2.95	0.7520661157024794
-2.949	0.7520661157024794
-2.948	0.7520661157024794
-2.947	0.7520661157024794
-2.946	0.7520661157024794
-2.945	0.7520661157024794
-2.944	0.7520661157024794
-2.943	0.7520661157024794
-2.942	0.7520661157024794
-2.941	0.7520661157024794
-2.94	0.7520661157024794
-2.939	0.7520661157024794
-2.938	0.7520661157024794
-2.937	0.7520661157024794
-2.936	0.7520661157024794
-2.935	0.7520661157024794
-2.934	0.7520661157024794
-2.933	0.7520661157024794
-2.932	0.7520661157024794
-2.931	0.7520661157024794
-2.93	0.7520661157024794
-2.929	0.7520661157024794
-2.928	0.7520661157024794
-2.927	0.7520661157024794
-2.926	1.2638888888888888
-2.925	1.2638888888888888
-2.924	1.2638888888888888
-2.923	1.2638888888888888
-2.922	1.2638888888888888
-2.921	1.2638888888888888
-2.92	1.2638888888888888
-2.919	1.2638888888888888
-2.918	1.2638888888888888
-2.917	1.2638888888888888
-2.916	1.2638888888888888
-2.915	1.2638888888888888
-2.914	1.2638888888888888
-2.913	1.2638888888888888
-2.912	1.2638888888888888
-2.911	1.2638888888888888
-2.91	1.2638888888888888
-2.909	1.2638888888888888
-2.908	1.2638888888888888
-2.907	1.2638888888888888
-2.906	1.2638888888888888
-2.905	1.2638888888888888
-2.904	1.2638888888888888
-2.903	1.2638888888888888
-2.902	1.2638888888888888
-2.901	1.2638888888888888
-2.9	1.2638888888888888
-2.899	1.2638888888888888
-2.898	1.2638888888888888
-2.897	1.2638888888888888
-2.896	1.2638888888888888
-2.895	1.2638888888888888
-2.894	1.2638888888888888
-2.893	1.2638888888888888
-2.892	1.2638888888888888
-2.891	1.2638888888888888
-2.89	1.2638888888888888
-2.889	1.2638888888888888
-2.888	1.2638888888888888
-2.887	1.2638888888888888
-2.886	1.2638888888888888
-2.885	1.2638888888888888
-2.884	1.2638888888888888
-2.883	1.2638888888888888
-2.882	1.2638888888888888
-2.881	1.2638888888888888
-2.88	1.2638888888888888
-2.879	1.2638888888888888
-2.878	1.2638888888888888
-2.877	1.2638888888888888
-2.876	1.2638888888888888
-2.875	1.2638888888888888
-2.874	1.2638888888888888
-2.873	1.2638888888888888
-2.872	1.2638888888888888
-2.871	1.2638888888888888
-2.87	1.2638888888888888
-2.869	1.2638888888888888
-2.868	1.2638888888888888
-2.867	1.2638888888888888
-2.866	1.2638888888888888
-2.865	1.2638888888888888
-2.864	1.2638888888888888
-2.863	1.2638888888888888
-2.862	1.2638888888888888
-2.861	1.2638888888888888
-2.86	1.2638888888888888
-2.859	1.2638888888888888
-2.858	1.2638888888888888
-2.857	1.2638888888888888
-2.856	1.2638888888888888
-2.855	1.2638888888888888
-2.854	1.2638888888888888
-2.853	1.2638888888888888
-2.852	1.2638888888888888
-2.851	1.2638888888888888
-2.85	1.2638888888888888
-2.849	1.2638888888888888
-2.848	1.2638888888888888
-2.847	1.2638888888888888
-2.846	1.2638888888888888
-2.845	1.2638888888888888
-2.844	1.2638888888888888
-2.843	1.2638888888888888
-2.842	1.2638888888888888
-2.841	1.2638888888888888
-2.84	1.2638888888888888
-2.839	1.2638888888888888
-2.838	1.2638888888888888
-2.837	1.2638888888888888
-2.836	1.2638888888888888
-2.835	1.2638888888888888
-2.834	1.2638888888888888
-2.833	1.2638888888888888
-2.832	1.2638888888888888
-2.831	1.2638888888888888
-2.83	1.2638888888888888
-2.829	1.2638888888888888
-2.828	1.2638888888888888
-2.827	1.2638888888888888
-2.826	1.2638888888888888
-2.825	1.2638888888888888
-2.824	1.2638888888888888
-2.823	1.2638888888888888
-2.822	1.2638888888888888
-2.821	1.2638888888888888
-2.82	1.2638888888888888
-2.819	1.2638888888888888
-2.818	1.2638888888888888
-2.817	1.2638888888888888
-2.816	1.2638888888888888
-2.815	1.2638888888888888
-2.814	1.2638888888888888
-2.813	1.2638888888888888
-2.812	1.2638888888888888
-2.811	1.2638888888888888
-2.81	1.2638888888888888
-2.809	1.2638888888888888
-2.808	1.2638888888888888
-2.807	1.2638888888888888
-2.806	1.2638888888888888
-2.805	1.2638888888888888
-2.804	1.2638888888888888
-2.803	1.2638888888888888
-2.802	1.2638888888888888
-2.801	1.2638888888888888
-2.8	1.2638888888888888
-2.799	1.2638888888888888
-2.798	1.2638888888888888
-2.797	1.2638888888888888
-2.796	1.2638888888888888
-2.795	1.2638888888888888
-2.794	1.2638888888888888
-2.793	1.2638888888888888
-2.792	1.2638888888888888
-2.791	1.2638888888888888
-2.79	1.2638888888888888
-2.789	1.2638888888888888
-2.788	1.2638888888888888
-2.787	1.2638888888888888
-2.786	1.2638888888888888
-2.785	1.2638888888888888
-2.784	1.2638888888888888
-2.783	1.2638888888888888
-2.782	1.2638888888888888
-2.781	1.2638888888888888
-2.78	1.2638888888888888
-2.779	1.2638888888888888
-2.778	1.2638888888888888
-2.777	1.2638888888888888
-2.776	1.2638888888888888
-2.775	1.2638888888888888
-2.774	1.2638888888888888
-2.773	1.2638888888888888
-2.772	1.2638888888888888
-2.771	1.2638888888888888
-2.77	1.2638888888888888
-2.769	1.2638888888888888
-2.768	1.2638888888888888
-2.767	1.2638888888888888
-2.766	1.2638888888888888
-2.765	1.2638888888888888
-2.764	1.2638888888888888
-2.763	1.2638888888888888
-2.762	1.2638888888888888
-2.761	1.2638888888888888
-2.76	1.2638888888888888
-2.759	1.2638888888888888
-2.758	1.2638888888888888
-2.757	1.2638888888888888
-2.756	1.2638888888888888
-2.755	1.2638888888888888
-2.754	1.2638888888888888
-2.753	1.2638888888888888
-2.752	1.2638888888888888
-2.751	1.2638888888888888
-2.75	1.2638888888888888
-2.749	1.2638888888888888
-2.748	1.2638888888888888
-2.747	1.2638888888888888
-2.746	1.2638888888888888
-2.745	1.2638888888888888
-2.744	1.2638888888888888
-2.743	1.2638888888888888
-2.742	1.2638888888888888
-2.741	1.2638888888888888
-2.74	1.2638888888888888
-2.739	1.2638888888888888
-2.738	1.2638888888888888
-2.737	1.2638888888888888
-2.736	1.2638888888888888
-2.735	1.2638888888888888
-2.734	1.2638888888888888
-2.733	1.2638888888888888
-2.732	1.2638888888888888
-2.731	1.2638888888888888
-2.73	1.2638888888888888
-2.729	1.2638888888888888
-2.728	1.2638888888888888
-2.727	1.2638888888888888
-2.726	1.2638888888888888
-2.725	1.2638888888888888
-2.724	1.2638888888888888
-2.723	1.2638888888888888
-2.722	1.2638888888888888
-2.721	1.2638888888888888
-2.72	1.2638888888888888
-2.719	1.2638888888888888
-2.718	1.2638888888888888
-2.717	1.467741935483871
-2.716	1.467741935483871
-2.715	1.467741935483871
-2.714	1.467741935483871
-2.713	1.467741935483871
-2.712	1.467741935483871
-2.711	1.467741935483871
-2.71	1.467741935483871
-2.709	1.467741935483871
-2.708	1.467741935483871
-2.707	1.467741935483871
-2.706	1.467741935483871
-2.705	1.467741935483871
-2.704	1.467741935483871
-2.703	1.467741935483871
-2.702	1.467741935483871
-2.701	1.467741935483871
-2.7	1.467741935483871
-2.699	1.467741935483871
-2.698	1.467741935483871
-2.697	1.467741935483871
-2.696	1.467741935483871
-2.695	1.467741935483871
-2.694	1.467741935483871
-2.693	1.467741935483871
-2.692	1.467741935483871
-2.691	1.467741935483871
-2.69	1.467741935483871
-2.689	1.467741935483871
-2.688	1.467741935483871
-2.687	1.467741935483871
-2.686	1.467741935483871
-2.685	1.467741935483871
-2.684	1.467741935483871
-2.683	1.467741935483871
-2.682	1.467741935483871
-2.681	1.467741935483871
-2.68	1.467741935483871
-2.679	1.467741935483871
-2.678	1.467741935483871
-2.677	1.467741935483871
-2.676	1.467741935483871
-2.675	1.467741935483871
-2.674	1.467741935483871
-2.673	1.467741935483871
-2.672	1.467741935483871
-2.671	1.467741935483871
-2.67	1.467741935483871
-2.669	1.467741935483871
-2.668	1.467741935483871
-2.667	13.0
-2.666	13.0
-2.665	13.0
-2.664	13.0
-2.663	13.0
-2.662	13.0
-2.661	13.0
-2.66	13.0
-2.659	13.0
-2.658	13.0
-2.657	13.0
-2.656	13.0
-2.655	13.0
-2.654	13.0
-2.653	13.0
-2.652	5.055555555555555
-2.651	5.055555555555555
-2.65	5.055555555555555
-2.649	5.055555555555555
-2.648	5.055555555555555
-2.647	5.055555555555555
-2.646	5.055555555555555
-2.645	5.055555555555555
-2.644	5.055555555555555
-2.643	5.055555555555555
-2.642	5.055555555555555
-2.641	5.055555555555555
-2.64	2.84375
-2.639	2.84375
-2.638	2.84375
-2.637	2.84375
-2.636	2.84375
-2.635	2.84375
-2.634	2.84375
-2.633	2.84375
-2.632	2.84375
-2.631	2.84375
-2.63	2.84375
-2.629	2.84375
-2.628	2.84375
-2.627	2.84375
-2.626	2.84375
-2.625	2.84375
-2.624	2.84375
-2.623	2.84375
-2.622	2.84375
-2.621	2.84375
-2.62	2.84375
-2.619	2.84375
-2.618	2.84375
-2.617	2.84375
-2.616	2.84375
-2.615	2.84375
-2.614	2.84375
-2.613	2.84375
-2.612	2.84375
-2.611	2.84375
-2.61	2.84375
-2.609	2.84375
-2.608	2.84375
-2.607	2.84375
-2.606	2.84375
-2.605	2.84375
-2.604	2.84375
-2.603	2.84375
-2.602	2.84375
-2.601	2.84375
-2.6	2.84375
-2.599	2.84375
-2.598	2.84375
-2.597	2.84375
-2.596	2.84375
-2.595	2.84375
-2.594	2.84375
-2.593	2.84375
-2.592	2.84375
-2.591	2.84375
-2.59	2.84375
-2.589	2.84375
-2.588	2.84375
-2.587	2.84375
-2.586	2.84375
-2.585	2.84375
-2.584	2.84375
-2.583	2.84375
-2.582	2.84375
-2.581	2.84375
-2.58	2.84375
-2.579	2.84375
-2.578	2.84375
-2.577	2.84375
-2.576	2.84375
-2.575	2.84375
-2.574	2.84375
-2.573	2.84375
-2.572	2.84375
-2.571	2.84375
-2.57	2.84375
-2.569	2.84375
-2.568	2.84375
-2.567	2.84375
-2.566	2.84375
-2.565	2.84375
-2.564	2.84375
-2.563	2.84375
-2.562	2.84375
-2.561	2.84375
-2.56	2.84375
-2.559	2.84375
-2.558	2.84375
-2.557	2.84375
-2.556	2.84375
-2.555	2.84375
-2.554	2.84375
-2.553	2.84375
-2.552	2.84375
-2.551	2.84375
-2.55	2.84375
-2.549	2.84375
-2.548	2.84375
-2.547	2.84375
-2.546	2.84375
-2.545	2.84375
-2.544	2.84375
-2.543	2.84375
-2.542	2.84375
-2.541	2.84375
-2.54	2.84375
-2.539	2.84375
-2.538	2.84375
-2.537	2.84375
-2.536	2.84375
-2.535	2.84375
-2.534	2.84375
-2.533	2.84375
-2.532	2.84375
-2.531	2.84375
-2.53	2.84375
-2.529	2.84375
-2.528	2.84375
-2.527	2.84375
-2.526	2.84375
-2.525	2.84375
-2.524	2.84375
-2.523	2.84375
-2.522	2.84375
-2.521	2.84375
-2.52	2.84375
-2.519	2.84375
-2.518	2.84375
-2.517	2.84375
-2.516	2.84375
-2.515	2.84375
-2.514	2.84375
-2.513	2.84375
-2.512	2.84375
-2.511	2.84375
-2.51	2.84375
-2.509	2.84375
-2.508	2.84375
-2.507	2.84375
-2.506	2.84375
-2.505	2.84375
-2.504	2.84375
-2.503	2.84375
-2.502	2.84375
-2.501	2.84375
-2.5	2.84375
-2.499	2.84375
-2.498	2.84375
-2.497	2.84375
-2.496	2.84375
-2.495	2.84375
-2.494	2.84375
-2.493	2.84375
-2.492	2.84375
-2.491	2.84375
-2.49	2.84375
-2.489	2.84375
-2.488	2.84375
-2.487	2.84375
-2.486	2.84375
-2.485	2.84375
-2.484	2.84375
-2.483	2.84375
-2.482	2.84375
-2.481	2.84375
-2.48	2.84375
-2.479	2.84375
-2.478	2.84375
-2.477	2.84375
-2.476	2.84375
-2.475	2.84375
-2.474	2.84375
-2.473	2.84375
-2.472	2.84375
-2.471	2.84375
-2.47	2.84375
-2.469	2.84375
-2.468	2.84375
-2.467	2.84375
-2.466	2.84375
-2.465	2.84375
-2.464	2.84375
-2.463	2.84375
-2.462	2.84375
-2.461	2.84375
-2.46	2.84375
-2.459	2.84375
-2.458	2.84375
-2.457	2.84375
-2.456	2.84375
-2.455	2.84375
-2.454	2.84375
-2.453	2.84375
-2.452	2.84375
-2.451	2.84375
-2.45	2.84375
-2.449	2.84375
-2.448	2.84375
-2.447	2.84375
-2.446	2.84375
-2.445	2.84375
-2.444	2.84375
-2.443	2.84375
-2.442	2.84375
-2.441	2.84375
-2.44	2.84375
-2.439	2.84375
-2.438	2.84375
-2.437	2.84375
-2.436	2.84375
-2.435	2.84375
-2.434	2.84375
-2.433	2.84375
-2.432	2.84375
-2.431	2.84375
-2.43	2.84375
-2.429	2.84375
-2.428	2.84375
-2.427	2.84375
-2.426	2.84375
-2.425	2.84375
-2.424	2.84375
-2.423	2.84375
-2.422	2.84375
-2.421	2.84375
-2.42	2.84375
-2.419	2.84375
-2.418	2.84375
-2.417	2.84375
-2.416	2.84375
-2.415	2.84375
-2.414	2.84375
-2.413	2.84375
-2.412	2.84375
-2.411	2.84375
-2.41	2.84375
-2.409	2.84375
-2.408	2.84375
-2.407	2.84375
-2.406	2.84375
-2.405	2.84375
-2.404	2.84375
-2.403	2.84375
-2.402	2.84375
-2.401	2.84375
-2.4	2.84375
-2.399	2.84375
-2.398	2.84375
-2.397	2.84375
-2.396	2.84375
-2.395	2.84375
-2.394	2.84375
-2.393	2.84375
-2.392	2.84375
-2.391	2.84375
-2.39	2.84375
-2.389	2.84375
-2.388	2.84375
-2.387	2.84375
-2.386	2.84375
-2.385	2.84375
-2.384	2.84375
-2.383	2.84375
-2.382	2.84375
-2.381	2.84375
-2.38	2.84375
-2.379	2.84375
-2.378	2.84375
-2.377	2.84375
-2.376	2.84375
-2.375	2.84375
-2.374	2.84375
-2.373	2.84375
-2.372	2.3947368421052633
-2.371	2.3947368421052633
-2.37	2.3947368421052633
-2.369	2.3947368421052633
-2.368	2.3947368421052633
-2.367	2.3947368421052633
-2.366	2.3947368421052633
-2.365	2.3947368421052633
-2.364	2.3947368421052633
-2.363	2.3947368421052633
-2.362	2.3947368421052633
-2.361	2.3947368421052633
-2.36	2.3947368421052633
-2.359	2.3947368421052633
-2.358	2.3947368421052633
-2.357	2.3947368421052633
-2.356	2.3947368421052633
-2.355	2.3947368421052633
-2.354	2.3947368421052633
-2.353	2.3947368421052633
-2.352	2.3947368421052633
-2.351	2.3947368421052633
-2.35	2.3947368421052633
-2.349	2.3947368421052633
-2.348	2.3947368421052633
-2.347	2.3947368421052633
-2.346	2.3947368421052633
-2.345	2.3947368421052633
-2.344	2.3947368421052633
-2.343	2.3947368421052633
-2.342	2.3947368421052633
-2.341	2.3947368421052633
-2.34	2.3947368421052633
-2.339	2.3947368421052633
-2.338	2.3947368421052633
-2.337	2.3947368421052633
-2.336	2.3947368421052633
-2.335	2.3947368421052633
-2.334	2.3947368421052633
-2.333	2.3947368421052633
-2.332	2.3947368421052633
-2.331	2.3947368421052633
-2.33	2.3947368421052633
-2.329	2.3947368421052633
-2.328	2.3947368421052633
-2.327	2.3947368421052633
-2.326	2.3947368421052633
-2.325	2.3947368421052633
-2.324	2.3947368421052633
-2.323	2.3947368421052633
-2.322	2.3947368421052633
-2.321	2.3947368421052633
-2.32	2.3947368421052633
-2.319	2.3947368421052633
-2.318	2.3947368421052633
-2.317	2.3947368421052633
-2.316	2.3947368421052633
-2.315	2.3947368421052633
-2.314	2.3947368421052633
-2.313	2.3947368421052633
-2.312	2.3947368421052633
-2.311	2.3947368421052633
-2.31	2.3947368421052633
-2.309	2.3947368421052633
-2.308	2.3947368421052633
-2.307	2.3947368421052633
-2.306	2.3947368421052633
-2.305	2.3947368421052633
-2.304	2.3947368421052633
-2.303	2.3947368421052633
-2.302	2.3947368421052633
-2.301	2.3947368421052633
-2.3	2.3947368421052633
-2.299	2.3947368421052633
-2.298	2.3947368421052633
-2.297	2.3947368421052633
-2.296	2.3947368421052633
-2.295	2.3947368421052633
-2.294	2.3947368421052633
-2.293	2.3947368421052633
-2.292	2.3947368421052633
-2.291	2.3947368421052633
-2.29	2.3947368421052633
-2.289	2.3947368421052633
-2.288	2.3947368421052633
-2.287	2.3947368421052633
-2.286	2.3947368421052633
-2.285	2.3947368421052633
-2.284	2.3947368421052633
-2.283	2.3947368421052633
-2.282	2.3947368421052633
-2.281	2.3947368421052633
-2.28	2.3947368421052633
-2.279	2.3947368421052633
-2.278	2.3947368421052633
-2.277	2.3947368421052633
-2.276	2.3947368421052633
-2.275	2.3947368421052633
-2.274	2.3947368421052633
-2.273	2.3947368421052633
-2.272	2.3947368421052633
-2.271	2.3947368421052633
-2.27	2.3947368421052633
-2.269	2.3947368421052633
-2.268	2.3947368421052633
-2.267	2.3947368421052633
-2.266	2.3947368421052633
-2.265	2.3947368421052633
-2.264	2.3947368421052633
-2.263	2.3947368421052633
-2.262	2.3947368421052633
-2.261	2.3947368421052633
-2.26	2.3947368421052633
-2.259	2.3947368421052633
-2.258	2.3947368421052633
-2.257	2.3947368421052633
-2.256	2.3947368421052633
-2.255	2.3947368421052633
-2.254	2.3947368421052633
-2.253	2.3947368421052633
-2.252	2.3947368421052633
-2.251	2.3947368421052633
-2.25	2.3947368421052633
-2.249	2.3947368421052633
-2.248	2.3947368421052633
-2.247	2.3947368421052633
-2.246	2.3947368421052633
-2.245	2.3947368421052633
-2.244	2.3947368421052633
-2.243	2.3947368421052633
-2.242	2.3947368421052633
-2.241	2.3947368421052633
-2.24	2.3947368421052633
-2.239	2.3947368421052633
-2.238	2.3947368421052633
-2.237	2.3947368421052633
-2.236	2.3947368421052633
-2.235	2.3947368421052633
-2.234	2.3947368421052633
-2.233	2.3947368421052633
-2.232	2.3947368421052633
-2.231	2.3947368421052633
-2.23	2.3947368421052633
-2.229	2.3947368421052633
-2.228	2.3947368421052633
-2.227	2.3947368421052633
-2.226	2.3947368421052633
-2.225	2.3947368421052633
-2.224	2.3947368421052633
-2.223	2.3947368421052633
-2.222	2.3947368421052633
-2.221	2.3947368421052633
-2.22	2.3947368421052633
-2.219	2.3947368421052633
-2.218	2.3947368421052633
-2.217	2.3947368421052633
-2.216	2.3947368421052633
-2.215	2.3947368421052633
-2.214	2.3947368421052633
-2.213	2.3947368421052633
-2.212	2.3947368421052633
-2.211	2.3947368421052633
-2.21	2.3947368421052633
-2.209	2.3947368421052633
-2.208	2.3947368421052633
-2.207	2.3947368421052633
-2.206	2.3947368421052633
-2.205	2.3947368421052633
-2.204	2.3947368421052633
-2.203	2.3947368421052633
-2.202	2.3947368421052633
-2.201	2.3947368421052633
-2.2	2.3947368421052633
-2.199	2.3947368421052633
-2.198	2.3947368421052633
-2.197	2.3947368421052633
-2.196	2.3947368421052633
-2.195	2.3947368421052633
-2.194	2.3947368421052633
-2.193	2.3947368421052633
-2.192	2.3947368421052633
-2.191	2.3947368421052633
-2.19	2.3947368421052633
-2.189	2.3947368421052633
-2.188	2.3947368421052633
-2.187	2.3947368421052633
-2.186	2.3947368421052633
-2.185	2.3947368421052633
-2.184	2.3947368421052633
-2.183	2.3947368421052633
-2.182	2.3947368421052633
-2.181	2.3947368421052633
-2.18	2.3947368421052633
-2.179	2.3947368421052633
-2.178	2.3947368421052633
-2.177	2.3947368421052633
-2.176	2.3947368421052633
-2.175	2.3947368421052633
-2.174	2.3947368421052633
-2.173	2.3947368421052633
-2.172	2.3947368421052633
-2.171	2.3947368421052633
-2.17	2.3947368421052633
-2.169	2.3947368421052633
-2.168	2.3947368421052633
-2.167	2.3947368421052633
-2.166	2.3947368421052633
-2.165	2.3947368421052633
-2.164	2.3947368421052633
-2.163	2.3947368421052633
-2.162	2.3947368421052633
-2.161	2.3947368421052633
-2.16	2.3947368421052633
-2.159	2.3947368421052633
-2.158	2.3947368421052633
-2.157	2.3947368421052633
-2.156	2.3947368421052633
-2.155	2.3947368421052633
-2.154	2.3947368421052633
-2.153	2.3947368421052633
-2.152	2.3947368421052633
-2.151	2.3947368421052633
-2.15	2.3947368421052633
-2.149	2.3947368421052633
-2.148	2.3947368421052633
-2.147	2.3947368421052633
-2.146	2.3947368421052633
-2.145	2.3947368421052633
-2.144	2.3947368421052633
-2.143	2.3947368421052633
-2.142	2.3947368421052633
-2.141	2.3947368421052633
-2.14	2.3947368421052633
-2.139	2.3947368421052633
-2.138	2.3947368421052633
-2.137	2.3947368421052633
-2.136	2.3947368421052633
-2.135	2.3947368421052633
-2.134	2.3947368421052633
-2.133	2.3947368421052633
-2.132	2.3947368421052633
-2.131	2.3947368421052633
-2.13	2.3947368421052633
-2.129	2.3947368421052633
-2.128	2.3947368421052633
-2.127	2.3947368421052633
-2.126	2.3947368421052633
-2.125	2.3947368421052633
-2.124	2.3947368421052633
-2.123	2.3947368421052633
-2.122	2.3947368421052633
-2.121	2.3947368421052633
-2.12	2.3947368421052633
-2.119	2.3947368421052633
-2.118	2.3947368421052633
-2.117	2.3947368421052633
-2.116	2.3947368421052633
-2.115	2.3947368421052633
-2.114	2.3947368421052633
-2.113	2.3947368421052633
-2.112	2.3947368421052633
-2.111	2.3947368421052633
-2.11	2.3947368421052633
-2.109	2.3947368421052633
-2.108	2.3947368421052633
-2.107	2.3947368421052633
-2.106	2.3947368421052633
-2.105	2.3947368421052633
-2.104	2.3947368421052633
-2.103	2.3947368421052633
-2.102	2.3947368421052633
-2.101	2.3947368421052633
-2.1	2.3947368421052633
-2.099	2.3947368421052633
-2.098	2.3947368421052633
-2.097	2.3947368421052633
-2.096	2.3947368421052633
-2.095	2.3947368421052633
-2.094	2.3947368421052633
-2.093	2.3947368421052633
-2.092	2.3947368421052633
-2.091	2.3947368421052633
-2.09	2.3947368421052633
-2.089	2.3947368421052633
-2.088	2.3947368421052633
-2.087	2.3947368421052633
-2.086	2.3947368421052633
-2.085	2.3947368421052633
-2.084	2.3947368421052633
-2.083	2.3947368421052633
-2.082	2.3947368421052633
-2.081	2.3947368421052633
-2.08	2.3947368421052633
-2.079	2.3947368421052633
-2.078	2.3947368421052633
-2.077	2.3947368421052633
-2.076	2.3947368421052633
-2.075	2.3947368421052633
-2.074	2.3947368421052633
-2.073	2.3947368421052633
-2.072	2.3947368421052633
-2.071	2.3947368421052633
-2.07	2.3947368421052633
-2.069	2.3947368421052633
-2.068	2.3947368421052633
-2.067	2.3947368421052633
-2.066	2.3947368421052633
-2.065	2.3947368421052633
-2.064	2.3947368421052633
-2.063	2.3947368421052633
-2.062	2.3947368421052633
-2.061	2.3947368421052633
-2.06	2.3947368421052633
-2.059	2.3947368421052633
-2.058	2.3947368421052633
-2.057	2.3947368421052633
-2.056	2.3947368421052633
-2.055	2.3947368421052633
-2.054	2.3947368421052633
-2.053	2.3947368421052633
-2.052	2.3947368421052633
-2.051	2.3947368421052633
-2.05	2.3947368421052633
-2.049	2.3947368421052633
-2.048	2.3947368421052633
-2.047	2.3947368421052633
-2.046	2.3947368421052633
-2.045	2.3947368421052633
-2.044	2.3947368421052633
-2.043	2.3947368421052633
-2.042	2.3947368421052633
-2.041	2.3947368421052633
-2.04	2.3947368421052633
-2.039	2.3947368421052633
-2.038	2.3947368421052633
-2.037	2.3947368421052633
-2.036	2.3947368421052633
-2.035	2.3947368421052633
-2.034	2.3947368421052633
-2.033	2.3947368421052633
-2.032	2.3947368421052633
-2.031	2.3947368421052633
-2.03	2.3947368421052633
-2.029	2.3947368421052633
-2.028	2.3947368421052633
-2.027	2.3947368421052633
-2.026	2.3947368421052633
-2.025	2.3947368421052633
-2.024	2.3947368421052633
-2.023	2.3947368421052633
-2.022	2.3947368421052633
-2.021	2.3947368421052633
-2.02	2.3947368421052633
-2.019	2.3947368421052633
-2.018	2.3947368421052633
-2.017	2.3947368421052633
-2.016	2.3947368421052633
-2.015	2.3947368421052633
-2.014	2.3947368421052633
-2.013	2.3947368421052633
-2.012	2.3947368421052633
-2.011	2.3947368421052633
-2.01	2.3947368421052633
-2.009	2.3947368421052633
-2.008	2.3947368421052633
-2.007	2.3947368421052633
-2.006	2.3947368421052633
-2.005	2.3947368421052633
-2.004	2.3947368421052633
-2.003	2.3947368421052633
-2.002	2.3947368421052633
-2.001	2.3947368421052633
-2.0	2.3947368421052633
-1.999	2.3947368421052633
-1.998	2.3947368421052633
-1.997	2.3947368421052633
-1.996	2.3947368421052633
-1.995	2.3947368421052633
-1.994	2.3947368421052633
-1.993	2.3947368421052633
-1.992	2.3947368421052633
-1.991	2.3947368421052633
-1.99	2.3947368421052633
-1.989	2.3947368421052633
-1.988	2.3947368421052633
-1.987	2.3947368421052633
-1.986	2.3947368421052633
-1.985	2.3947368421052633
-1.984	2.3947368421052633
-1.983	2.3947368421052633
-1.982	2.3947368421052633
-1.981	2.3947368421052633
-1.98	2.3947368421052633
-1.979	2.3947368421052633
-1.978	2.3947368421052633
-1.977	2.3947368421052633
-1.976	2.3947368421052633
-1.975	2.3947368421052633
-1.974	2.3947368421052633
-1.973	2.3947368421052633
-1.972	2.3947368421052633
-1.971	2.3947368421052633
-1.97	2.3947368421052633
-1.969	2.3947368421052633
-1.968	2.3947368421052633
-1.967	2.3947368421052633
-1.966	2.3947368421052633
-1.965	2.3947368421052633
-1.964	2.3947368421052633
-1.963	2.3947368421052633
-1.962	2.3947368421052633
-1.961	2.3947368421052633
-1.96	2.3947368421052633
-1.959	2.3947368421052633
-1.958	2.3947368421052633
-1.957	2.3947368421052633
-1.956	2.3947368421052633
-1.955	2.3947368421052633
-1.954	2.3947368421052633
-1.953	2.3947368421052633
-1.952	2.3947368421052633
-1.951	2.3947368421052633
-1.95	2.3947368421052633
-1.949	2.3947368421052633
-1.948	2.3947368421052633
-1.947	2.3947368421052633
-1.946	2.3947368421052633
-1.945	2.3947368421052633
-1.944	2.3947368421052633
-1.943	2.3947368421052633
-1.942	2.3947368421052633
-1.941	2.3947368421052633
-1.94	2.3947368421052633
-1.939	2.3947368421052633
-1.938	2.3947368421052633
-1.937	2.3947368421052633
-1.936	2.3947368421052633
-1.935	2.3947368421052633
-1.934	2.3947368421052633
-1.933	2.3947368421052633
-1.932	2.3947368421052633
-1.931	2.3947368421052633
-1.93	2.3947368421052633
-1.929	2.3947368421052633
-1.928	2.3947368421052633
-1.927	2.3947368421052633
-1.926	2.3947368421052633
-1.925	2.3947368421052633
-1.924	2.3947368421052633
-1.923	2.3947368421052633
-1.922	2.3947368421052633
-1.921	2.3947368421052633
-1.92	2.3947368421052633
-1.919	2.3947368421052633
-1.918	2.3947368421052633
-1.917	2.3947368421052633
-1.916	2.3947368421052633
-1.915	2.3947368421052633
-1.914	2.3947368421052633
-1.913	2.3947368421052633
-1.912	2.3947368421052633
-1.911	2.3947368421052633
-1.91	2.3947368421052633
-1.909	2.3947368421052633
-1.908	2.3947368421052633
-1.907	2.3947368421052633
-1.906	2.3947368421052633
-1.905	2.3947368421052633
-1.904	2.3947368421052633
-1.903	2.3947368421052633
-1.902	2.3947368421052633
-1.901	2.3947368421052633
-1.9	2.3947368421052633
-1.899	2.3947368421052633
-1.898	2.3947368421052633
-1.897	2.3947368421052633
-1.896	2.3947368421052633
-1.895	2.3947368421052633
-1.894	2.3947368421052633
-1.893	2.3947368421052633
-1.892	2.3947368421052633
-1.891	2.3947368421052633
-1.89	2.3947368421052633
-1.889	2.3947368421052633
-1.888	2.3947368421052633
-1.887	2.3947368421052633
-1.886	2.3947368421052633
-1.885	2.3947368421052633
-1.884	2.3947368421052633
-1.883	2.3947368421052633
-1.882	2.3947368421052633
-1.881	2.3947368421052633
-1.88	2.3947368421052633
-1.879	2.3947368421052633
-1.878	2.3947368421052633
-1.877	2.3947368421052633
-1.876	2.3947368421052633
-1.875	2.3947368421052633
-1.874	2.3947368421052633
-1.873	2.3947368421052633
-1.872	2.3947368421052633
-1.871	2.3947368421052633
-1.87	2.3947368421052633
-1.869	2.3947368421052633
-1.868	2.3947368421052633
-1.867	2.3947368421052633
-1.866	2.3947368421052633
-1.865	2.3947368421052633
-1.864	2.3947368421052633
-1.863	2.3947368421052633
-1.862	2.3947368421052633
-1.861	2.3947368421052633
-1.86	2.3947368421052633
-1.859	2.3947368421052633
-1.858	2.3947368421052633
-1.857	2.3947368421052633
-1.856	2.3947368421052633
-1.855	2.3947368421052633
-1.854	2.3947368421052633
-1.853	2.3947368421052633
-1.852	2.3947368421052633
-1.851	2.3947368421052633
-1.85	2.3947368421052633
-1.849	2.3947368421052633
-1.848	2.3947368421052633
-1.847	2.3947368421052633
-1.846	2.3947368421052633
-1.845	2.3947368421052633
-1.844	2.3947368421052633
-1.843	2.3947368421052633
-1.842	2.3947368421052633
-1.841	2.3947368421052633
-1.84	2.3947368421052633
-1.839	2.3947368421052633
-1.838	2.3947368421052633
-1.837	2.3947368421052633
-1.836	2.3947368421052633
-1.835	2.3947368421052633
-1.834	2.3947368421052633
-1.833	2.3947368421052633
-1.832	2.3947368421052633
-1.831	2.3947368421052633
-1.83	2.3947368421052633
-1.829	2.3947368421052633
-1.828	2.3947368421052633
-1.827	2.3947368421052633
-1.826	2.3947368421052633
-1.825	2.3947368421052633
-1.824	2.3947368421052633
-1.823	2.3947368421052633
-1.822	2.3947368421052633
-1.821	2.3947368421052633
-1.82	2.3947368421052633
-1.819	2.3947368421052633
-1.818	2.3947368421052633
-1.817	2.3947368421052633
-1.816	2.3947368421052633
-1.815	2.3947368421052633
-1.814	2.3947368421052633
-1.813	2.3947368421052633
-1.812	2.3947368421052633
-1.811	2.3947368421052633
-1.81	2.3947368421052633
-1.809	2.3947368421052633
-1.808	2.3947368421052633
-1.807	2.3947368421052633
-1.806	2.3947368421052633
-1.805	2.3947368421052633
-1.804	2.3947368421052633
-1.803	2.3947368421052633
-1.802	2.3947368421052633
-1.801	2.3947368421052633
-1.8	2.3947368421052633
-1.799	2.3947368421052633
-1.798	2.3947368421052633
-1.797	2.3947368421052633
-1.796	2.3947368421052633
-1.795	2.3947368421052633
-1.794	2.3947368421052633
-1.793	2.3947368421052633
-1.792	2.3947368421052633
-1.791	2.3947368421052633
-1.79	2.3947368421052633
-1.789	2.3947368421052633
-1.788	2.3947368421052633
-1.787	2.3947368421052633
-1.786	2.3947368421052633
-1.785	2.3947368421052633
-1.784	2.3947368421052633
-1.783	2.3947368421052633
-1.782	2.3947368421052633
-1.781	2.3947368421052633
-1.78	2.3947368421052633
-1.779	2.3947368421052633
-1.778	2.3947368421052633
-1.777	2.3947368421052633
-1.776	2.3947368421052633
-1.775	2.3947368421052633
-1.774	2.3947368421052633
-1.773	2.3947368421052633
-1.772	2.3947368421052633
-1.771	2.3947368421052633
-1.77	2.3947368421052633
-1.769	2.3947368421052633
-1.768	2.3947368421052633
-1.767	2.3947368421052633
-1.766	2.3947368421052633
-1.765	2.3947368421052633
-1.764	2.3947368421052633
-1.763	2.3947368421052633
-1.762	2.3947368421052633
-1.761	2.3947368421052633
-1.76	2.3947368421052633
-1.759	2.3947368421052633
-1.758	2.3947368421052633
-1.757	2.3947368421052633
-1.756	2.3947368421052633
-1.755	2.3947368421052633
-1.754	3.64
-1.753	3.64
-1.752	3.64
-1.751	3.64
-1.75	3.64
-1.749	3.64
-1.748	3.64
-1.747	3.64
-1.746	3.64
-1.745	3.64
-1.744	3.64
-1.743	3.64
-1.742	3.64
-1.741	3.64
-1.74	3.64
-1.739	3.64
-1.738	3.64
-1.737	3.64
-1.736	3.64
-1.735	3.64
-1.734	3.64
-1.733	3.64
-1.732	3.64
-1.731	3.64
-1.73	3.64
-1.729	3.64
-1.728	3.64
-1.727	3.64
-1.726	3.64
-1.725	3.64
-1.724	3.64
-1.723	3.64
-1.722	3.64
-1.721	3.64
-1.72	3.64
-1.719	3.64
-1.718	3.64
-1.717	3.64
-1.716	3.64
-1.715	3.64
-1.714	3.64
-1.713	3.64
-1.712	3.64
-1.711	3.64
-1.71	3.64
-1.709	3.64
-1.708	3.64
-1.707	3.64
-1.706	3.64
-1.705	3.64
-1.704	3.64
-1.703	3.64
-1.702	3.64
-1.701	3.64
-1.7	3.64
-1.699	3.64
-1.698	3.64
-1.697	3.64
-1.696	3.64
-1.695	3.64
-1.694	3.64
-1.693	3.64
-1.692	3.64
-1.691	3.64
-1.69	3.64
-1.689	3.64
-1.688	3.64
-1.687	3.64
-1.686	3.64
-1.685	3.64
-1.684	3.64
-1.683	3.64
-1.682	3.64
-1.681	3.64
-1.68	3.64
-1.679	3.64
-1.678	3.64
-1.677	3.64
-1.676	3.64
-1.675	3.64
-1.674	3.64
-1.673	3.64
-1.672	3.64
-1.671	3.64
-1.67	3.64
-1.669	3.64
-1.668	3.64
-1.667	3.64
-1.666	3.64
-1.665	3.64
-1.664	3.64
-1.663	3.64
-1.662	3.64
-1.661	3.64
-1.66	3.64
-1.659	3.64
-1.658	3.64
-1.657	3.64
-1.656	3.64
-1.655	3.64
-1.654	3.64
-1.653	3.64
-1.652	3.64
-1.651	3.64
-1.65	3.64
-1.649	3.64
-1.648	3.64
-1.647	3.64
-1.646	3.64
-1.645	3.64
-1.644	3.64
-1.643	3.64
-1.642	3.64
-1.641	3.64
-1.64	3.64
-1.639	3.64
-1.638	3.64
-1.637	3.64
-1.636	3.64
-1.635	3.64
-1.634	3.64
-1.633	3.64
-1.632	3.64
-1.631	3.64
-1.63	3.64
-1.629	3.64
-1.628	3.64
-1.627	3.64
-1.626	3.64
-1.625	3.64
-1.624	3.64
-1.623	3.64
-1.622	3.64
-1.621	3.64
-1.62	3.64
-1.619	3.64
-1.618	3.64
-1.617	3.64
-1.616	3.64
-1.615	3.64
-1.614	3.64
-1.613	3.64
-1.612	3.64
-1.611	3.64
-1.61	3.64
-1.609	3.64
-1.608	3.64
-1.607	3.64
-1.606	3.64
-1.605	3.64
-1.604	3.64
-1.603	3.64
-1.602	3.64
-1.601	3.64
-1.6	3.64
-1.599	3.64
-1.598	3.64
-1.597	3.64
-1.596	3.64
-1.595	3.64
-1.594	3.64
-1.593	3.64
-1.592	3.64
-1.591	3.64
-1.59	3.64
-1.589	3.64
-1.588	3.64
-1.587	3.64
-1.586	3.64
-1.585	3.64
-1.584	3.64
-1.583	3.64
-1.582	3.64
-1.581	3.64
-1.58	3.64
-1.579	3.64
-1.578	3.64
-1.577	3.64
-1.576	3.64
-1.575	3.64
-1.574	3.64
-1.573	3.64
-1.572	3.64
-1.571	3.64
-1.57	3.64
-1.569	3.64
-1.568	3.64
-1.567	3.64
-1.566	3.64
-1.565	3.64
-1.564	3.64
-1.563	3.64
-1.562	3.64
-1.561	3.64
-1.56	3.64
-1.559	3.64
-1.558	3.64
-1.557	3.64
-1.556	3.64
-1.555	3.64
-1.554	3.64
-1.553	3.64
-1.552	3.64
-1.551	3.64
-1.55	3.64
-1.549	3.64
-1.548	3.64
-1.547	3.64
-1.546	3.64
-1.545	3.64
-1.544	3.64
-1.543	3.64
-1.542	3.64
-1.541	3.64
-1.54	3.64
-1.539	3.64
-1.538	3.64
-1.537	3.64
-1.536	3.64
-1.535	3.64
-1.534	3.64
-1.533	3.64
-1.532	3.64
-1.531	3.64
-1.53	3.64
-1.529	3.64
-1.528	3.64
-1.527	3.64
-1.526	3.64
-1.525	3.64
-1.524	3.64
-1.523	3.64
-1.522	3.64
-1.521	3.64
-1.52	3.64
-1.519	3.64
-1.518	3.64
-1.517	3.64
-1.516	3.64
-1.515	3.64
-1.514	3.64
-1.513	3.64
-1.512	3.64
-1.511	3.64
-1.51	3.64
-1.509	3.64
-1.508	3.64
-1.507	3.64
-1.506	3.64
-1.505	3.64
-1.504	3.64
-1.503	3.64
-1.502	3.64
-1.501	3.64
-1.5	3.64
-1.499	3.64
-1.498	3.64
-1.497	3.64
-1.496	3.64
-1.495	3.64
-1.494	3.64
-1.493	3.64
-1.492	3.64
-1.491	3.64
-1.49	3.64
-1.489	3.64
-1.488	3.64
-1.487	18.2
-1.486	18.2
-1.485	18.2
-1.484	18.2
-1.483	18.2
-1.482	18.2
-1.481	18.2
-1.48	18.2
-1.479	18.2
-1.478	18.2
-1.477	18.2
-1.476	18.2
-1.475	18.2
-1.474	18.2
-1.473	18.2
-1.472	18.2
-1.471	18.2
-1.47	18.2
-1.469	18.2
-1.468	18.2
-1.467	18.2
-1.466	18.2
-1.465	18.2
-1.464	18.2
-1.463	18.2
-1.462	18.2
-1.461	18.2
-1.46	18.2
-1.459	18.2
-1.458	18.2
-1.457	18.2
-1.456	18.2
-1.455	18.2
-1.454	18.2
-1.453	18.2
-1.452	18.2
-1.451	18.2
-1.45	18.2
-1.449	18.2
-1.448	18.2
-1.447	18.2
-1.446	18.2
-1.445	18.2
-1.444	18.2
-1.443	18.2
-1.442	18.2
-1.441	18.2
-1.44	18.2
-1.439	18.2
-1.438	18.2
-1.437	18.2
-1.436	18.2
-1.435	18.2
-1.434	18.2
-1.433	18.2
-1.432	18.2
-1.431	18.2
-1.43	18.2
-1.429	18.2
-1.428	18.2
-1.427	18.2
-1.426	18.2
-1.425	18.2
-1.424	18.2
-1.423	18.2
-1.422	18.2
-1.421	18.2
-1.42	18.2
-1.419	18.2
-1.418	18.2
-1.417	18.2
-1.416	18.2
-1.415	18.2
-1.414	18.2
-1.413	18.2
-1.412	18.2
-1.411	18.2
-1.41	18.2
-1.409	18.2
-1.408	18.2
-1.407	18.2
-1.406	18.2
-1.405	18.2
-1.404	18.2
-1.403	18.2
-1.402	18.2
-1.401	18.2
-1.4	18.2
-1.399	18.2
-1.398	18.2
-1.397	18.2
-1.396	18.2
-1.395	18.2
-1.394	18.2
-1.393	18.2
-1.392	18.2
-1.391	18.2
-1.39	18.2
-1.389	18.2
-1.388	18.2
-1.387	18.2
-1.386	18.2
-1.385	18.2
-1.384	18.2
-1.383	18.2
-1.382	18.2
-1.381	18.2
-1.38	18.2
-1.379	18.2
-1.378	18.2
-1.377	18.2
-1.376	18.2
-1.375	18.2
-1.374	18.2
-1.373	18.2
-1.372	18.2
-1.371	18.2
-1.37	18.2
-1.369	18.2
-1.368	18.2
-1.367	18.2
-1.366	18.2
-1.365	18.2
-1.364	18.2
-1.363	18.2
-1.362	18.2
-1.361	18.2
-1.36	18.2
-1.359	18.2
-1.358	18.2
-1.357	18.2
-1.356	18.2
-1.355	18.2
-1.354	18.2
-1.353	18.2
-1.352	18.2
-1.351	18.2
-1.35	18.2
-1.349	18.2
-1.348	18.2
-1.347	18.2
-1.346	18.2
-1.345	18.2
-1.344	18.2
-1.343	18.2
-1.342	18.2
-1.341	18.2
-1.34	18.2
-1.339	18.2
-1.338	18.2
-1.337	18.2
-1.336	18.2
-1.335	18.2
-1.334	18.2
-1.333	18.2
-1.332	18.2
-1.331	18.2
-1.33	18.2
-1.329	18.2
-1.328	18.2
-1.327	18.2
-1.326	18.2
-1.325	18.2
-1.324	18.2
-1.323	18.2
-1.322	18.2
-1.321	18.2
-1.32	18.2
-1.319	18.2
-1.318	18.2
-1.317	18.2
-1.316	18.2
-1.315	18.2
-1.314	18.2
-1.313	18.2
-1.312	18.2
-1.311	18.2
-1.31	18.2
-1.309	18.2
-1.308	18.2
-1.307	18.2
-1.306	18.2
-1.305	18.2
-1.304	18.2
-1.303	18.2
-1.302	18.2
-1.301	18.2
-1.3	18.2
-1.299	18.2
-1.298	18.2
-1.297	18.2
-1.296	18.2
-1.295	18.2
-1.294	18.2
-1.293	18.2
-1.292	18.2
-1.291	18.2
-1.29	18.2
-1.289	18.2
-1.288	18.2
-1.287	18.2
-1.286	18.2
-1.285	18.2
-1.284	18.2
-1.283	18.2
-1.282	18.2
-1.281	18.2
-1.28	18.2
-1.279	18.2
-1.278	18.2
-1.277	18.2
-1.276	18.2
-1.275	18.2
-1.274	18.2
-1.273	18.2
-1.272	18.2
-1.271	18.2
-1.27	18.2
-1.269	18.2
-1.268	18.2
-1.267	18.2
-1.266	18.2
-1.265	18.2
-1.264	18.2
-1.263	18.2
-1.262	18.2
-1.261	18.2
-1.26	18.2
-1.259	18.2
-1.258	18.2
-1.257	18.2
-1.256	18.2
-1.255	18.2
-1.254	18.2
-1.253	18.2
-1.252	18.2
-1.251	18.2
-1.25	18.2
-1.249	18.2
-1.248	18.2
-1.247	18.2
-1.246	18.2
-1.245	18.2
-1.244	18.2
-1.243	18.2
-1.242	18.2
-1.241	18.2
-1.24	18.2
-1.239	18.2
-1.238	18.2
-1.237	18.2
-1.236	18.2
-1.235	18.2
-1.234	18.2
-1.233	18.2
-1.232	18.2
-1.231	18.2
-1.23	18.2
-1.229	18.2
-1.228	18.2
-1.227	18.2
-1.226	18.2
-1.225	18.2
-1.224	18.2
-1.223	18.2
-1.222	18.2
-1.221	18.2
-1.22	18.2
-1.219	18.2
-1.218	18.2
-1.217	18.2
-1.216	18.2
-1.215	18.2
-1.214	18.2
-1.213	30.333333333333332
-1.212	30.333333333333332
-1.211	30.333333333333332
-1.21	30.333333333333332
-1.209	30.333333333333332
-1.208	30.333333333333332
-1.207	30.333333333333332
-1.206	30.333333333333332
-1.205	30.333333333333332
-1.204	30.333333333333332
-1.203	30.333333333333332
-1.202	30.333333333333332
-1.201	30.333333333333332
-1.2	30.333333333333332
-1.199	30.333333333333332
-1.198	30.333333333333332
-1.197	30.333333333333332
-1.196	30.333333333333332
-1.195	30.333333333333332
-1.194	30.333333333333332
-1.193	30.333333333333332
-1.192	30.333333333333332
-1.191	30.333333333333332
-1.19	30.333333333333332
-1.189	30.333333333333332
-1.188	30.333333333333332
-1.187	30.333333333333332
-1.186	30.333333333333332
-1.185	30.333333333333332
-1.184	30.333333333333332
-1.183	30.333333333333332
-1.182	30.333333333333332
-1.181	30.333333333333332
-1.18	30.333333333333332
-1.179	30.333333333333332
-1.178	30.333333333333332
-1.177	30.333333333333332
-1.176	30.333333333333332
-1.175	30.333333333333332
-1.174	30.333333333333332
-1.173	30.333333333333332
-1.172	30.333333333333332
-1.171	30.333333333333332
-1.17	30.333333333333332
-1.169	30.333333333333332
-1.168	30.333333333333332
-1.167	30.333333333333332
-1.166	30.333333333333332
-1.165	30.333333333333332
-1.164	30.333333333333332
-1.163	30.333333333333332
-1.162	30.333333333333332
-1.161	30.333333333333332
-1.16	30.333333333333332
-1.159	30.333333333333332
-1.158	30.333333333333332
-1.157	30.333333333333332
-1.156	30.333333333333332
-1.155	30.333333333333332
-1.154	30.333333333333332
-1.153	30.333333333333332
-1.152	30.333333333333332
-1.151	30.333333333333332
-1.15	30.333333333333332
-1.149	30.333333333333332
-1.148	30.333333333333332
-1.147	30.333333333333332
-1.146	30.333333333333332
-1.145	30.333333333333332
-1.144	30.333333333333332
-1.143	30.333333333333332
-1.142	30.333333333333332
-1.141	30.333333333333332
-1.14	30.333333333333332
-1.139	30.333333333333332
-1.138	30.333333333333332
-1.137	30.333333333333332
-1.136	30.333333333333332
-1.135	30.333333333333332
-1.134	30.333333333333332
-1.133	30.333333333333332
-1.132	30.333333333333332
-1.131	30.333333333333332
-1.13	30.333333333333332
-1.129	30.333333333333332
-1.128	30.333333333333332
-1.127	30.333333333333332
-1.126	30.333333333333332
-1.125	30.333333333333332
-1.124	30.333333333333332
-1.123	30.333333333333332
-1.122	30.333333333333332
-1.121	30.333333333333332
-1.12	30.333333333333332
-1.119	30.333333333333332
-1.118	30.333333333333332
-1.117	30.333333333333332
-1.116	30.333333333333332
-1.115	30.333333333333332
-1.114	30.333333333333332
-1.113	30.333333333333332
-1.112	30.333333333333332
-1.111	30.333333333333332
-1.11	30.333333333333332
-1.109	30.333333333333332
-1.108	30.333333333333332
-1.107	30.333333333333332
-1.106	30.333333333333332
-1.105	30.333333333333332
-1.104	30.333333333333332
-1.103	30.333333333333332
-1.102	30.333333333333332
-1.101	22.75
-1.1	22.75
-1.099	22.75
-1.098	22.75
-1.097	22.75
-1.096	22.75
-1.095	22.75
-1.094	22.75
-1.093	22.75
-1.092	22.75
-1.091	22.75
-1.09	22.75
-1.089	22.75
-1.088	22.75
-1.087	22.75
-1.086	22.75
-1.085	22.75
-1.084	22.75
-1.083	22.75
-1.082	22.75
-1.081	22.75
-1.08	22.75
-1.079	22.75
-1.078	22.75
-1.077	22.75
-1.076	22.75
-1.075	22.75
-1.074	22.75
-1.073	22.75
-1.072	22.75
-1.071	22.75
-1.07	22.75
-1.069	22.75
-1.068	22.75
-1.067	22.75
-1.066	22.75
-1.065	22.75
-1.064	22.75
-1.063	22.75
-1.062	22.75
-1.061	22.75
-1.06	22.75
-1.059	22.75
-1.058	22.75
-1.057	22.75
-1.056	22.75
-1.055	22.75
-1.054	22.75
-1.053	22.75
-1.052	22.75
-1.051	22.75
-1.05	22.75
-1.049	22.75
-1.048	22.75
-1.047	22.75
-1.046	22.75
-1.045	22.75
-1.044	22.75
-1.043	22.75
-1.042	22.75
-1.041	22.75
-1.04	22.75
-1.039	22.75
-1.038	22.75
-1.037	22.75
-1.036	22.75
-1.035	22.75
-1.034	22.75
-1.033	22.75
-1.032	22.75
-1.031	22.75
-1.03	22.75
-1.029	22.75
-1.028	22.75
-1.027	22.75
-1.026	22.75
-1.025	22.75
-1.024	22.75
-1.023	22.75
-1.022	22.75
-1.021	22.75
-1.02	22.75
-1.019	22.75
-1.018	22.75
-1.017	22.75
-1.016	22.75
-1.015	22.75
-1.014	22.75
-1.013	22.75
-1.012	22.75
-1.011	22.75
-1.01	22.75
-1.009	22.75
-1.008	22.75
-1.007	22.75
-1.006	22.75
-1.005	22.75
-1.004	22.75
-1.003	22.75
-1.002	22.75
-1.001	22.75
-1.0	22.75
-0.999	22.75
-0.998	22.75
-0.997	22.75
-0.996	22.75
-0.995	22.75
-0.994	22.75
-0.993	22.75
-0.992	22.75
-0.991	22.75
-0.99	22.75
-0.989	22.75
-0.988	22.75
-0.987	22.75
-0.986	22.75
-0.985	22.75
-0.984	22.75
-0.983	22.75
-0.982	22.75
-0.981	22.75
-0.98	22.75
-0.979	22.75
-0.978	22.75
-0.977	22.75
-0.976	22.75
-0.975	22.75
-0.974	22.75
-0.973	22.75
-0.972	22.75
-0.971	22.75
-0.97	22.75
-0.969	22.75
-0.968	22.75
-0.967	22.75
-0.966	22.75
-0.965	22.75
-0.964	22.75
-0.963	22.75
-0.962	22.75
-0.961	22.75
-0.96	22.75
-0.959	22.75
-0.958	22.75
-0.957	22.75
-0.956	22.75
-0.955	22.75
-0.954	22.75
-0.953	22.75
-0.952	22.75
-0.951	22.75
-0.95	22.75
-0.949	22.75
-0.948	22.75
-0.947	22.75
-0.946	22.75
-0.945	22.75
-0.944	22.75
-0.943	22.75
-0.942	22.75
-0.941	22.75
-0.94	22.75
-0.939	22.75
-0.938	22.75
-0.937	22.75
-0.936	22.75
-0.935	22.75
-0.934	22.75
-0.933	22.75
-0.932	22.75
-0.931	22.75
-0.93	22.75
-0.929	22.75
-0.928	22.75
-0.927	22.75
-0.926	22.75
-0.925	22.75
-0.924	22.75
-0.923	22.75
-0.922	22.75
-0.921	22.75
-0.92	22.75
-0.919	22.75
-0.918	22.75
-0.917	22.75
-0.916	22.75
-0.915	22.75
-0.914	22.75
-0.913	22.75
-0.912	22.75
-0.911	22.75
-0.91	22.75
-0.909	22.75
-0.908	22.75
-0.907	22.75
-0.906	22.75
-0.905	22.75
-0.904	22.75
-0.903	22.75
-0.902	22.75
-0.901	22.75
-0.9	22.75
-0.899	22.75
-0.898	22.75
-0.897	22.75
-0.896	22.75
-0.895	22.75
-0.894	22.75
-0.893	22.75
-0.892	22.75
-0.891	22.75
-0.89	22.75
-0.889	22.75
-0.888	22.75
-0.887	22.75
-0.886	22.75
-0.885	22.75
-0.884	22.75
-0.883	22.75
-0.882	22.75
-0.881	22.75
-0.88	22.75
-0.879	22.75
-0.878	22.75
-0.877	22.75
-0.876	22.75
-0.875	22.75
-0.874	22.75
-0.873	22.75
-0.872	22.75
-0.871	22.75
-0.87	22.75
-0.869	22.75
-0.868	22.75
-0.867	22.75
-0.866	22.75
-0.865	22.75
-0.864	22.75
-0.863	22.75
-0.862	22.75
-0.861	22.75
-0.86	22.75
-0.859	22.75
-0.858	22.75
-0.857	22.75
-0.856	22.75
-0.855	22.75
-0.854	22.75
-0.853	22.75
-0.852	22.75
-0.851	22.75
-0.85	22.75
-0.849	22.75
-0.848	22.75
-0.847	22.75
-0.846	22.75
-0.845	22.75
-0.844	22.75
-0.843	22.75
-0.842	22.75
-0.841	22.75
-0.84	22.75
-0.839	22.75
-0.838	22.75
-0.837	22.75
-0.836	22.75
-0.835	22.75
-0.834	22.75
-0.833	22.75
-0.832	22.75
-0.831	22.75
-0.83	22.75
-0.829	22.75
-0.828	22.75
-0.827	22.75
-0.826	22.75
-0.825	22.75
-0.824	22.75
-0.823	22.75
-0.822	22.75
-0.821	22.75
-0.82	22.75
-0.819	22.75
-0.818	22.75
-0.817	22.75
-0.816	22.75
-0.815	22.75
-0.814	22.75
-0.813	22.75
-0.812	22.75
-0.811	22.75
-0.81	22.75
-0.809	22.75
-0.808	22.75
-0.807	22.75
-0.806	22.75
-0.805	22.75
-0.804	22.75
-0.803	22.75
-0.802	22.75
-0.801	22.75
-0.8	22.75
-0.799	22.75
-0.798	22.75
-0.797	22.75
-0.796	22.75
-0.795	22.75
-0.794	22.75
-0.793	22.75
-0.792	22.75
-0.791	22.75
-0.79	22.75
-0.789	22.75
-0.788	22.75
-0.787	22.75
-0.786	22.75
-0.785	22.75
-0.784	22.75
-0.783	22.75
-0.782	22.75
-0.781	22.75
-0.78	22.75
-0.779	22.75
-0.778	22.75
-0.777	22.75
-0.776	22.75
-0.775	22.75
-0.774	22.75
-0.773	22.75
-0.772	22.75
-0.771	22.75
-0.77	22.75
-0.769	22.75
-0.768	22.75
-0.767	22.75
-0.766	22.75
-0.765	22.75
-0.764	22.75
-0.763	22.75
-0.762	22.75
-0.761	22.75
-0.76	22.75
-0.759	22.75
-0.758	22.75
-0.757	22.75
-0.756	22.75
-0.755	22.75
-0.754	22.75
-0.753	22.75
-0.752	22.75
-0.751	22.75
-0.75	22.75
-0.749	22.75
-0.748	22.75
-0.747	22.75
-0.746	22.75
-0.745	22.75
-0.744	22.75
-0.743	22.75
-0.742	22.75
-0.741	22.75
-0.74	22.75
-0.739	22.75
-0.738	22.75
-0.737	22.75
-0.736	22.75
-0.735	22.75
-0.734	22.75
-0.733	22.75
-0.732	22.75
-0.731	22.75
-0.73	22.75
-0.729	22.75
-0.728	22.75
-0.727	22.75
-0.726	22.75
-0.725	22.75
-0.724	22.75
-0.723	22.75
-0.722	22.75
-0.721	22.75
-0.72	22.75
-0.719	22.75
-0.718	22.75
-0.717	22.75
-0.716	22.75
-0.715	22.75
-0.714	22.75
-0.713	22.75
-0.712	22.75
-0.711	22.75
-0.71	22.75
-0.709	22.75
-0.708	22.75
-0.707	22.75
-0.706	22.75
-0.705	22.75
-0.704	22.75
-0.703	22.75
-0.702	22.75
-0.701	22.75
-0.7	22.75
-0.699	22.75
-0.698	22.75
-0.697	22.75
-0.696	22.75
-0.695	22.75
-0.694	22.75
-0.693	22.75
-0.692	22.75
-0.691	22.75
-0.69	22.75
-0.689	22.75
-0.688	22.75
-0.687	22.75
-0.686	22.75
-0.685	22.75
-0.684	22.75
-0.683	22.75
-0.682	22.75
-0.681	22.75
-0.68	22.75
-0.679	22.75
-0.678	22.75
-0.677	22.75
-0.676	22.75
-0.675	22.75
-0.674	22.75
-0.673	22.75
-0.672	22.75
-0.671	22.75
-0.67	22.75
-0.669	22.75
-0.668	22.75
-0.667	22.75
-0.666	22.75
-0.665	22.75
-0.664	22.75
-0.663	22.75
-0.662	22.75
-0.661	22.75
-0.66	22.75
-0.659	22.75
-0.658	22.75
-0.657	22.75
-0.656	22.75
-0.655	22.75
-0.654	22.75
-0.653	22.75
-0.652	22.75
-0.651	22.75
-0.65	22.75
-0.649	22.75
-0.648	22.75
-0.647	22.75
-0.646	22.75
-0.645	22.75
-0.644	22.75
-0.643	22.75
-0.642	22.75
-0.641	22.75
-0.64	22.75
-0.639	22.75
-0.638	22.75
-0.637	22.75
-0.636	22.75
-0.635	22.75
-0.634	22.75
-0.633	22.75
-0.632	22.75
-0.631	22.75
-0.63	22.75
-0.629	22.75
-0.628	22.75
-0.627	22.75
-0.626	22.75
-0.625	22.75
-0.624	22.75
-0.623	22.75
-0.622	22.75
-0.621	22.75
-0.62	22.75
-0.619	22.75
-0.618	22.75
-0.617	22.75
-0.616	22.75
-0.615	22.75
-0.614	22.75
-0.613	22.75
-0.612	22.75
-0.611	22.75
-0.61	22.75
-0.609	22.75
-0.608	22.75
-0.607	22.75
-0.606	22.75
-0.605	22.75
-0.604	22.75
-0.603	22.75
-0.602	22.75
-0.601	22.75
-0.6	22.75
-0.599	22.75
-0.598	22.75
-0.597	22.75
-0.596	22.75
-0.595	22.75
-0.594	22.75
-0.593	22.75
-0.592	22.75
-0.591	22.75
-0.59	22.75
-0.589	22.75
-0.588	22.75
-0.587	22.75
-0.586	22.75
-0.585	22.75
-0.584	22.75
-0.583	22.75
-0.582	22.75
-0.581	22.75
-0.58	22.75
-0.579	22.75
-0.578	22.75
-0.577	22.75
-0.576	45.5
-0.575	45.5
-0.574	45.5
-0.573	45.5
-0.572	45.5
-0.571	45.5
-0.57	45.5
-0.569	45.5
-0.568	45.5
-0.567	45.5
-0.566	45.5
-0.565	45.5
-0.564	45.5
-0.563	45.5
-0.562	45.5
-0.561	45.5
-0.56	45.5
-0.559	45.5
-0.558	45.5
-0.557	45.5
-0.556	45.5
-0.555	45.5
-0.554	45.5
-0.553	45.5
-0.552	45.5
-0.551	45.5
-0.55	45.5
-0.549	45.5
-0.548	45.5
-0.547	45.5
-0.546	45.5
-0.545	45.5
-0.544	45.5
-0.543	45.5
-0.542	45.5
-0.541	45.5
-0.54	45.5
-0.539	45.5
-0.538	45.5
-0.537	45.5
-0.536	45.5
-0.535	45.5
-0.534	45.5
-0.533	45.5
-0.532	45.5
-0.531	45.5
-0.53	45.5
-0.529	45.5
-0.528	45.5
-0.527	45.5
-0.526	45.5
-0.525	45.5
-0.524	45.5
-0.523	45.5
-0.522	45.5
-0.521	45.5
-0.52	45.5
-0.519	45.5
-0.518	45.5
-0.517	45.5
-0.516	45.5
-0.515	45.5
-0.514	45.5
-0.513	45.5
-0.512	45.5
-0.511	45.5
-0.51	45.5
-0.509	45.5
-0.508	45.5
-0.507	45.5
-0.506	45.5
-0.505	45.5
-0.504	45.5
-0.503	45.5
-0.502	45.5
-0.501	45.5
-0.5	45.5
-0.499	45.5
-0.498	45.5
-0.497	45.5
-0.496	45.5
-0.495	45.5
-0.494	45.5
-0.493	45.5
-0.492	45.5
-0.491	45.5
-0.49	45.5
-0.489	45.5
-0.488	45.5
-0.487	45.5
-0.486	45.5
-0.485	45.5
-0.484	45.5
-0.483	45.5
-0.482	45.5
-0.481	45.5
-0.48	45.5
-0.479	45.5
-0.478	45.5
-0.477	45.5
-0.476	45.5
-0.475	45.5
-0.474	45.5
-0.473	45.5
-0.472	45.5
-0.471	45.5
-0.47	45.5
-0.469	45.5
-0.468	45.5
-0.467	45.5
-0.466	45.5
-0.465	45.5
-0.464	45.5
-0.463	45.5
-0.462	45.5
-0.461	45.5
-0.46	45.5
-0.459	45.5
-0.458	45.5
-0.457	45.5
-0.456	45.5
-0.455	45.5
-0.454	45.5
-0.453	45.5
-0.452	45.5
-0.451	45.5
-0.45	45.5
-0.449	45.5
-0.448	45.5
-0.447	45.5
-0.446	45.5
-0.445	45.5
-0.444	45.5
-0.443	45.5
-0.442	45.5
-0.441	45.5
-0.44	45.5
-0.439	45.5
-0.438	45.5
-0.437	45.5
-0.436	45.5
-0.435	45.5
-0.434	45.5
-0.433	45.5
-0.432	45.5
-0.431	45.5
-0.43	45.5
-0.429	45.5
-0.428	45.5
-0.427	45.5
-0.426	45.5
-0.425	45.5
-0.424	45.5
-0.423	45.5
-0.422	45.5
-0.421	45.5
-0.42	45.5
-0.419	45.5
-0.418	45.5
-0.417	45.5
-0.416	45.5
-0.415	45.5
-0.414	45.5
-0.413	45.5
-0.412	45.5
-0.411	45.5
-0.41	45.5
-0.409	45.5
-0.408	45.5
-0.407	45.5
-0.406	45.5
-0.405	45.5
-0.404	45.5
-0.403	45.5
-0.402	45.5
-0.401	45.5
-0.4	45.5
-0.399	45.5
-0.398	45.5
-0.397	45.5
-0.396	45.5
-0.395	45.5
-0.394	45.5
-0.393	45.5
-0.392	45.5
-0.391	45.5
-0.39	45.5
-0.389	45.5
-0.388	45.5
-0.387	45.5
-0.386	45.5
-0.385	45.5
-0.384	45.5
-0.383	45.5
-0.382	45.5
-0.381	45.5
-0.38	45.5
-0.379	45.5
-0.378	45.5
-0.377	45.5
-0.376	45.5
-0.375	45.5
-0.374	45.5
-0.373	45.5
-0.372	45.5
-0.371	45.5
-0.37	45.5
-0.369	45.5
-0.368	45.5
-0.367	45.5
-0.366	45.5
-0.365	45.5
-0.364	45.5
-0.363	45.5
-0.362	45.5
-0.361	45.5
-0.36	45.5
-0.359	45.5
-0.358	45.5
-0.357	45.5
-0.356	45.5
-0.355	45.5
-0.354	45.5
-0.353	45.5
-0.352	45.5
-0.351	45.5
-0.35	45.5
-0.349	45.5
-0.348	45.5
-0.347	45.5
-0.346	45.5
-0.345	45.5
-0.344	45.5
-0.343	45.5
-0.342	45.5
-0.341	45.5
-0.34	45.5
-0.339	45.5
-0.338	45.5
-0.337	45.5
-0.336	45.5
-0.335	45.5
-0.334	45.5
-0.333	45.5
-0.332	45.5
-0.331	45.5
-0.33	45.5
-0.329	45.5
-0.328	45.5
-0.327	45.5
-0.326	45.5
-0.325	45.5
-0.324	45.5
-0.323	45.5
-0.322	45.5
-0.321	45.5
-0.32	45.5
-0.319	45.5
-0.318	45.5
-0.317	45.5
-0.316	45.5
-0.315	45.5
-0.314	45.5
-0.313	45.5
-0.312	45.5
-0.311	45.5
-0.31	45.5
-0.309	45.5
-0.308	45.5
-0.307	45.5
-0.306	45.5
-0.305	45.5
-0.304	45.5
-0.303	45.5
-0.302	45.5
-0.301	45.5
-0.3	45.5
-0.299	45.5
-0.298	45.5
-0.297	45.5
-0.296	45.5
-0.295	45.5
-0.294	45.5
-0.293	45.5
-0.292	45.5
-0.291	45.5
-0.29	45.5
-0.289	45.5
-0.288	45.5
-0.287	45.5
-0.286	45.5
-0.285	45.5
-0.284	45.5
-0.283	45.5
-0.282	45.5
-0.281	45.5
-0.28	45.5
-0.279	45.5
-0.278	45.5
-0.277	45.5
-0.276	45.5
-0.275	45.5
-0.274	45.5
-0.273	45.5
-0.272	45.5
-0.271	45.5
-0.27	45.5
-0.269	45.5
-0.268	45.5
-0.267	45.5
-0.266	45.5
-0.265	45.5
-0.264	45.5
-0.263	45.5
-0.262	45.5
-0.261	45.5
-0.26	45.5
-0.259	45.5
-0.258	45.5
-0.257	45.5
-0.256	45.5
-0.255	45.5
-0.254	45.5
-0.253	45.5
-0.252	45.5
-0.251	45.5
-0.25	45.5
-0.249	45.5
-0.248	45.5
-0.247	45.5
-0.246	45.5
-0.245	45.5
-0.244	45.5
-0.243	45.5
-0.242	45.5
-0.241	45.5
-0.24	45.5
-0.239	45.5
-0.238	45.5
-0.237	45.5
-0.236	45.5
-0.235	45.5
-0.234	45.5
-0.233	45.5
-0.232	45.5
-0.231	45.5
-0.23	45.5
-0.229	45.5
-0.228	45.5
-0.227	45.5
-0.226	45.5
-0.225	45.5
-0.224	45.5
-0.223	45.5
-0.222	45.5
-0.221	45.5
-0.22	45.5
-0.219	45.5
-0.218	45.5
-0.217	45.5
-0.216	45.5
-0.215	45.5
-0.214	45.5
-0.213	45.5
-0.212	45.5
-0.211	45.5
-0.21	45.5
-0.209	45.5
-0.208	45.5
-0.207	45.5
-0.206	45.5
-0.205	45.5
-0.204	45.5
-0.203	45.5
-0.202	45.5
-0.201	45.5
-0.2	45.5
-0.199	45.5
-0.198	45.5
-0.197	45.5
-0.196	45.5
-0.195	45.5
-0.194	45.5
-0.193	45.5
-0.192	45.5
-0.191	45.5
-0.19	45.5
-0.189	45.5
-0.188	45.5
-0.187	45.5
-0.186	45.5
-0.185	45.5
-0.184	45.5
-0.183	45.5
-0.182	45.5
-0.181	45.5
-0.18	45.5
-0.179	45.5
-0.178	45.5
-0.177	45.5
-0.176	45.5
-0.175	45.5
-0.174	45.5
-0.173	45.5
-0.172	45.5
-0.171	45.5
-0.17	45.5
-0.169	45.5
-0.168	45.5
-0.167	45.5
-0.166	45.5
-0.165	45.5
-0.164	45.5
-0.163	45.5
-0.162	45.5
-0.161	45.5
-0.16	45.5
-0.159	45.5
-0.158	45.5
-0.157	45.5
-0.156	45.5
-0.155	45.5
-0.154	45.5
-0.153	45.5
-0.152	45.5
-0.151	45.5
-0.15	45.5
-0.149	45.5
-0.148	45.5
-0.147	45.5
-0.146	45.5
-0.145	45.5
-0.144	45.5
-0.143	45.5
-0.142	45.5
-0.141	45.5
-0.14	45.5
-0.139	45.5
-0.138	45.5
-0.137	45.5
-0.136	45.5
-0.135	45.5
-0.134	45.5
-0.133	45.5
-0.132	45.5
-0.131	45.5
-0.13	45.5
-0.129	45.5
-0.128	45.5
-0.127	45.5
-0.126	45.5
-0.125	45.5
-0.124	45.5
-0.123	45.5
-0.122	45.5
-0.121	45.5
-0.12	45.5
-0.119	45.5
-0.118	45.5
-0.117	45.5
-0.116	45.5
-0.115	45.5
-0.114	45.5
-0.113	45.5
-0.112	45.5
-0.111	45.5
-0.11	45.5
-0.109	45.5
-0.108	45.5
-0.107	45.5
-0.106	45.5
-0.105	45.5
-0.104	45.5
-0.103	45.5
-0.102	45.5
-0.101	45.5
-0.1	45.5
-0.099	45.5
-0.098	45.5
-0.097	45.5
-0.096	45.5
-0.095	45.5
-0.094	45.5
-0.093	45.5
-0.092	45.5
-0.091	45.5
-0.09	45.5
-0.089	45.5
-0.088	45.5
-0.087	45.5
-0.086	45.5
-0.085	45.5
-0.084	45.5
-0.083	45.5
-0.082	45.5
-0.081	45.5
-0.08	45.5
-0.079	45.5
-0.078	45.5
-0.077	45.5
-0.076	45.5
-0.075	45.5
-0.074	45.5
-0.073	45.5
-0.072	45.5
-0.071	45.5
-0.07	45.5
-0.069	45.5
-0.068	45.5
-0.067	45.5
-0.066	45.5
-0.065	45.5
-0.064	45.5
-0.063	45.5
-0.062	45.5
-0.061	45.5
-0.06	45.5
-0.059	45.5
-0.058	45.5
-0.057	45.5
-0.056	45.5
-0.055	45.5
-0.054	45.5
-0.053	45.5
-0.052	45.5
-0.051	45.5
-0.05	45.5
-0.049	45.5
-0.048	45.5
-0.047	45.5
-0.046	45.5
-0.045	45.5
-0.044	45.5
-0.043	45.5
-0.042	45.5
-0.041	45.5
-0.04	45.5
-0.039	45.5
-0.038	45.5
-0.037	45.5
-0.036	45.5
-0.035	45.5
-0.034	45.5
-0.033	45.5
-0.032	45.5
-0.031	45.5
-0.03	45.5
-0.029	45.5
-0.028	45.5
-0.027	45.5
-0.026	45.5
-0.025	45.5
-0.024	45.5
-0.023	45.5
-0.022	45.5
-0.021	45.5
-0.02	45.5
-0.019	45.5
-0.018	45.5
-0.017	45.5
-0.016	45.5
-0.015	45.5
-0.014	45.5
-0.013	45.5
-0.012	45.5
-0.011	45.5
-0.01	45.5
-0.009	45.5
-0.008	45.5
-0.007	45.5
-0.006	45.5
-0.005	45.5
-0.004	45.5
-0.003	45.5
-0.002	45.5
-0.001	45.5
0.0	45.5
0.001	45.5
0.002	45.5
0.003	45.5
0.004	45.5
0.005	45.5
0.006	45.5
0.007	45.5
0.008	45.5
0.009	45.5
0.01	45.5
0.011	45.5
0.012	45.5
0.013	45.5
0.014	45.5
0.015	45.5
0.016	45.5
0.017	45.5
0.018	45.5
0.019	45.5
0.02	45.5
0.021	45.5
0.022	45.5
0.023	45.5
0.024	45.5
0.025	45.5
0.026	45.5
0.027	45.5
0.028	45.5
0.029	45.5
0.03	45.5
0.031	45.5
0.032	45.5
0.033	45.5
0.034	45.5
0.035	45.5
0.036	45.5
0.037	45.5
0.038	45.5
0.039	45.5
0.04	45.5
0.041	45.5
0.042	45.5
0.043	45.5
0.044	45.5
0.045	45.5
0.046	45.5
0.047	45.5
0.048	45.5
0.049	45.5
0.05	45.5
0.051	45.5
0.052	45.5
0.053	45.5
0.054	45.5
0.055	45.5
0.056	45.5
0.057	45.5
0.058	45.5
0.059	45.5
0.06	45.5
0.061	45.5
0.062	45.5
0.063	45.5
0.064	45.5
0.065	45.5
0.066	45.5
0.067	45.5
0.068	45.5
0.069	45.5
0.07	45.5
0.071	45.5
0.072	45.5
0.073	45.5
0.074	45.5
0.075	45.5
0.076	45.5
0.077	45.5
0.078	45.5
0.079	45.5
0.08	45.5
0.081	45.5
0.082	45.5
0.083	45.5
0.084	45.5
0.085	45.5
0.086	45.5
0.087	45.5
0.088	45.5
0.089	45.5
0.09	45.5
0.091	45.5
0.092	45.5
0.093	45.5
0.094	45.5
0.095	45.5
0.096	45.5
0.097	45.5
0.098	45.5
0.099	45.5
0.1	45.5
0.101	45.5
0.102	45.5
0.103	45.5
0.104	45.5
0.105	45.5
0.106	45.5
0.107	45.5
0.108	45.5
0.109	45.5
0.11	45.5
0.111	45.5
0.112	45.5
0.113	45.5
0.114	45.5
0.115	45.5
0.116	45.5
0.117	45.5
0.118	45.5
0.119	45.5
0.12	45.5
0.121	45.5
0.122	45.5
0.123	45.5
0.124	45.5
0.125	45.5
0.126	45.5
0.127	45.5
0.128	45.5
0.129	45.5
0.13	45.5
0.131	45.5
0.132	45.5
0.133	45.5
0.134	45.5
0.135	45.5
0.136	45.5
0.137	45.5
0.138	45.5
0.139	45.5
0.14	45.5
0.141	45.5
0.142	45.5
0.143	45.5
0.144	45.5
0.145	45.5
0.146	45.5
0.147	45.5
0.148	45.5
0.149	45.5
0.15	45.5
0.151	45.5
0.152	45.5
0.153	45.5
0.154	45.5
0.155	45.5
0.156	45.5
0.157	45.5
0.158	45.5
0.159	45.5
0.16	45.5
0.161	45.5
0.162	45.5
0.163	45.5
0.164	45.5
0.165	45.5
0.166	45.5
0.167	45.5
0.168	45.5
0.169	45.5
0.17	45.5
0.171	45.5
0.172	45.5
0.173	45.5
0.174	45.5
0.175	45.5
0.176	45.5
0.177	45.5
0.178	45.5
0.179	45.5
0.18	45.5
0.181	45.5
0.182	45.5
0.183	45.5
0.184	45.5
0.185	45.5
0.186	45.5
0.187	45.5
0.188	45.5
0.189	45.5
0.19	45.5
0.191	45.5
0.192	45.5
0.193	45.5
0.194	45.5
0.195	45.5
0.196	45.5
0.197	45.5
0.198	45.5
0.199	45.5
0.2	45.5
0.201	45.5
0.202	45.5
0.203	45.5
0.204	45.5
0.205	45.5
0.206	45.5
0.207	45.5
0.208	45.5
0.209	45.5
0.21	45.5
0.211	45.5
0.212	45.5
0.213	45.5
0.214	45.5
0.215	45.5
0.216	45.5
0.217	45.5
0.218	45.5
0.219	45.5
0.22	45.5
0.221	45.5
0.222	45.5
0.223	45.5
0.224	45.5
0.225	45.5
0.226	45.5
0.227	45.5
0.228	45.5
0.229	45.5
0.23	45.5
0.231	45.5
0.232	45.5
0.233	45.5
0.234	45.5
0.235	45.5
0.236	45.5
0.237	45.5
0.238	45.5
0.239	45.5
0.24	45.5
0.241	45.5
0.242	45.5
0.243	45.5
0.244	45.5
0.245	45.5
0.246	45.5
0.247	45.5
0.248	45.5
0.249	45.5
0.25	45.5
0.251	45.5
0.252	45.5
0.253	45.5
0.254	45.5
0.255	45.5
0.256	45.5
0.257	45.5
0.258	45.5
0.259	45.5
0.26	45.5
0.261	45.5
0.262	45.5
0.263	45.5
0.264	45.5
0.265	45.5
0.266	45.5
0.267	45.5
0.268	45.5
0.269	45.5
0.27	45.5
0.271	45.5
0.272	45.5
0.273	45.5
0.274	45.5
0.275	45.5
0.276	45.5
0.277	45.5
0.278	45.5
0.279	45.5
0.28	45.5
0.281	45.5
0.282	45.5
0.283	45.5
0.284	45.5
0.285	45.5
0.286	45.5
0.287	45.5
0.288	45.5
0.289	45.5
0.29	45.5
0.291	45.5
0.292	45.5
0.293	45.5
0.294	45.5
0.295	45.5
0.296	45.5
0.297	45.5
0.298	45.5
0.299	45.5
0.3	45.5
0.301	45.5
0.302	45.5
0.303	45.5
0.304	45.5
0.305	45.5
0.306	45.5
0.307	45.5
0.308	45.5
0.309	45.5
0.31	45.5
0.311	45.5
0.312	45.5
0.313	45.5
0.314	45.5
0.315	45.5
0.316	45.5
0.317	45.5
0.318	45.5
0.319	45.5
0.32	45.5
0.321	45.5
0.322	45.5
0.323	45.5
0.324	45.5
0.325	45.5
0.326	45.5
0.327	45.5
0.328	45.5
0.329	45.5
0.33	45.5
0.331	45.5
0.332	45.5
0.333	45.5
0.334	45.5
0.335	45.5
0.336	45.5
0.337	45.5
0.338	45.5
0.339	45.5
0.34	45.5
0.341	45.5
0.342	45.5
0.343	45.5
0.344	45.5
0.345	45.5
0.346	45.5
0.347	45.5
0.348	45.5
0.349	45.5
0.35	45.5
0.351	45.5
0.352	45.5
0.353	45.5
0.354	45.5
0.355	45.5
0.356	45.5
0.357	45.5
0.358	45.5
0.359	45.5
0.36	45.5
0.361	45.5
0.362	45.5
0.363	45.5
0.364	45.5
0.365	45.5
0.366	45.5
0.367	45.5
0.368	45.5
0.369	45.5
0.37	45.5
0.371	45.5
0.372	45.5
0.373	45.5
0.374	45.5
0.375	45.5
0.376	45.5
0.377	45.5
0.378	45.5
0.379	45.5
0.38	45.5
0.381	45.5
0.382	45.5
0.383	45.5
0.384	45.5
0.385	45.5
0.386	45.5
0.387	45.5
0.388	45.5
0.389	45.5
0.39	45.5
0.391	45.5
0.392	45.5
0.393	45.5
0.394	45.5
0.395	45.5
0.396	45.5
0.397	45.5
0.398	45.5
0.399	45.5
0.4	45.5
0.401	45.5
0.402	45.5
0.403	45.5
0.404	45.5
0.405	45.5
0.406	45.5
0.407	45.5
0.408	45.5
0.409	45.5
0.41	45.5
0.411	45.5
0.412	45.5
0.413	45.5
0.414	45.5
0.415	45.5
0.416	45.5
0.417	45.5
0.418	45.5
0.419	45.5
0.42	45.5
0.421	45.5
0.422	45.5
0.423	45.5
0.424	45.5
0.425	45.5
0.426	45.5
0.427	45.5
0.428	45.5
0.429	45.5
0.43	45.5
0.431	45.5
0.432	45.5
0.433	45.5
0.434	45.5
0.435	45.5
0.436	45.5
0.437	45.5
0.438	45.5
0.439	45.5
0.44	45.5
0.441	45.5
0.442	45.5
0.443	45.5
0.444	45.5
0.445	45.5
0.446	45.5
0.447	45.5
0.448	45.5
0.449	45.5
0.45	45.5
0.451	45.5
0.452	45.5
0.453	45.5
0.454	45.5
0.455	45.5
0.456	45.5
0.457	45.5
0.458	45.5
0.459	45.5
0.46	45.5
0.461	45.5
0.462	45.5
0.463	45.5
0.464	45.5
0.465	45.5
0.466	45.5
0.467	45.5
0.468	45.5
0.469	45.5
0.47	45.5
0.471	45.5
0.472	45.5
0.473	45.5
0.474	45.5
0.475	45.5
0.476	45.5
0.477	45.5
0.478	45.5
0.479	45.5
0.48	45.5
0.481	45.5
0.482	45.5
0.483	45.5
0.484	45.5
0.485	45.5
0.486	45.5
0.487	45.5
0.488	45.5
0.489	45.5
0.49	45.5
0.491	45.5
0.492	45.5
0.493	45.5
0.494	45.5
0.495	45.5
0.496	45.5
0.497	45.5
0.498	45.5
0.499	45.5
0.5	45.5
0.501	45.5
0.502	45.5
0.503	45.5
0.504	45.5
0.505	45.5
0.506	45.5
0.507	45.5
0.508	45.5
0.509	45.5
0.51	45.5
0.511	45.5
0.512	45.5
0.513	45.5
0.514	45.5
0.515	45.5
0.516	45.5
0.517	45.5
0.518	45.5
0.519	45.5
0.52	45.5
0.521	45.5
0.522	45.5
0.523	45.5
0.524	45.5
0.525	45.5
0.526	45.5
0.527	45.5
0.528	45.5
0.529	45.5
0.53	45.5
0.531	45.5
0.532	45.5
0.533	45.5
0.534	45.5
0.535	45.5
0.536	45.5
0.537	45.5
0.538	45.5
0.539	45.5
0.54	45.5
0.541	45.5
0.542	45.5
0.543	45.5
0.544	45.5
0.545	45.5
0.546	45.5
0.547	45.5
0.548	45.5
0.549	45.5
0.55	45.5
0.551	45.5
0.552	45.5
0.553	45.5
0.554	45.5
0.555	45.5
0.556	45.5
0.557	45.5
0.558	45.5
0.559	45.5
0.56	45.5
0.561	45.5
0.562	45.5
0.563	45.5
0.564	45.5
0.565	45.5
0.566	45.5
0.567	45.5
0.568	45.5
0.569	45.5
0.57	45.5
0.571	45.5
0.572	45.5
0.573	45.5
0.574	45.5
0.575	45.5
0.576	45.5
0.577	45.5
0.578	45.5
0.579	45.5
0.58	45.5
0.581	45.5
0.582	45.5
0.583	45.5
0.584	45.5
0.585	45.5
0.586	45.5
0.587	45.5
0.588	45.5
0.589	45.5
0.59	45.5
0.591	45.5
0.592	45.5
0.593	45.5
0.594	45.5
0.595	45.5
0.596	45.5
0.597	45.5
0.598	45.5
0.599	45.5
0.6	45.5
0.601	45.5
0.602	45.5
0.603	45.5
0.604	45.5
0.605	45.5
0.606	45.5
0.607	45.5
0.608	45.5
0.609	45.5
0.61	45.5
0.611	45.5
0.612	45.5
0.613	45.5
0.614	45.5
0.615	45.5
0.616	45.5
0.617	45.5
0.618	45.5
0.619	45.5
0.62	45.5
0.621	45.5
0.622	45.5
0.623	45.5
0.624	45.5
0.625	45.5
0.626	45.5
0.627	45.5
0.628	45.5
0.629	45.5
0.63	45.5
0.631	45.5
0.632	45.5
0.633	45.5
0.634	45.5
0.635	45.5
0.636	45.5
0.637	45.5
0.638	45.5
0.639	45.5
0.64	45.5
0.641	45.5
0.642	45.5
0.643	45.5
0.644	45.5
0.645	45.5
0.646	45.5
0.647	45.5
0.648	45.5
0.649	45.5
0.65	45.5
0.651	45.5
0.652	45.5
0.653	45.5
0.654	45.5
0.655	45.5
0.656	45.5
0.657	45.5
0.658	45.5
0.659	45.5
0.66	45.5
0.661	45.5
0.662	45.5
0.663	45.5
0.664	45.5
0.665	45.5
0.666	45.5
0.667	45.5
0.668	45.5
0.669	45.5
0.67	45.5
0.671	45.5
0.672	45.5
0.673	45.5
0.674	45.5
0.675	45.5
0.676	45.5
0.677	45.5
0.678	45.5
0.679	45.5
0.68	45.5
0.681	45.5
0.682	45.5
0.683	45.5
0.684	45.5
0.685	45.5
0.686	45.5
0.687	45.5
0.688	45.5
0.689	45.5
0.69	45.5
0.691	45.5
0.692	45.5
0.693	45.5
0.694	45.5
0.695	45.5
0.696	45.5
0.697	45.5
0.698	45.5
0.699	45.5
0.7	45.5
0.701	45.5
0.702	45.5
0.703	45.5
0.704	45.5
0.705	45.5
0.706	45.5
0.707	45.5
0.708	45.5
0.709	45.5
0.71	45.5
0.711	45.5
0.712	45.5
0.713	45.5
0.714	45.5
0.715	45.5
0.716	45.5
0.717	45.5
0.718	45.5
0.719	45.5
0.72	45.5
0.721	45.5
0.722	45.5
0.723	45.5
0.724	45.5
0.725	45.5
0.726	45.5
0.727	45.5
0.728	45.5
0.729	45.5
0.73	45.5
0.731	45.5
0.732	45.5
0.733	45.5
0.734	45.5
0.735	45.5
0.736	45.5
0.737	45.5
0.738	45.5
0.739	45.5
0.74	45.5
0.741	45.5
0.742	45.5
0.743	45.5
0.744	45.5
0.745	45.5
0.746	45.5
0.747	45.5
0.748	45.5
0.749	45.5
0.75	45.5
0.751	45.5
0.752	45.5
0.753	45.5
0.754	45.5
0.755	45.5
0.756	45.5
0.757	45.5
0.758	45.5
0.759	45.5
0.76	45.5
0.761	45.5
0.762	45.5
0.763	45.5
0.764	45.5
0.765	45.5
0.766	45.5
0.767	45.5
0.768	45.5
0.769	45.5
0.77	45.5
0.771	45.5
0.772	45.5
0.773	45.5
0.774	45.5
0.775	45.5
0.776	45.5
0.777	45.5
0.778	45.5
0.779	45.5
0.78	45.5
0.781	45.5
0.782	45.5
0.783	45.5
0.784	45.5
0.785	45.5
0.786	45.5
0.787	45.5
0.788	45.5
0.789	45.5
0.79	45.5
0.791	45.5
0.792	45.5
0.793	45.5
0.794	45.5
0.795	45.5
0.796	45.5
0.797	45.5
0.798	45.5
0.799	45.5
0.8	45.5
0.801	45.5
0.802	45.5
0.803	45.5
0.804	45.5
0.805	45.5
0.806	45.5
0.807	45.5
0.808	45.5
0.809	45.5
0.81	45.5
0.811	45.5
0.812	45.5
0.813	45.5
0.814	45.5
0.815	45.5
0.816	45.5
0.817	45.5
0.818	45.5
0.819	45.5
0.82	45.5
0.821	45.5
0.822	45.5
0.823	45.5
0.824	45.5
0.825	45.5
0.826	45.5
0.827	45.5
0.828	45.5
0.829	45.5
0.83	45.5
0.831	45.5
0.832	45.5
0.833	45.5
0.834	45.5
0.835	45.5
0.836	45.5
0.837	45.5
0.838	45.5
0.839	45.5
0.84	45.5
0.841	45.5
0.842	45.5
0.843	45.5
0.844	45.5
0.845	45.5
0.846	45.5
0.847	45.5
0.848	45.5
0.849	45.5
0.85	45.5
0.851	45.5
0.852	45.5
0.853	45.5
0.854	45.5
0.855	45.5
0.856	45.5
0.857	45.5
0.858	45.5
0.859	45.5
0.86	45.5
0.861	45.5
0.862	45.5
0.863	45.5
0.864	45.5
0.865	45.5
0.866	45.5
0.867	45.5
0.868	45.5
0.869	45.5
0.87	45.5
0.871	45.5
0.872	45.5
0.873	45.5
0.874	45.5
0.875	45.5
0.876	45.5
0.877	45.5
0.878	45.5
0.879	45.5
0.88	45.5
0.881	45.5
0.882	45.5
0.883	45.5
0.884	45.5
0.885	45.5
0.886	45.5
0.887	45.5
0.888	45.5
0.889	45.5
0.89	45.5
0.891	45.5
0.892	45.5
0.893	45.5
0.894	45.5
0.895	45.5
0.896	45.5
0.897	45.5
0.898	45.5
0.899	45.5
0.9	45.5
0.901	45.5
0.902	45.5
0.903	45.5
0.904	45.5
0.905	45.5
0.906	45.5
0.907	45.5
0.908	45.5
0.909	45.5
0.91	45.5
0.911	45.5
0.912	45.5
0.913	45.5
0.914	45.5
0.915	45.5
0.916	45.5
0.917	45.5
0.918	45.5
0.919	45.5
0.92	45.5
0.921	45.5
0.922	45.5
0.923	45.5
0.924	45.5
0.925	45.5
0.926	45.5
0.927	45.5
0.928	45.5
0.929	45.5
0.93	45.5
0.931	45.5
0.932	45.5
0.933	45.5
0.934	45.5
0.935	45.5
0.936	45.5
0.937	45.5
0.938	45.5
0.939	45.5
0.94	45.5
0.941	45.5
0.942	45.5
0.943	45.5
0.944	45.5
0.945	45.5
0.946	45.5
0.947	45.5
0.948	45.5
0.949	45.5
0.95	45.5
0.951	45.5
0.952	45.5
0.953	45.5
0.954	45.5
0.955	45.5
0.956	45.5
0.957	45.5
0.958	45.5
0.959	45.5
0.96	45.5
0.961	45.5
0.962	45.5
0.963	45.5
0.964	45.5
0.965	45.5
0.966	45.5
0.967	45.5
0.968	45.5
0.969	45.5
0.97	45.5
0.971	45.5
0.972	45.5
0.973	45.5
0.974	45.5
0.975	45.5
0.976	45.5
0.977	45.5
0.978	45.5
0.979	45.5
0.98	45.5
0.981	45.5
0.982	45.5
0.983	45.5
0.984	45.5
0.985	45.5
0.986	45.5
0.987	45.5
0.988	45.5
0.989	45.5
0.99	45.5
0.991	45.5
0.992	45.5
0.993	45.5
0.994	45.5
0.995	45.5
0.996	45.5
0.997	45.5
0.998	45.5
0.999	45.5
1.0	45.5
1.001	45.5
1.002	45.5
1.003	45.5
1.004	45.5
1.005	45.5
1.006	45.5
1.007	45.5
1.008	45.5
1.009	45.5
1.01	45.5
1.011	45.5
1.012	45.5
1.013	45.5
1.014	45.5
1.015	45.5
1.016	45.5
1.017	45.5
1.018	45.5
1.019	45.5
1.02	45.5
1.021	45.5
1.022	45.5
1.023	45.5
1.024	45.5
1.025	45.5
1.026	45.5
1.027	45.5
1.028	45.5
1.029	45.5
1.03	45.5
1.031	45.5
1.032	45.5
1.033	45.5
1.034	45.5
1.035	45.5
1.036	45.5
1.037	45.5
1.038	45.5
1.039	45.5
1.04	45.5
1.041	45.5
1.042	45.5
1.043	45.5
1.044	45.5
1.045	45.5
1.046	45.5
1.047	45.5
1.048	45.5
1.049	45.5
1.05	45.5
1.051	45.5
1.052	45.5
1.053	45.5
1.054	45.5
1.055	45.5
1.056	45.5
1.057	45.5
1.058	45.5
1.059	45.5
1.06	45.5
1.061	45.5
1.062	45.5
1.063	45.5
1.064	45.5
1.065	45.5
1.066	45.5
1.067	45.5
1.068	45.5
1.069	45.5
1.07	45.5
1.071	45.5
1.072	45.5
1.073	45.5
1.074	45.5
1.075	45.5
1.076	45.5
1.077	45.5
1.078	45.5
1.079	45.5
1.08	45.5
1.081	45.5
1.082	45.5
1.083	45.5
1.084	45.5
1.085	45.5
1.086	45.5
1.087	45.5
1.088	45.5
1.089	45.5
1.09	45.5
1.091	45.5
1.092	45.5
1.093	45.5
1.094	45.5
1.095	45.5
1.096	45.5
1.097	45.5
1.098	45.5
1.099	45.5
1.1	45.5
1.101	45.5
1.102	45.5
1.103	45.5
1.104	45.5
1.105	45.5
1.106	45.5
1.107	45.5
1.108	45.5
1.109	45.5
1.11	45.5
1.111	45.5
1.112	45.5
1.113	45.5
1.114	45.5
1.115	45.5
1.116	45.5
1.117	45.5
1.118	45.5
1.119	45.5
1.12	45.5
1.121	45.5
1.122	45.5
1.123	45.5
1.124	45.5
1.125	45.5
1.126	45.5
1.127	45.5
1.128	45.5
1.129	45.5
1.13	45.5
1.131	45.5
1.132	45.5
1.133	45.5
1.134	45.5
1.135	45.5
1.136	45.5
1.137	45.5
1.138	45.5
1.139	45.5
1.14	45.5
1.141	45.5
1.142	45.5
1.143	45.5
1.144	45.5
1.145	45.5
1.146	45.5
1.147	45.5
1.148	45.5
1.149	45.5
1.15	45.5
1.151	45.5
1.152	45.5
1.153	45.5
1.154	45.5
1.155	45.5
1.156	45.5
1.157	45.5
1.158	45.5
1.159	45.5
1.16	45.5
1.161	45.5
1.162	45.5
1.163	45.5
1.164	45.5
1.165	45.5
1.166	45.5
1.167	45.5
1.168	45.5
1.169	45.5
1.17	45.5
1.171	45.5
1.172	45.5
1.173	45.5
1.174	45.5
1.175	45.5
1.176	45.5
1.177	45.5
1.178	45.5
1.179	45.5
1.18	45.5
1.181	45.5
1.182	45.5
1.183	45.5
1.184	45.5
1.185	45.5
1.186	45.5
1.187	45.5
1.188	45.5
1.189	45.5
1.19	45.5
1.191	45.5
1.192	45.5
1.193	45.5
1.194	45.5
1.195	45.5
1.196	45.5
1.197	45.5
1.198	45.5
1.199	45.5
1.2	45.5
1.201	45.5
1.202	45.5
1.203	45.5
1.204	45.5
1.205	45.5
1.206	45.5
1.207	45.5
1.208	45.5
1.209	45.5
1.21	45.5
1.211	45.5
1.212	45.5
1.213	45.5
1.214	45.5
1.215	45.5
1.216	45.5
1.217	45.5
1.218	45.5
1.219	45.5
1.22	45.5
1.221	45.5
1.222	45.5
1.223	45.5
1.224	45.5
1.225	45.5
1.226	45.5
1.227	45.5
1.228	45.5
1.229	45.5
1.23	45.5
1.231	45.5
1.232	45.5
1.233	45.5
1.234	45.5
1.235	45.5
1.236	45.5
1.237	45.5
1.238	45.5
1.239	45.5
1.24	45.5
1.241	45.5
1.242	45.5
1.243	45.5
1.244	45.5
1.245	45.5
1.246	45.5
1.247	45.5
1.248	45.5
1.249	45.5
1.25	45.5
1.251	45.5
1.252	45.5
1.253	45.5
1.254	45.5
1.255	45.5
1.256	45.5
1.257	45.5
1.258	45.5
1.259	45.5
1.26	45.5
1.261	45.5
1.262	45.5
1.263	45.5
1.264	45.5
1.265	45.5
1.266	45.5
1.267	45.5
1.268	45.5
1.269	45.5
1.27	45.5
1.271	45.5
1.272	45.5
1.273	45.5
1.274	45.5
1.275	45.5
1.276	45.5
1.277	45.5
1.278	45.5
1.279	45.5
1.28	45.5
1.281	45.5
1.282	45.5
1.283	45.5
1.284	45.5
1.285	45.5
1.286	45.5
1.287	45.5
1.288	45.5
1.289	45.5
1.29	45.5
1.291	45.5
1.292	45.5
1.293	45.5
1.294	45.5
1.295	45.5
1.296	45.5
1.297	45.5
1.298	45.5
1.299	45.5
1.3	45.5
1.301	45.5
1.302	45.5
1.303	45.5
1.304	45.5
1.305	45.5
1.306	45.5
1.307	45.5
1.308	45.5
1.309	45.5
1.31	45.5
1.311	45.5
1.312	45.5
1.313	45.5
1.314	45.5
1.315	45.5
1.316	45.5
1.317	45.5
1.318	45.5
1.319	45.5
1.32	45.5
1.321	45.5
1.322	45.5
1.323	45.5
1.324	45.5
1.325	45.5
1.326	45.5
1.327	45.5
1.328	45.5
1.329	45.5
1.33	45.5
1.331	45.5
1.332	45.5
1.333	45.5
1.334	45.5
1.335	45.5
1.336	45.5
1.337	45.5
1.338	45.5
1.339	45.5
1.34	45.5
1.341	45.5
1.342	45.5
1.343	45.5
1.344	45.5
1.345	45.5
1.346	45.5
1.347	45.5
1.348	45.5
1.349	45.5
1.35	45.5
1.351	45.5
1.352	45.5
1.353	45.5
1.354	45.5
1.355	45.5
1.356	45.5
1.357	45.5
1.358	45.5
1.359	45.5
1.36	45.5
1.361	45.5
1.362	45.5
1.363	45.5
1.364	45.5
1.365	45.5
1.366	45.5
1.367	45.5
1.368	45.5
1.369	45.5
1.37	45.5
1.371	45.5
1.372	45.5
1.373	45.5
1.374	45.5
1.375	45.5
1.376	45.5
1.377	45.5
1.378	45.5
1.379	45.5
1.38	45.5
1.381	45.5
1.382	45.5
1.383	45.5
1.384	45.5
1.385	45.5
1.386	45.5
1.387	45.5
1.388	45.5
1.389	45.5
1.39	45.5
1.391	45.5
1.392	45.5
1.393	45.5
1.394	45.5
1.395	45.5
1.396	45.5
1.397	45.5
1.398	45.5
1.399	45.5
1.4	45.5
1.401	45.5
1.402	45.5
1.403	45.5
1.404	45.5
1.405	45.5
1.406	45.5
1.407	45.5
1.408	45.5
1.409	45.5
1.41	45.5
1.411	45.5
1.412	45.5
1.413	45.5
1.414	45.5
1.415	45.5
1.416	45.5
1.417	45.5
1.418	45.5
1.419	45.5
1.42	45.5
1.421	45.5
1.422	45.5
1.423	45.5
1.424	45.5
1.425	45.5
1.426	45.5
1.427	45.5
1.428	45.5
1.429	45.5
1.43	45.5
1.431	45.5
1.432	45.5
1.433	45.5
1.434	45.5
1.435	45.5
1.436	45.5
1.437	45.5
1.438	45.5
1.439	45.5
1.44	45.5
1.441	45.5
1.442	45.5
1.443	45.5
1.444	45.5
1.445	45.5
1.446	45.5
1.447	45.5
1.448	45.5
1.449	45.5
1.45	45.5
1.451	45.5
1.452	45.5
1.453	45.5
1.454	45.5
1.455	45.5
1.456	45.5
1.457	45.5
1.458	45.5
1.459	45.5
1.46	45.5
1.461	45.5
1.462	45.5
1.463	45.5
1.464	45.5
1.465	45.5
1.466	45.5
1.467	45.5
1.468	45.5
1.469	45.5
1.47	45.5
1.471	45.5
1.472	45.5
1.473	45.5
1.474	45.5
1.475	45.5
1.476	45.5
1.477	45.5
1.478	45.5
1.479	45.5
1.48	45.5
1.481	45.5
1.482	45.5
1.483	45.5
1.484	45.5
1.485	45.5
1.486	45.5
1.487	45.5
1.488	45.5
1.489	45.5
1.49	45.5
1.491	45.5
1.492	45.5
1.493	45.5
1.494	45.5
1.495	45.5
1.496	45.5
1.497	45.5
1.498	45.5
1.499	45.5
1.5	45.5
1.501	45.5
1.502	45.5
1.503	45.5
1.504	45.5
1.505	45.5
1.506	45.5
1.507	45.5
1.508	45.5
1.509	45.5
1.51	45.5
1.511	45.5
1.512	45.5
1.513	45.5
1.514	45.5
1.515	45.5
1.516	45.5
1.517	45.5
1.518	45.5
1.519	45.5
1.52	45.5
1.521	45.5
1.522	45.5
1.523	45.5
1.524	45.5
1.525	45.5
1.526	45.5
1.527	45.5
1.528	45.5
1.529	45.5
1.53	45.5
1.531	45.5
1.532	45.5
1.533	45.5
1.534	45.5
1.535	45.5
1.536	45.5
1.537	45.5
1.538	45.5
1.539	45.5
1.54	45.5
1.541	45.5
1.542	45.5
1.543	45.5
1.544	45.5
1.545	45.5
1.546	45.5
1.547	45.5
1.548	45.5
1.549	45.5
1.55	45.5
1.551	45.5
1.552	45.5
1.553	45.5
1.554	45.5
1.555	45.5
1.556	45.5
1.557	45.5
1.558	45.5
1.559	45.5
1.56	45.5
1.561	45.5
1.562	45.5
1.563	45.5
1.564	45.5
1.565	45.5
1.566	45.5
1.567	45.5
1.568	45.5
1.569	45.5
1.57	45.5
1.571	45.5
1.572	45.5
1.573	45.5
1.574	45.5
1.575	45.5
1.576	45.5
1.577	45.5
1.578	45.5
1.579	45.5
1.58	45.5
1.581	45.5
1.582	45.5
1.583	45.5
1.584	45.5
1.585	45.5
1.586	45.5
1.587	45.5
1.588	45.5
1.589	45.5
1.59	45.5
1.591	45.5
1.592	45.5
1.593	45.5
1.594	45.5
1.595	45.5
1.596	45.5
1.597	45.5
1.598	45.5
1.599	45.5
1.6	45.5
1.601	45.5
1.602	45.5
1.603	45.5
1.604	45.5
1.605	45.5
1.606	45.5
1.607	45.5
1.608	45.5
1.609	45.5
1.61	45.5
1.611	45.5
1.612	45.5
1.613	45.5
1.614	45.5
1.615	45.5
1.616	45.5
1.617	45.5
1.618	45.5
1.619	45.5
1.62	45.5
1.621	45.5
1.622	45.5
1.623	45.5
1.624	45.5
1.625	45.5
1.626	45.5
1.627	45.5
1.628	45.5
1.629	45.5
1.63	45.5
1.631	45.5
1.632	45.5
1.633	45.5
1.634	45.5
1.635	45.5
1.636	45.5
1.637	45.5
1.638	45.5
1.639	45.5
1.64	45.5
1.641	45.5
1.642	45.5
1.643	45.5
1.644	45.5
1.645	45.5
1.646	45.5
1.647	45.5
1.648	45.5
1.649	45.5
1.65	45.5
1.651	45.5
1.652	45.5
1.653	45.5
1.654	45.5
1.655	45.5
1.656	45.5
1.657	45.5
1.658	45.5
1.659	45.5
1.66	45.5
1.661	45.5
1.662	45.5
1.663	45.5
1.664	45.5
1.665	45.5
1.666	45.5
1.667	45.5
1.668	45.5
1.669	45.5
1.67	45.5
1.671	45.5
1.672	45.5
1.673	45.5
1.674	45.5
1.675	45.5
1.676	45.5
1.677	45.5
1.678	45.5
1.679	45.5
1.68	45.5
1.681	45.5
1.682	45.5
1.683	45.5
1.684	45.5
1.685	45.5
1.686	45.5
1.687	45.5
1.688	45.5
1.689	45.5
1.69	45.5
1.691	45.5
1.692	45.5
1.693	45.5
1.694	45.5
1.695	45.5
1.696	45.5
1.697	45.5
1.698	45.5
1.699	45.5
1.7	45.5
1.701	45.5
1.702	45.5
1.703	45.5
1.704	45.5
1.705	45.5
1.706	45.5
1.707	45.5
1.708	45.5
1.709	45.5
1.71	45.5
1.711	45.5
1.712	45.5
1.713	45.5
1.714	45.5
1.715	45.5
1.716	45.5
1.717	45.5
1.718	45.5
1.719	45.5
1.72	45.5
1.721	45.5
1.722	45.5
1.723	45.5
1.724	45.5
1.725	45.5
1.726	45.5
1.727	45.5
1.728	45.5
1.729	45.5
1.73	45.5
1.731	45.5
1.732	45.5
1.733	45.5
1.734	45.5
1.735	45.5
1.736	45.5
1.737	45.5
1.738	45.5
1.739	45.5
1.74	45.5
1.741	45.5
1.742	45.5
1.743	45.5
1.744	45.5
1.745	45.5
1.746	45.5
1.747	45.5
1.748	45.5
1.749	45.5
1.75	45.5
1.751	45.5
1.752	45.5
1.753	45.5
1.754	45.5
1.755	45.5
1.756	45.5
1.757	45.5
1.758	45.5
1.759	45.5
1.76	45.5
1.761	45.5
1.762	45.5
1.763	45.5
1.764	45.5
1.765	45.5
1.766	45.5
1.767	45.5
1.768	45.5
1.769	45.5
1.77	45.5
1.771	45.5
1.772	45.5
1.773	45.5
1.774	45.5
1.775	45.5
1.776	45.5
1.777	45.5
1.778	45.5
1.779	45.5
1.78	45.5
1.781	45.5
1.782	45.5
1.783	45.5
1.784	45.5
1.785	45.5
1.786	45.5
1.787	45.5
1.788	45.5
1.789	45.5
1.79	45.5
1.791	45.5
1.792	45.5
1.793	45.5
1.794	45.5
1.795	45.5
1.796	45.5
1.797	45.5
1.798	45.5
1.799	45.5
1.8	45.5
1.801	45.5
1.802	45.5
1.803	45.5
1.804	45.5
1.805	45.5
1.806	45.5
1.807	45.5
1.808	45.5
1.809	45.5
1.81	45.5
1.811	45.5
1.812	45.5
1.813	45.5
1.814	45.5
1.815	45.5
1.816	45.5
1.817	45.5
1.818	45.5
1.819	45.5
1.82	45.5
1.821	45.5
1.822	45.5
1.823	45.5
1.824	45.5
1.825	45.5
1.826	45.5
1.827	45.5
1.828	45.5
1.829	45.5
1.83	45.5
1.831	45.5
1.832	45.5
1.833	45.5
1.834	45.5
1.835	45.5
1.836	45.5
1.837	45.5
1.838	45.5
1.839	45.5
1.84	45.5
1.841	45.5
1.842	45.5
1.843	45.5
1.844	45.5
1.845	45.5
1.846	45.5
1.847	45.5
1.848	45.5
1.849	45.5
1.85	45.5
1.851	45.5
1.852	45.5
1.853	45.5
1.854	45.5
1.855	45.5
1.856	45.5
1.857	45.5
1.858	45.5
1.859	45.5
1.86	45.5
1.861	45.5
1.862	45.5
1.863	45.5
1.864	45.5
1.865	45.5
1.866	45.5
1.867	45.5
1.868	45.5
1.869	45.5
1.87	45.5
1.871	45.5
1.872	45.5
1.873	45.5
1.874	45.5
1.875	45.5
1.876	45.5
1.877	45.5
1.878	45.5
1.879	45.5
1.88	45.5
1.881	45.5
1.882	45.5
1.883	45.5
1.884	45.5
1.885	45.5
1.886	45.5
1.887	45.5
1.888	45.5
1.889	45.5
1.89	45.5
1.891	45.5
1.892	45.5
1.893	45.5
1.894	45.5
1.895	45.5
1.896	45.5
1.897	45.5
1.898	45.5
1.899	45.5
1.9	45.5
1.901	45.5
1.902	45.5
1.903	45.5
1.904	45.5
1.905	45.5
1.906	45.5
1.907	45.5
1.908	45.5
1.909	45.5
1.91	45.5
1.911	45.5
1.912	45.5
1.913	45.5
1.914	45.5
1.915	45.5
1.916	45.5
1.917	45.5
1.918	45.5
1.919	45.5
1.92	45.5
1.921	45.5
1.922	45.5
1.923	45.5
1.924	45.5
1.925	45.5
1.926	45.5
1.927	45.5
1.928	45.5
1.929	45.5
1.93	45.5
1.931	45.5
1.932	45.5
1.933	45.5
1.934	45.5
1.935	45.5
1.936	45.5
1.937	45.5
1.938	45.5
1.939	45.5
1.94	45.5
1.941	45.5
1.942	45.5
1.943	45.5
1.944	45.5
1.945	45.5
1.946	45.5
1.947	45.5
1.948	45.5
1.949	45.5
1.95	45.5
1.951	45.5
1.952	45.5
1.953	45.5
1.954	45.5
1.955	45.5
1.956	45.5
1.957	45.5
1.958	45.5
1.959	45.5
1.96	45.5
1.961	45.5
1.962	45.5
1.963	45.5
1.964	45.5
1.965	45.5
1.966	45.5
1.967	45.5
1.968	45.5
1.969	45.5
1.97	45.5
1.971	45.5
1.972	45.5
1.973	45.5
1.974	45.5
1.975	45.5
1.976	45.5
1.977	45.5
1.978	45.5
1.979	45.5
1.98	45.5
1.981	45.5
1.982	45.5
1.983	45.5
1.984	45.5
1.985	45.5
1.986	45.5
1.987	45.5
1.988	45.5
1.989	45.5
1.99	45.5
1.991	45.5
1.992	45.5
1.993	45.5
1.994	45.5
1.995	45.5
1.996	45.5
1.997	45.5
1.998	45.5
1.999	45.5
2.0	45.5
