-2.756	9.722222222222221
-2.755	15.420634920634921
-2.754	22.6984126984127
-2.753	43.92857142857143
-2.752	58.45238095238095
-2.751	58.45238095238095
-2.75	58.45238095238095
-2.749	58.45238095238095
-2.748	58.45238095238095
-2.747	58.45238095238095
-2.746	58.45238095238095
-2.745	58.45238095238095
-2.744	58.45238095238095
-2.743	58.45238095238095
-2.742	58.45238095238095
-2.741	58.45238095238095
-2.74	58.45238095238095
-2.739	58.45238095238095
-2.738	58.45238095238095
-2.737	58.45238095238095
-2.736	58.45238095238095
-2.735	58.45238095238095
-2.734	58.45238095238095
-2.733	58.45238095238095
-2.732	58.45238095238095
-2.731	58.45238095238095
-2.73	58.45238095238095
-2.729	58.45238095238095
-2.728	58.45238095238095
-2.727	58.45238095238095
-2.726	5.777777777777778
-2.725	5.777777777777778
-2.724	5.777777777777778
-2.723	5.777777777777778
-2.722	5.777777777777778
-2.721	5.777777777777778
-2.72	5.777777777777778
-2.719	5.777777777777778
-2.718	5.777777777777778
-2.717	5.777777777777778
-2.716	5.777777777777778
-2.715	5.777777777777778
-2.714	5.777777777777778
-2.713	5.777777777777778
-2.712	5.777777777777778
-2.711	5.777777777777778
-2.71	5.777777777777778
-2.709	5.777777777777778
-2.708	5.777777777777778
-2.707	5.777777777777778
-2.706	5.777777777777778
-2.705	5.777777777777778
-2.704	5.777777777777778
-2.703	3.4178403755868545
-2.702	3.4178403755868545
-2.701	3.4178403755868545
-2.7	3.4178403755868545
-2.699	3.4178403755868545
-2.698	3.4178403755868545
-2.697	3.4178403755868545
-2.696	3.4178403755868545
-2.695	3.4178403755868545
-2.694	3.4178403755868545
-2.693	10.705882352941176
-2.692	10.705882352941176
-2.691	10.705882352941176
-2.69	10.705882352941176
-2.689	10.705882352941176
-2.688	10.705882352941176
-2.687	10.705882352941176
-2.686	10.705882352941176
-2.685	10.705882352941176
-2.684	10.705882352941176
-2.683	10.705882352941176
-2.682	10.705882352941176
-2.681	10.705882352941176
-2.68	10.705882352941176
-2.679	10.705882352941176
-2.678	10.705882352941176
-2.677	10.705882352941176
-2.676	5.5
-2.675	5.5
-2.674	5.5
-2.673	4.1098901098901095
-2.672	4.1098901098901095
-2.671	4.1098901098901095
-2.67	4.1098901098901095
-2.669	4.1098901098901095
-2.668	4.1098901098901095
-2.667	4.1098901098901095
-2.666	4.1098901098901095
-2.665	4.1098901098901095
-2.664	4.1098901098901095
-2.663	4.1098901098901095
-2.662	4.1098901098901095
-2.661	4.1098901098901095
-2.66	4.1098901098901095
-2.659	4.1098901098901095
-2.658	4.1098901098901095
-2.657	4.1098901098901095
-2.656	4.1098901098901095
-2.655	4.1098901098901095
-2.654	4.1098901098901095
-2.653	4.1098901098901095
-2.652	4.1098901098901095
-2.651	4.1098901098901095
-2.65	4.1098901098901095
-2.649	4.1098901098901095
-2.648	4.1098901098901095
-2.647	4.1098901098901095
-2.646	4.1098901098901095
-2.645	4.1098901098901095
-2.644	4.1098901098901095
-2.643	4.1098901098901095
-2.642	4.1098901098901095
-2.641	4.1098901098901095
-2.64	4.1098901098901095
-2.639	4.1098901098901095
-2.638	4.1098901098901095
-2.637	4.1098901098901095
-2.636	4.1098901098901095
-2.635	4.1098901098901095
-2.634	4.1098901098901095
-2.633	4.1098901098901095
-2.632	4.1098901098901095
-2.631	4.1098901098901095
-2.63	4.1098901098901095
-2.629	4.1098901098901095
-2.628	4.1098901098901095
-2.627	4.1098901098901095
-2.626	4.1098901098901095
-2.625	4.1098901098901095
-2.624	4.1098901098901095
-2.623	4.1098901098901095
-2.622	4.1098901098901095
-2.621	4.1098901098901095
-2.62	4.1098901098901095
-2.619	4.1098901098901095
-2.618	4.1098901098901095
-2.617	4.1098901098901095
-2.616	4.1098901098901095
-2.615	4.1098901098901095
-2.614	4.1098901098901095
-2.613	4.1098901098901095
-2.612	4.1098901098901095
-2.611	4.1098901098901095
-2.61	4.1098901098901095
-2.609	4.1098901098901095
-2.608	4.1098901098901095
-2.607	4.1098901098901095
-2.606	4.1098901098901095
-2.605	4.1098901098901095
-2.604	4.1098901098901095
-2.603	4.1098901098901095
-2.602	4.1098901098901095
-2.601	4.1098901098901095
-2.6	4.1098901098901095
-2.599	4.1098901098901095
-2.598	4.1098901098901095
-2.597	4.1098901098901095
-2.596	4.1098901098901095
-2.595	4.1098901098901095
-2.594	4.1098901098901095
-2.593	4.1098901098901095
-2.592	4.1098901098901095
-2.591	4.1098901098901095
-2.59	4.1098901098901095
-2.589	4.1098901098901095
-2.588	4.1098901098901095
-2.587	4.1098901098901095
-2.586	4.1098901098901095
-2.585	4.1098901098901095
-2.584	4.1098901098901095
-2.583	4.1098901098901095
-2.582	4.1098901098901095
-2.581	4.1098901098901095
-2.58	4.1098901098901095
-2.579	4.1098901098901095
-2.578	4.1098901098901095
-2.577	4.1098901098901095
-2.576	4.1098901098901095
-2.575	4.1098901098901095
-2.574	4.1098901098901095
-2.573	4.1098901098901095
-2.572	4.1098901098901095
-2.571	4.1098901098901095
-2.57	4.1098901098901095
-2.569	4.1098901098901095
-2.568	4.1098901098901095
-2.567	3.816326530612245
-2.566	3.816326530612245
-2.565	3.816326530612245
-2.564	3.816326530612245
-2.563	3.816326530612245
-2.562	3.816326530612245
-2.561	3.816326530612245
-2.56	3.816326530612245
-2.559	3.816326530612245
-2.558	3.816326530612245
-2.557	3.816326530612245
-2.556	3.816326530612245
-2.555	3.816326530612245
-2.554	3.816326530612245
-2.553	3.816326530612245
-2.552	3.816326530612245
-2.551	3.816326530612245
-2.55	3.816326530612245
-2.549	3.816326530612245
-2.548	3.816326530612245
-2.547	3.816326530612245
-2.546	3.816326530612245
-2.545	3.816326530612245
-2.544	3.816326530612245
-2.543	3.816326530612245
-2.542	3.816326530612245
-2.541	3.816326530612245
-2.54	3.816326530612245
-2.539	3.816326530612245
-2.538	3.816326530612245
-2.537	3.816326530612245
-2.536	3.816326530612245
-2.535	3.816326530612245
-2.534	3.816326530612245
-2.533	3.816326530612245
-2.532	3.816326530612245
-2.531	3.816326530612245
-2.53	3.816326530612245
-2.529	3.816326530612245
-2.528	3.816326530612245
-2.527	3.816326530612245
-2.526	3.816326530612245
-2.525	3.816326530612245
-2.524	3.816326530612245
-2.523	3.816326530612245
-2.522	3.816326530612245
-2.521	3.816326530612245
-2.52	3.816326530612245
-2.519	3.816326530612245
-2.518	3.816326530612245
-2.517	3.816326530612245
-2.516	3.816326530612245
-2.515	3.816326530612245
-2.514	3.816326530612245
-2.513	3.816326530612245
-2.512	3.816326530612245
-2.511	3.816326530612245
-2.51	3.816326530612245
-2.509	3.816326530612245
-2.508	3.816326530612245
-2.507	3.816326530612245
-2.506	3.816326530612245
-2.505	3.816326530612245
-2.504	3.816326530612245
-2.503	3.816326530612245
-2.502	3.816326530612245
-2.501	3.816326530612245
-2.5	3.816326530612245
-2.499	3.816326530612245
-2.498	3.816326530612245
-2.497	3.816326530612245
-2.496	3.816326530612245
-2.495	3.816326530612245
-2.494	3.816326530612245
-2.493	3.816326530612245
-2.492	3.816326530612245
-2.491	3.816326530612245
-2.49	3.816326530612245
-2.489	3.816326530612245
-2.488	3.816326530612245
-2.487	3.816326530612245
-2.486	3.816326530612245
-2.485	3.816326530612245
-2.484	3.816326530612245
-2.483	3.816326530612245
-2.482	3.816326530612245
-2.481	3.816326530612245
-2.48	3.816326530612245
-2.479	3.816326530612245
-2.478	3.816326530612245
-2.477	3.816326530612245
-2.476	3.816326530612245
-2.475	3.816326530612245
-2.474	3.816326530612245
-2.473	3.816326530612245
-2.472	3.816326530612245
-2.471	3.816326530612245
-2.47	3.816326530612245
-2.469	3.816326530612245
-2.468	3.816326530612245
-2.467	3.816326530612245
-2.466	3.816326530612245
-2.465	3.816326530612245
-2.464	3.816326530612245
-2.463	3.816326530612245
-2.462	3.816326530612245
-2.461	3.816326530612245
-2.46	3.816326530612245
-2.459	3.816326530612245
-2.458	3.816326530612245
-2.457	3.816326530612245
-2.456	3.816326530612245
-2.455	3.816326530612245
-2.454	3.816326530612245
-2.453	3.816326530612245
-2.452	3.816326530612245
-2.451	3.816326530612245
-2.45	3.816326530612245
-2.449	3.816326530612245
-2.448	3.816326530612245
-2.447	3.816326530612245
-2.446	3.816326530612245
-2.445	3.816326530612245
-2.444	3.816326530612245
-2.443	3.816326530612245
-2.442	3.816326530612245
-2.441	3.816326530612245
-2.44	3.816326530612245
-2.439	3.816326530612245
-2.438	3.816326530612245
-2.437	3.816326530612245
-2.436	3.816326530612245
-2.435	3.816326530612245
-2.434	3.816326530612245
-2.433	3.816326530612245
-2.432	3.816326530612245
-2.431	3.816326530612245
-2.43	3.816326530612245
-2.429	3.816326530612245
-2.428	3.816326530612245
-2.427	3.816326530612245
-2.426	3.816326530612245
-2.425	3.816326530612245
-2.424	3.816326530612245
-2.423	3.816326530612245
-2.422	3.816326530612245
-2.421	3.816326530612245
-2.42	3.816326530612245
-2.419	3.816326530612245
-2.418	3.816326530612245
-2.417	3.816326530612245
-2.416	3.816326530612245
-2.415	3.816326530612245
-2.414	3.816326530612245
-2.413	3.816326530612245
-2.412	3.816326530612245
-2.411	3.816326530612245
-2.41	3.816326530612245
-2.409	3.816326530612245
-2.408	3.816326530612245
-2.407	3.816326530612245
-2.406	3.816326530612245
-2.405	2.5972222222222223
-2.404	2.5972222222222223
-2.403	2.5972222222222223
-2.402	2.5972222222222223
-2.401	2.5972222222222223
-2.4	2.5972222222222223
-2.399	2.5972222222222223
-2.398	2.5972222222222223
-2.397	2.5972222222222223
-2.396	2.5972222222222223
-2.395	2.5972222222222223
-2.394	2.5972222222222223
-2.393	2.5972222222222223
-2.392	2.5972222222222223
-2.391	2.5972222222222223
-2.39	2.5972222222222223
-2.389	2.5972222222222223
-2.388	2.5972222222222223
-2.387	2.5972222222222223
-2.386	2.5972222222222223
-2.385	2.5972222222222223
-2.384	2.5972222222222223
-2.383	2.5972222222222223
-2.382	1.1736111111111112
-2.381	1.1736111111111112
-2.38	1.1736111111111112
-2.379	1.1736111111111112
-2.378	1.1736111111111112
-2.377	1.1736111111111112
-2.376	1.1736111111111112
-2.375	1.1736111111111112
-2.374	1.1736111111111112
-2.373	1.1736111111111112
-2.372	1.1736111111111112
-2.371	1.1736111111111112
-2.37	1.1736111111111112
-2.369	1.1736111111111112
-2.368	1.1736111111111112
-2.367	1.1736111111111112
-2.366	1.1736111111111112
-2.365	1.1736111111111112
-2.364	1.1736111111111112
-2.363	1.1736111111111112
-2.362	1.1736111111111112
-2.361	1.1736111111111112
-2.36	1.1736111111111112
-2.359	1.1736111111111112
-2.358	1.1736111111111112
-2.357	1.1736111111111112
-2.356	1.1736111111111112
-2.355	1.1736111111111112
-2.354	1.1736111111111112
-2.353	1.1736111111111112
-2.352	1.1736111111111112
-2.351	1.1736111111111112
-2.35	1.1736111111111112
-2.349	1.1736111111111112
-2.348	1.1736111111111112
-2.347	1.1736111111111112
-2.346	1.1736111111111112
-2.345	1.1736111111111112
-2.344	1.1736111111111112
-2.343	1.1736111111111112
-2.342	1.1736111111111112
-2.341	1.1736111111111112
-2.34	1.1736111111111112
-2.339	1.1736111111111112
-2.338	1.1736111111111112
-2.337	1.1736111111111112
-2.336	1.1736111111111112
-2.335	1.1736111111111112
-2.334	1.1736111111111112
-2.333	1.1736111111111112
-2.332	1.1736111111111112
-2.331	1.1736111111111112
-2.33	1.1736111111111112
-2.329	1.1736111111111112
-2.328	1.1736111111111112
-2.327	1.1736111111111112
-2.326	1.1736111111111112
-2.325	1.1736111111111112
-2.324	1.1736111111111112
-2.323	1.1736111111111112
-2.322	1.1736111111111112
-2.321	1.1736111111111112
-2.32	1.1736111111111112
-2.319	1.1736111111111112
-2.318	1.1736111111111112
-2.317	1.1736111111111112
-2.316	1.1736111111111112
-2.315	1.1736111111111112
-2.314	1.1736111111111112
-2.313	1.1736111111111112
-2.312	1.1736111111111112
-2.311	1.1736111111111112
-2.31	1.1736111111111112
-2.309	1.1736111111111112
-2.308	1.1736111111111112
-2.307	1.1736111111111112
-2.306	1.1736111111111112
-2.305	1.1736111111111112
-2.304	1.1736111111111112
-2.303	1.1736111111111112
-2.302	1.1736111111111112
-2.301	1.1736111111111112
-2.3	1.1736111111111112
-2.299	1.1736111111111112
-2.298	1.1736111111111112
-2.297	1.1736111111111112
-2.296	1.1736111111111112
-2.295	1.1736111111111112
-2.294	1.1736111111111112
-2.293	1.1736111111111112
-2.292	1.1736111111111112
-2.291	1.1736111111111112
-2.29	1.1736111111111112
-2.289	1.1736111111111112
-2.288	1.1736111111111112
-2.287	1.1736111111111112
-2.286	1.1736111111111112
-2.285	1.1736111111111112
-2.284	1.1736111111111112
-2.283	1.1736111111111112
-2.282	1.1736111111111112
-2.281	1.1736111111111112
-2.28	1.1736111111111112
-2.279	1.1736111111111112
-2.278	1.1736111111111112
-2.277	1.1736111111111112
-2.276	1.1736111111111112
-2.275	1.1736111111111112
-2.274	1.1736111111111112
-2.273	1.1736111111111112
-2.272	1.1736111111111112
-2.271	1.1736111111111112
-2.27	1.1736111111111112
-2.269	1.1736111111111112
-2.268	1.1736111111111112
-2.267	1.1736111111111112
-2.266	1.1736111111111112
-2.265	1.1736111111111112
-2.264	1.1736111111111112
-2.263	1.1736111111111112
-2.262	1.1736111111111112
-2.261	1.1736111111111112
-2.26	1.1736111111111112
-2.259	1.1736111111111112
-2.258	1.1736111111111112
-2.257	1.1736111111111112
-2.256	1.1736111111111112
-2.255	1.1736111111111112
-2.254	1.1736111111111112
-2.253	1.1736111111111112
-2.252	1.1736111111111112
-2.251	1.1736111111111112
-2.25	1.1736111111111112
-2.249	1.1736111111111112
-2.248	1.1736111111111112
-2.247	1.1736111111111112
-2.246	1.1736111111111112
-2.245	1.1736111111111112
-2.244	1.1736111111111112
-2.243	1.1736111111111112
-2.242	1.1736111111111112
-2.241	1.1736111111111112
-2.24	1.1736111111111112
-2.239	1.1736111111111112
-2.238	1.1736111111111112
-2.237	4.828571428571428
-2.236	4.828571428571428
-2.235	4.828571428571428
-2.234	4.828571428571428
-2.233	4.828571428571428
-2.232	4.828571428571428
-2.231	4.828571428571428
-2.23	4.828571428571428
-2.229	4.828571428571428
-2.228	4.828571428571428
-2.227	4.828571428571428
-2.226	4.828571428571428
-2.225	4.828571428571428
-2.224	4.828571428571428
-2.223	4.828571428571428
-2.222	4.828571428571428
-2.221	4.828571428571428
-2.22	4.828571428571428
-2.219	4.828571428571428
-2.218	4.828571428571428
-2.217	4.828571428571428
-2.216	4.828571428571428
-2.215	4.828571428571428
-2.214	4.828571428571428
-2.213	4.828571428571428
-2.212	4.828571428571428
-2.211	4.828571428571428
-2.21	4.828571428571428
-2.209	4.828571428571428
-2.208	4.828571428571428
-2.207	4.828571428571428
-2.206	4.828571428571428
-2.205	4.828571428571428
-2.204	4.828571428571428
-2.203	4.828571428571428
-2.202	4.828571428571428
-2.201	4.828571428571428
-2.2	4.828571428571428
-2.199	4.828571428571428
-2.198	4.828571428571428
-2.197	4.828571428571428
-2.196	4.828571428571428
-2.195	4.828571428571428
-2.194	4.828571428571428
-2.193	4.828571428571428
-2.192	4.828571428571428
-2.191	4.828571428571428
-2.19	4.828571428571428
-2.189	4.828571428571428
-2.188	4.828571428571428
-2.187	4.828571428571428
-2.186	4.828571428571428
-2.185	4.828571428571428
-2.184	4.828571428571428
-2.183	4.828571428571428
-2.182	4.828571428571428
-2.181	4.828571428571428
-2.18	4.828571428571428
-2.179	4.828571428571428
-2.178	4.828571428571428
-2.177	4.828571428571428
-2.176	4.828571428571428
-2.175	4.828571428571428
-2.174	4.828571428571428
-2.173	4.828571428571428
-2.172	4.828571428571428
-2.171	4.828571428571428
-2.17	4.828571428571428
-2.169	4.828571428571428
-2.168	4.828571428571428
-2.167	4.828571428571428
-2.166	4.828571428571428
-2.165	4.828571428571428
-2.164	4.828571428571428
-2.163	4.828571428571428
-2.162	4.828571428571428
-2.161	4.828571428571428
-2.16	4.828571428571428
-2.159	4.828571428571428
-2.158	4.828571428571428
-2.157	4.828571428571428
-2.156	4.828571428571428
-2.155	4.828571428571428
-2.154	4.828571428571428
-2.153	4.828571428571428
-2.152	4.828571428571428
-2.151	4.828571428571428
-2.15	4.828571428571428
-2.149	4.828571428571428
-2.148	4.828571428571428
-2.147	4.828571428571428
-2.146	4.828571428571428
-2.145	4.828571428571428
-2.144	4.828571428571428
-2.143	4.828571428571428
-2.142	4.828571428571428
-2.141	4.828571428571428
-2.14	4.828571428571428
-2.139	4.828571428571428
-2.138	4.828571428571428
-2.137	4.828571428571428
-2.136	4.828571428571428
-2.135	4.828571428571428
-2.134	4.828571428571428
-2.133	4.828571428571428
-2.132	4.828571428571428
-2.131	4.828571428571428
-2.13	4.828571428571428
-2.129	4.828571428571428
-2.128	4.828571428571428
-2.127	4.828571428571428
-2.126	4.828571428571428
-2.125	4.828571428571428
-2.124	4.828571428571428
-2.123	4.828571428571428
-2.122	4.828571428571428
-2.121	4.828571428571428
-2.12	4.828571428571428
-2.119	4.828571428571428
-2.118	4.828571428571428
-2.117	4.828571428571428
-2.116	4.828571428571428
-2.115	4.828571428571428
-2.114	4.828571428571428
-2.113	4.828571428571428
-2.112	4.828571428571428
-2.111	4.828571428571428
-2.11	4.828571428571428
-2.109	4.828571428571428
-2.108	4.828571428571428
-2.107	4.828571428571428
-2.106	4.828571428571428
-2.105	4.828571428571428
-2.104	4.828571428571428
-2.103	4.828571428571428
-2.102	4.828571428571428
-2.101	4.828571428571428
-2.1	4.828571428571428
-2.099	4.828571428571428
-2.098	4.828571428571428
-2.097	4.828571428571428
-2.096	4.828571428571428
-2.095	4.828571428571428
-2.094	4.828571428571428
-2.093	4.828571428571428
-2.092	4.828571428571428
-2.091	4.828571428571428
-2.09	4.828571428571428
-2.089	4.828571428571428
-2.088	4.828571428571428
-2.087	4.828571428571428
-2.086	4.828571428571428
-2.085	4.828571428571428
-2.084	4.828571428571428
-2.083	4.828571428571428
-2.082	4.828571428571428
-2.081	4.828571428571428
-2.08	4.828571428571428
-2.079	4.828571428571428
-2.078	4.828571428571428
-2.077	4.828571428571428
-2.076	4.828571428571428
-2.075	4.828571428571428
-2.074	4.828571428571428
-2.073	4.828571428571428
-2.072	4.828571428571428
-2.071	4.828571428571428
-2.07	2.913793103448276
-2.069	2.913793103448276
-2.068	2.913793103448276
-2.067	2.913793103448276
-2.066	2.913793103448276
-2.065	2.913793103448276
-2.064	2.913793103448276
-2.063	2.913793103448276
-2.062	2.913793103448276
-2.061	2.913793103448276
-2.06	2.913793103448276
-2.059	2.913793103448276
-2.058	2.913793103448276
-2.057	2.913793103448276
-2.056	2.913793103448276
-2.055	2.913793103448276
-2.054	2.913793103448276
-2.053	2.913793103448276
-2.052	2.913793103448276
-2.051	2.913793103448276
-2.05	2.913793103448276
-2.049	2.913793103448276
-2.048	2.913793103448276
-2.047	2.913793103448276
-2.046	2.913793103448276
-2.045	2.913793103448276
-2.044	2.913793103448276
-2.043	2.913793103448276
-2.042	2.913793103448276
-2.041	2.913793103448276
-2.04	2.913793103448276
-2.039	2.913793103448276
-2.038	2.913793103448276
-2.037	2.913793103448276
-2.036	2.913793103448276
-2.035	2.913793103448276
-2.034	2.913793103448276
-2.033	2.913793103448276
-2.032	2.913793103448276
-2.031	2.913793103448276
-2.03	2.913793103448276
-2.029	2.913793103448276
-2.028	2.913793103448276
-2.027	2.913793103448276
-2.026	2.913793103448276
-2.025	2.913793103448276
-2.024	2.913793103448276
-2.023	2.913793103448276
-2.022	2.913793103448276
-2.021	2.913793103448276
-2.02	2.913793103448276
-2.019	2.913793103448276
-2.018	2.913793103448276
-2.017	2.913793103448276
-2.016	2.913793103448276
-2.015	2.913793103448276
-2.014	2.913793103448276
-2.013	2.913793103448276
-2.012	2.913793103448276
-2.011	2.913793103448276
-2.01	2.913793103448276
-2.009	2.913793103448276
-2.008	2.913793103448276
-2.007	2.913793103448276
-2.006	2.913793103448276
-2.005	2.913793103448276
-2.004	2.913793103448276
-2.003	2.913793103448276
-2.002	2.913793103448276
-2.001	2.913793103448276
-2.0	2.913793103448276
-1.999	2.913793103448276
-1.998	2.913793103448276
-1.997	2.913793103448276
-1.996	2.913793103448276
-1.995	2.913793103448276
-1.994	2.913793103448276
-1.993	2.913793103448276
-1.992	2.913793103448276
-1.991	2.913793103448276
-1.99	2.913793103448276
-1.989	2.913793103448276
-1.988	2.913793103448276
-1.987	2.913793103448276
-1.986	2.913793103448276
-1.985	2.913793103448276
-1.984	2.913793103448276
-1.983	2.913793103448276
-1.982	2.913793103448276
-1.981	2.913793103448276
-1.98	2.913793103448276
-1.979	2.913793103448276
-1.978	2.913793103448276
-1.977	2.913793103448276
-1.976	2.913793103448276
-1.975	0.8793103448275862
-1.974	0.8793103448275862
-1.973	0.8793103448275862
-1.972	0.8793103448275862
-1.971	0.8793103448275862
-1.97	0.8793103448275862
-1.969	0.8793103448275862
-1.968	0.8793103448275862
-1.967	0.8793103448275862
-1.966	0.8793103448275862
-1.965	0.8793103448275862
-1.964	0.8793103448275862
-1.963	0.8793103448275862
-1.962	0.8793103448275862
-1.961	0.8793103448275862
-1.96	0.8793103448275862
-1.959	0.8793103448275862
-1.958	0.8793103448275862
-1.957	0.8793103448275862
-1.956	0.8793103448275862
-1.955	0.8793103448275862
-1.954	0.8793103448275862
-1.953	0.8793103448275862
-1.952	0.8793103448275862
-1.951	0.8793103448275862
-1.95	0.8793103448275862
-1.949	0.8793103448275862
-1.948	0.8793103448275862
-1.947	0.8793103448275862
-1.946	0.8793103448275862
-1.945	0.8793103448275862
-1.944	0.8793103448275862
-1.943	0.8793103448275862
-1.942	0.8793103448275862
-1.941	0.8793103448275862
-1.94	0.8793103448275862
-1.939	0.8793103448275862
-1.938	0.8793103448275862
-1.937	0.8793103448275862
-1.936	0.8793103448275862
-1.935	0.8793103448275862
-1.934	0.8793103448275862
-1.933	0.8793103448275862
-1.932	0.8793103448275862
-1.931	0.8793103448275862
-1.93	0.8793103448275862
-1.929	0.8793103448275862
-1.928	0.8793103448275862
-1.927	0.8793103448275862
-1.926	0.8793103448275862
-1.925	0.8793103448275862
-1.924	0.8793103448275862
-1.923	0.8793103448275862
-1.922	0.8793103448275862
-1.921	0.8793103448275862
-1.92	0.8793103448275862
-1.919	0.8793103448275862
-1.918	0.8793103448275862
-1.917	0.8793103448275862
-1.916	0.8793103448275862
-1.915	0.8793103448275862
-1.914	0.8793103448275862
-1.913	0.8793103448275862
-1.912	0.8793103448275862
-1.911	0.8793103448275862
-1.91	0.8793103448275862
-1.909	0.8793103448275862
-1.908	0.8793103448275862
-1.907	0.8793103448275862
-1.906	0.8793103448275862
-1.905	0.8793103448275862
-1.904	0.8793103448275862
-1.903	0.8793103448275862
-1.902	0.8793103448275862
-1.901	0.8793103448275862
-1.9	0.8793103448275862
-1.899	0.8793103448275862
-1.898	0.8793103448275862
-1.897	0.8793103448275862
-1.896	0.8793103448275862
-1.895	0.8793103448275862
-1.894	0.8793103448275862
-1.893	0.8793103448275862
-1.892	0.8793103448275862
-1.891	0.8793103448275862
-1.89	0.8793103448275862
-1.889	0.8793103448275862
-1.888	0.8793103448275862
-1.887	0.8793103448275862
-1.886	0.8793103448275862
-1.885	0.8793103448275862
-1.884	0.8793103448275862
-1.883	0.8793103448275862
-1.882	0.8793103448275862
-1.881	0.8793103448275862
-1.88	0.8793103448275862
-1.879	0.8793103448275862
-1.878	0.8793103448275862
-1.877	0.8793103448275862
-1.876	0.8793103448275862
-1.875	0.8793103448275862
-1.874	0.8793103448275862
-1.873	0.8793103448275862
-1.872	0.8793103448275862
-1.871	0.8793103448275862
-1.87	0.8793103448275862
-1.869	0.8793103448275862
-1.868	0.8793103448275862
-1.867	0.8793103448275862
-1.866	0.8793103448275862
-1.865	0.8793103448275862
-1.864	0.8793103448275862
-1.863	0.8793103448275862
-1.862	1.8214285714285714
-1.861	1.8214285714285714
-1.86	1.8214285714285714
-1.859	1.8214285714285714
-1.858	1.8214285714285714
-1.857	1.8214285714285714
-1.856	1.8214285714285714
-1.855	1.8214285714285714
-1.854	1.8214285714285714
-1.853	1.8214285714285714
-1.852	1.8214285714285714
-1.851	1.8214285714285714
-1.85	1.8214285714285714
-1.849	1.8214285714285714
-1.848	1.8214285714285714
-1.847	1.8214285714285714
-1.846	1.8214285714285714
-1.845	1.8214285714285714
-1.844	1.8214285714285714
-1.843	1.8214285714285714
-1.842	1.8214285714285714
-1.841	1.8214285714285714
-1.84	1.8214285714285714
-1.839	1.8214285714285714
-1.838	1.8214285714285714
-1.837	1.8214285714285714
-1.836	1.8214285714285714
-1.835	1.8214285714285714
-1.834	1.8214285714285714
-1.833	1.8214285714285714
-1.832	1.8214285714285714
-1.831	1.8214285714285714
-1.83	1.8214285714285714
-1.829	1.8214285714285714
-1.828	1.8214285714285714
-1.827	1.8214285714285714
-1.826	1.8214285714285714
-1.825	1.8214285714285714
-1.824	1.8214285714285714
-1.823	1.8214285714285714
-1.822	1.8214285714285714
-1.821	1.8214285714285714
-1.82	1.8214285714285714
-1.819	1.8214285714285714
-1.818	1.8214285714285714
-1.817	1.8214285714285714
-1.816	1.8214285714285714
-1.815	1.8214285714285714
-1.814	1.8214285714285714
-1.813	1.8214285714285714
-1.812	1.8214285714285714
-1.811	1.8214285714285714
-1.81	1.8214285714285714
-1.809	1.8214285714285714
-1.808	1.8214285714285714
-1.807	1.8214285714285714
-1.806	1.8214285714285714
-1.805	1.8214285714285714
-1.804	1.8214285714285714
-1.803	1.8214285714285714
-1.802	1.8214285714285714
-1.801	1.8214285714285714
-1.8	1.8214285714285714
-1.799	1.8214285714285714
-1.798	1.8214285714285714
-1.797	1.8214285714285714
-1.796	1.8214285714285714
-1.795	1.8214285714285714
-1.794	1.8214285714285714
-1.793	1.8214285714285714
-1.792	1.8214285714285714
-1.791	1.8214285714285714
-1.79	1.8214285714285714
-1.789	1.8214285714285714
-1.788	1.8214285714285714
-1.787	1.8214285714285714
-1.786	1.8214285714285714
-1.785	1.8214285714285714
-1.784	1.8214285714285714
-1.783	1.8214285714285714
-1.782	1.8214285714285714
-1.781	1.8214285714285714
-1.78	1.8214285714285714
-1.779	1.8214285714285714
-1.778	1.8214285714285714
-1.777	1.8214285714285714
-1.776	1.8214285714285714
-1.775	1.8214285714285714
-1.774	1.8214285714285714
-1.773	1.8214285714285714
-1.772	1.8214285714285714
-1.771	1.8214285714285714
-1.77	1.8214285714285714
-1.769	1.8214285714285714
-1.768	1.8214285714285714
-1.767	1.8214285714285714
-1.766	1.8214285714285714
-1.765	1.8214285714285714
-1.764	1.8214285714285714
-1.763	1.8214285714285714
-1.762	1.8214285714285714
-1.761	1.8214285714285714
-1.76	1.8214285714285714
-1.759	1.8214285714285714
-1.758	1.8214285714285714
-1.757	1.8214285714285714
-1.756	1.8214285714285714
-1.755	1.8214285714285714
-1.754	1.8214285714285714
-1.753	1.8214285714285714
-1.752	1.8214285714285714
-1.751	1.8214285714285714
-1.75	1.8214285714285714
-1.749	1.8214285714285714
-1.748	1.8214285714285714
-1.747	1.8214285714285714
-1.746	1.8214285714285714
-1.745	1.8214285714285714
-1.744	1.8214285714285714
-1.743	1.8214285714285714
-1.742	1.8214285714285714
-1.741	1.8214285714285714
-1.74	1.8214285714285714
-1.739	1.8214285714285714
-1.738	1.8214285714285714
-1.737	1.8214285714285714
-1.736	1.8214285714285714
-1.735	1.8214285714285714
-1.734	1.8214285714285714
-1.733	1.8214285714285714
-1.732	1.8214285714285714
-1.731	1.8214285714285714
-1.73	1.8214285714285714
-1.729	1.8214285714285714
-1.728	1.8214285714285714
-1.727	1.8214285714285714
-1.726	1.8214285714285714
-1.725	1.8214285714285714
-1.724	1.8214285714285714
-1.723	1.8214285714285714
-1.722	1.8214285714285714
-1.721	1.8214285714285714
-1.72	1.8214285714285714
-1.719	1.8214285714285714
-1.718	1.8214285714285714
-1.717	1.8214285714285714
-1.716	1.8214285714285714
-1.715	1.8214285714285714
-1.714	1.8214285714285714
-1.713	1.8214285714285714
-1.712	1.8214285714285714
-1.711	1.8214285714285714
-1.71	1.8214285714285714
-1.709	1.8214285714285714
-1.708	1.8214285714285714
-1.707	1.8214285714285714
-1.706	1.8214285714285714
-1.705	1.8214285714285714
-1.704	1.8214285714285714
-1.703	1.8214285714285714
-1.702	1.8214285714285714
-1.701	1.8214285714285714
-1.7	1.8214285714285714
-1.699	1.8214285714285714
-1.698	1.8214285714285714
-1.697	1.8214285714285714
-1.696	1.8214285714285714
-1.695	1.8214285714285714
-1.694	1.8214285714285714
-1.693	1.8214285714285714
-1.692	1.8214285714285714
-1.691	1.8214285714285714
-1.69	1.8214285714285714
-1.689	1.8214285714285714
-1.688	1.8214285714285714
-1.687	1.8214285714285714
-1.686	1.8214285714285714
-1.685	1.8214285714285714
-1.684	1.8214285714285714
-1.683	1.8214285714285714
-1.682	1.8214285714285714
-1.681	1.8214285714285714
-1.68	1.8214285714285714
-1.679	1.8214285714285714
-1.678	1.8214285714285714
-1.677	1.8214285714285714
-1.676	1.8214285714285714
-1.675	1.8214285714285714
-1.674	1.8214285714285714
-1.673	1.8214285714285714
-1.672	1.8214285714285714
-1.671	1.8214285714285714
-1.67	1.8214285714285714
-1.669	1.8214285714285714
-1.668	1.8214285714285714
-1.667	1.8214285714285714
-1.666	1.8214285714285714
-1.665	1.8214285714285714
-1.664	1.8214285714285714
-1.663	1.8214285714285714
-1.662	1.8214285714285714
-1.661	1.8214285714285714
-1.66	1.8214285714285714
-1.659	1.8214285714285714
-1.658	1.8214285714285714
-1.657	1.8214285714285714
-1.656	1.8214285714285714
-1.655	1.8214285714285714
-1.654	1.8214285714285714
-1.653	1.8214285714285714
-1.652	1.8214285714285714
-1.651	1.8214285714285714
-1.65	1.8214285714285714
-1.649	1.8214285714285714
-1.648	1.8214285714285714
-1.647	1.8214285714285714
-1.646	1.8214285714285714
-1.645	1.8214285714285714
-1.644	1.8214285714285714
-1.643	1.8214285714285714
-1.642	1.8214285714285714
-1.641	1.8214285714285714
-1.64	1.8214285714285714
-1.639	1.8214285714285714
-1.638	1.8214285714285714
-1.637	1.8214285714285714
-1.636	1.8214285714285714
-1.635	1.8214285714285714
-1.634	1.8214285714285714
-1.633	1.8214285714285714
-1.632	1.8214285714285714
-1.631	1.8214285714285714
-1.63	1.8214285714285714
-1.629	1.8214285714285714
-1.628	1.8214285714285714
-1.627	1.8214285714285714
-1.626	1.8214285714285714
-1.625	1.8214285714285714
-1.624	1.8214285714285714
-1.623	1.8214285714285714
-1.622	1.8214285714285714
-1.621	1.8214285714285714
-1.62	1.8214285714285714
-1.619	1.8214285714285714
-1.618	1.8214285714285714
-1.617	1.8214285714285714
-1.616	1.8214285714285714
-1.615	1.8214285714285714
-1.614	1.8214285714285714
-1.613	1.8214285714285714
-1.612	1.8214285714285714
-1.611	1.8214285714285714
-1.61	1.8214285714285714
-1.609	1.8214285714285714
-1.608	1.8214285714285714
-1.607	1.8214285714285714
-1.606	1.8214285714285714
-1.605	1.8214285714285714
-1.604	1.8214285714285714
-1.603	1.8214285714285714
-1.602	1.8214285714285714
-1.601	1.8214285714285714
-1.6	1.8214285714285714
-1.599	1.8214285714285714
-1.598	1.8214285714285714
-1.597	1.8214285714285714
-1.596	1.8214285714285714
-1.595	1.8214285714285714
-1.594	1.8214285714285714
-1.593	1.8214285714285714
-1.592	1.8214285714285714
-1.591	1.8214285714285714
-1.59	1.8214285714285714
-1.589	1.8214285714285714
-1.588	1.8214285714285714
-1.587	1.8214285714285714
-1.586	1.8214285714285714
-1.585	1.8214285714285714
-1.584	1.8214285714285714
-1.583	1.8214285714285714
-1.582	1.8214285714285714
-1.581	1.8214285714285714
-1.58	1.8214285714285714
-1.579	1.8214285714285714
-1.578	1.8214285714285714
-1.577	1.8214285714285714
-1.576	1.8214285714285714
-1.575	1.8214285714285714
-1.574	1.8214285714285714
-1.573	1.8214285714285714
-1.572	1.8214285714285714
-1.571	1.8214285714285714
-1.57	1.8214285714285714
-1.569	1.8214285714285714
-1.568	1.8214285714285714
-1.567	1.8214285714285714
-1.566	1.8214285714285714
-1.565	1.8214285714285714
-1.564	1.8214285714285714
-1.563	1.8214285714285714
-1.562	1.8214285714285714
-1.561	1.8214285714285714
-1.56	1.8214285714285714
-1.559	1.8214285714285714
-1.558	1.8214285714285714
-1.557	1.8214285714285714
-1.556	1.8214285714285714
-1.555	1.8214285714285714
-1.554	1.8214285714285714
-1.553	1.8214285714285714
-1.552	1.8214285714285714
-1.551	1.8214285714285714
-1.55	1.8214285714285714
-1.549	1.8214285714285714
-1.548	1.8214285714285714
-1.547	1.8214285714285714
-1.546	1.8214285714285714
-1.545	1.8214285714285714
-1.544	1.8214285714285714
-1.543	1.8214285714285714
-1.542	1.8214285714285714
-1.541	1.8214285714285714
-1.54	1.8214285714285714
-1.539	1.8214285714285714
-1.538	1.8214285714285714
-1.537	1.8214285714285714
-1.536	1.8214285714285714
-1.535	1.8214285714285714
-1.534	1.8214285714285714
-1.533	1.8214285714285714
-1.532	1.8214285714285714
-1.531	1.8214285714285714
-1.53	1.8214285714285714
-1.529	1.8214285714285714
-1.528	1.8214285714285714
-1.527	1.8214285714285714
-1.526	1.8214285714285714
-1.525	1.8214285714285714
-1.524	1.8214285714285714
-1.523	1.8214285714285714
-1.522	1.8214285714285714
-1.521	1.8214285714285714
-1.52	1.8214285714285714
-1.519	1.8214285714285714
-1.518	1.8214285714285714
-1.517	1.8214285714285714
-1.516	1.8214285714285714
-1.515	1.8214285714285714
-1.514	1.8214285714285714
-1.513	1.8214285714285714
-1.512	1.8214285714285714
-1.511	1.8214285714285714
-1.51	1.8214285714285714
-1.509	1.8214285714285714
-1.508	1.8214285714285714
-1.507	1.8214285714285714
-1.506	1.8214285714285714
-1.505	1.8214285714285714
-1.504	1.8214285714285714
-1.503	1.8214285714285714
-1.502	1.8214285714285714
-1.501	1.8214285714285714
-1.5	1.8214285714285714
-1.499	1.8214285714285714
-1.498	1.8214285714285714
-1.497	1.8214285714285714
-1.496	1.8214285714285714
-1.495	1.8214285714285714
-1.494	1.8214285714285714
-1.493	1.8214285714285714
-1.492	1.8214285714285714
-1.491	1.8214285714285714
-1.49	1.8214285714285714
-1.489	1.8214285714285714
-1.488	1.8214285714285714
-1.487	1.8214285714285714
-1.486	1.8214285714285714
-1.485	1.8214285714285714
-1.484	1.8214285714285714
-1.483	1.8214285714285714
-1.482	1.8214285714285714
-1.481	1.8214285714285714
-1.48	1.8214285714285714
-1.479	5.1
-1.478	5.1
-1.477	5.1
-1.476	5.1
-1.475	5.1
-1.474	5.1
-1.473	5.1
-1.472	5.1
-1.471	5.1
-1.47	5.1
-1.469	5.1
-1.468	5.1
-1.467	5.1
-1.466	5.1
-1.465	5.1
-1.464	5.1
-1.463	5.1
-1.462	5.1
-1.461	5.1
-1.46	5.1
-1.459	5.1
-1.458	5.1
-1.457	5.1
-1.456	5.1
-1.455	5.1
-1.454	5.1
-1.453	5.1
-1.452	5.1
-1.451	5.1
-1.45	5.1
-1.449	5.1
-1.448	5.1
-1.447	5.1
-1.446	5.1
-1.445	5.1
-1.444	5.1
-1.443	5.1
-1.442	5.1
-1.441	5.1
-1.44	5.1
-1.439	5.1
-1.438	5.1
-1.437	5.1
-1.436	5.1
-1.435	5.1
-1.434	5.1
-1.433	6.375
-1.432	6.375
-1.431	6.375
-1.43	6.375
-1.429	6.375
-1.428	6.375
-1.427	6.375
-1.426	6.375
-1.425	6.375
-1.424	6.375
-1.423	6.375
-1.422	6.375
-1.421	6.375
-1.42	6.375
-1.419	6.375
-1.418	6.375
-1.417	6.375
-1.416	6.375
-1.415	6.375
-1.414	6.375
-1.413	6.375
-1.412	6.375
-1.411	6.375
-1.41	6.375
-1.409	6.375
-1.408	6.375
-1.407	6.375
-1.406	6.375
-1.405	6.375
-1.404	6.375
-1.403	6.375
-1.402	6.375
-1.401	6.375
-1.4	6.375
-1.399	6.375
-1.398	6.375
-1.397	6.375
-1.396	6.375
-1.395	6.375
-1.394	6.375
-1.393	6.375
-1.392	6.375
-1.391	6.375
-1.39	6.375
-1.389	6.375
-1.388	6.375
-1.387	6.375
-1.386	6.375
-1.385	6.375
-1.384	6.375
-1.383	6.375
-1.382	6.375
-1.381	6.375
-1.38	6.375
-1.379	6.375
-1.378	6.375
-1.377	6.375
-1.376	6.375
-1.375	6.375
-1.374	6.375
-1.373	6.375
-1.372	6.375
-1.371	6.375
-1.37	6.375
-1.369	6.375
-1.368	6.375
-1.367	6.375
-1.366	6.375
-1.365	6.375
-1.364	6.375
-1.363	6.375
-1.362	6.375
-1.361	6.375
-1.36	6.375
-1.359	6.375
-1.358	6.375
-1.357	6.375
-1.356	6.375
-1.355	6.375
-1.354	6.375
-1.353	6.375
-1.352	6.375
-1.351	6.375
-1.35	6.375
-1.349	6.375
-1.348	6.375
-1.347	6.375
-1.346	6.375
-1.345	6.375
-1.344	6.375
-1.343	6.375
-1.342	6.375
-1.341	6.375
-1.34	6.375
-1.339	6.375
-1.338	6.375
-1.337	6.375
-1.336	6.375
-1.335	6.375
-1.334	6.375
-1.333	6.375
-1.332	6.375
-1.331	6.375
-1.33	6.375
-1.329	6.375
-1.328	6.375
-1.327	6.375
-1.326	6.375
-1.325	6.375
-1.324	6.375
-1.323	6.375
-1.322	6.375
-1.321	6.375
-1.32	6.375
-1.319	6.375
-1.318	6.375
-1.317	6.375
-1.316	6.375
-1.315	6.375
-1.314	6.375
-1.313	6.375
-1.312	6.375
-1.311	6.375
-1.31	6.375
-1.309	6.375
-1.308	6.375
-1.307	6.375
-1.306	6.375
-1.305	6.375
-1.304	6.375
-1.303	6.375
-1.302	6.375
-1.301	6.375
-1.3	6.375
-1.299	6.375
-1.298	6.375
-1.297	6.375
-1.296	6.375
-1.295	6.375
-1.294	6.375
-1.293	6.375
-1.292	6.375
-1.291	6.375
-1.29	6.375
-1.289	6.375
-1.288	6.375
-1.287	6.375
-1.286	6.375
-1.285	6.375
-1.284	6.375
-1.283	6.375
-1.282	6.375
-1.281	6.375
-1.28	6.375
-1.279	6.375
-1.278	6.375
-1.277	6.375
-1.276	6.375
-1.275	6.375
-1.274	6.375
-1.273	6.375
-1.272	6.375
-1.271	6.375
-1.27	6.375
-1.269	6.375
-1.268	6.375
-1.267	6.375
-1.266	6.375
-1.265	6.375
-1.264	6.375
-1.263	6.375
-1.262	6.375
-1.261	6.375
-1.26	6.375
-1.259	6.375
-1.258	6.375
-1.257	6.375
-1.256	6.375
-1.255	6.375
-1.254	6.375
-1.253	6.375
-1.252	6.375
-1.251	6.375
-1.25	6.375
-1.249	6.375
-1.248	6.375
-1.247	6.375
-1.246	6.375
-1.245	6.375
-1.244	6.375
-1.243	6.375
-1.242	6.375
-1.241	6.375
-1.24	6.375
-1.239	6.375
-1.238	6.375
-1.237	6.375
-1.236	6.375
-1.235	6.375
-1.234	6.375
-1.233	6.375
-1.232	6.375
-1.231	6.375
-1.23	6.375
-1.229	6.375
-1.228	6.375
-1.227	6.375
-1.226	6.375
-1.225	6.375
-1.224	6.375
-1.223	6.375
-1.222	6.375
-1.221	6.375
-1.22	6.375
-1.219	6.375
-1.218	6.375
-1.217	6.375
-1.216	6.375
-1.215	6.375
-1.214	6.375
-1.213	6.375
-1.212	6.375
-1.211	6.375
-1.21	6.375
-1.209	6.375
-1.208	6.375
-1.207	6.375
-1.206	6.375
-1.205	6.375
-1.204	6.375
-1.203	6.375
-1.202	6.375
-1.201	6.375
-1.2	6.375
-1.199	6.375
-1.198	6.375
-1.197	6.375
-1.196	6.375
-1.195	6.375
-1.194	6.375
-1.193	6.375
-1.192	6.375
-1.191	6.375
-1.19	6.375
-1.189	6.375
-1.188	6.375
-1.187	6.375
-1.186	6.375
-1.185	6.375
-1.184	6.375
-1.183	6.375
-1.182	6.375
-1.181	6.375
-1.18	6.375
-1.179	6.375
-1.178	6.375
-1.177	6.375
-1.176	6.375
-1.175	6.375
-1.174	6.375
-1.173	6.375
-1.172	6.375
-1.171	6.375
-1.17	6.375
-1.169	6.375
-1.168	6.375
-1.167	6.375
-1.166	6.375
-1.165	6.375
-1.164	6.375
-1.163	6.375
-1.162	6.375
-1.161	6.375
-1.16	6.375
-1.159	6.375
-1.158	6.375
-1.157	6.375
-1.156	6.375
-1.155	6.375
-1.154	6.375
-1.153	6.375
-1.152	6.375
-1.151	6.375
-1.15	6.375
-1.149	3.1875
-1.148	3.1875
-1.147	3.1875
-1.146	3.1875
-1.145	3.1875
-1.144	3.1875
-1.143	3.1875
-1.142	3.1875
-1.141	3.1875
-1.14	3.1875
-1.139	3.1875
-1.138	3.1875
-1.137	3.1875
-1.136	3.1875
-1.135	3.1875
-1.134	3.1875
-1.133	3.1875
-1.132	3.1875
-1.131	3.1875
-1.13	3.1875
-1.129	3.1875
-1.128	3.1875
-1.127	3.1875
-1.126	3.1875
-1.125	3.1875
-1.124	3.1875
-1.123	3.1875
-1.122	3.1875
-1.121	3.1875
-1.12	3.1875
-1.119	3.1875
-1.118	3.1875
-1.117	3.1875
-1.116	3.1875
-1.115	3.1875
-1.114	3.1875
-1.113	3.1875
-1.112	3.1875
-1.111	3.1875
-1.11	3.1875
-1.109	3.1875
-1.108	3.1875
-1.107	3.1875
-1.106	3.1875
-1.105	3.1875
-1.104	3.1875
-1.103	3.1875
-1.102	3.1875
-1.101	3.1875
-1.1	3.1875
-1.099	3.1875
-1.098	3.1875
-1.097	3.1875
-1.096	3.1875
-1.095	3.1875
-1.094	3.1875
-1.093	3.1875
-1.092	3.1875
-1.091	3.1875
-1.09	3.1875
-1.089	3.1875
-1.088	3.1875
-1.087	3.1875
-1.086	3.1875
-1.085	3.1875
-1.084	3.1875
-1.083	3.1875
-1.082	3.1875
-1.081	3.1875
-1.08	3.1875
-1.079	3.1875
-1.078	3.1875
-1.077	3.1875
-1.076	3.1875
-1.075	3.1875
-1.074	3.1875
-1.073	3.1875
-1.072	3.1875
-1.071	3.1875
-1.07	3.1875
-1.069	3.1875
-1.068	3.1875
-1.067	3.1875
-1.066	3.1875
-1.065	3.1875
-1.064	3.1875
-1.063	3.1875
-1.062	3.1875
-1.061	3.1875
-1.06	3.1875
-1.059	3.1875
-1.058	3.1875
-1.057	3.1875
-1.056	3.1875
-1.055	3.1875
-1.054	3.1875
-1.053	3.1875
-1.052	3.1875
-1.051	3.1875
-1.05	3.1875
-1.049	3.1875
-1.048	3.1875
-1.047	3.1875
-1.046	3.1875
-1.045	3.1875
-1.044	3.1875
-1.043	3.1875
-1.042	3.1875
-1.041	3.1875
-1.04	3.1875
-1.039	3.1875
-1.038	3.1875
-1.037	3.1875
-1.036	3.1875
-1.035	3.1875
-1.034	3.1875
-1.033	3.1875
-1.032	3.1875
-1.031	3.1875
-1.03	3.1875
-1.029	3.1875
-1.028	3.1875
-1.027	3.1875
-1.026	3.1875
-1.025	3.1875
-1.024	3.1875
-1.023	3.1875
-1.022	3.1875
-1.021	3.1875
-1.02	3.1875
-1.019	3.1875
-1.018	3.1875
-1.017	3.1875
-1.016	3.1875
-1.015	3.1875
-1.014	3.1875
-1.013	3.1875
-1.012	3.1875
-1.011	3.1875
-1.01	3.1875
-1.009	3.1875
-1.008	3.1875
-1.007	3.1875
-1.006	3.1875
-1.005	3.1875
-1.004	3.1875
-1.003	3.1875
-1.002	3.1875
-1.001	3.1875
-1.0	3.1875
-0.999	3.1875
-0.998	3.1875
-0.997	3.1875
-0.996	3.1875
-0.995	3.1875
-0.994	3.1875
-0.993	3.1875
-0.992	3.1875
-0.991	3.1875
-0.99	3.1875
-0.989	3.1875
-0.988	3.1875
-0.987	3.1875
-0.986	3.1875
-0.985	3.1875
-0.984	3.1875
-0.983	3.1875
-0.982	3.1875
-0.981	3.1875
-0.98	3.1875
-0.979	3.1875
-0.978	3.1875
-0.977	3.1875
-0.976	3.1875
-0.975	3.1875
-0.974	3.1875
-0.973	3.1875
-0.972	3.1875
-0.971	3.1875
-0.97	3.1875
-0.969	3.1875
-0.968	3.1875
-0.967	3.1875
-0.966	3.1875
-0.965	3.1875
-0.964	3.1875
-0.963	3.1875
-0.962	3.1875
-0.961	3.1875
-0.96	3.1875
-0.959	3.1875
-0.958	3.1875
-0.957	3.1875
-0.956	3.1875
-0.955	3.1875
-0.954	3.1875
-0.953	3.1875
-0.952	3.1875
-0.951	3.1875
-0.95	3.1875
-0.949	3.1875
-0.948	3.1875
-0.947	3.1875
-0.946	3.1875
-0.945	3.1875
-0.944	3.1875
-0.943	3.1875
-0.942	3.1875
-0.941	3.1875
-0.94	3.1875
-0.939	3.1875
-0.938	3.1875
-0.937	3.1875
-0.936	3.1875
-0.935	3.1875
-0.934	3.1875
-0.933	3.1875
-0.932	3.1875
-0.931	3.1875
-0.93	3.1875
-0.929	3.1875
-0.928	3.1875
-0.927	3.1875
-0.926	3.1875
-0.925	3.1875
-0.924	3.1875
-0.923	3.1875
-0.922	3.1875
-0.921	3.1875
-0.92	3.1875
-0.919	3.1875
-0.918	3.1875
-0.917	3.1875
-0.916	3.1875
-0.915	3.1875
-0.914	3.1875
-0.913	3.1875
-0.912	3.1875
-0.911	3.1875
-0.91	3.1875
-0.909	3.1875
-0.908	3.1875
-0.907	3.1875
-0.906	3.1875
-0.905	3.1875
-0.904	3.1875
-0.903	3.1875
-0.902	3.1875
-0.901	3.1875
-0.9	3.1875
-0.899	3.1875
-0.898	3.1875
-0.897	3.1875
-0.896	3.1875
-0.895	3.1875
-0.894	3.1875
-0.893	3.1875
-0.892	3.1875
-0.891	3.1875
-0.89	3.1875
-0.889	3.1875
-0.888	3.1875
-0.887	3.1875
-0.886	3.1875
-0.885	3.1875
-0.884	3.1875
-0.883	3.1875
-0.882	3.1875
-0.881	3.1875
-0.88	3.1875
-0.879	3.1875
-0.878	3.1875
-0.877	3.1875
-0.876	3.1875
-0.875	3.1875
-0.874	3.1875
-0.873	3.1875
-0.872	3.1875
-0.871	3.1875
-0.87	3.1875
-0.869	3.1875
-0.868	3.1875
-0.867	3.1875
-0.866	3.1875
-0.865	3.1875
-0.864	3.1875
-0.863	3.1875
-0.862	3.1875
-0.861	3.1875
-0.86	3.1875
-0.859	3.1875
-0.858	3.1875
-0.857	3.1875
-0.856	3.1875
-0.855	3.1875
-0.854	3.1875
-0.853	3.1875
-0.852	3.1875
-0.851	3.1875
-0.85	3.1875
-0.849	3.1875
-0.848	3.1875
-0.847	3.1875
-0.846	3.1875
-0.845	3.1875
-0.844	3.1875
-0.843	3.1875
-0.842	3.1875
-0.841	3.1875
-0.84	3.1875
-0.839	3.1875
-0.838	3.1875
-0.837	3.1875
-0.836	3.1875
-0.835	3.1875
-0.834	3.1875
-0.833	3.1875
-0.832	3.1875
-0.831	3.1875
-0.83	3.1875
-0.829	3.1875
-0.828	3.1875
-0.827	3.1875
-0.826	3.1875
-0.825	3.1875
-0.824	3.1875
-0.823	3.1875
-0.822	3.1875
-0.821	3.1875
-0.82	3.1875
-0.819	3.1875
-0.818	3.1875
-0.817	3.1875
-0.816	3.1875
-0.815	3.1875
-0.814	3.1875
-0.813	3.1875
-0.812	3.1875
-0.811	3.1875
-0.81	3.1875
-0.809	3.1875
-0.808	3.1875
-0.807	3.1875
-0.806	3.1875
-0.805	3.1875
-0.804	3.1875
-0.803	3.1875
-0.802	3.1875
-0.801	3.1875
-0.8	3.1875
-0.799	3.1875
-0.798	3.1875
-0.797	3.1875
-0.796	3.1875
-0.795	3.1875
-0.794	3.1875
-0.793	3.1875
-0.792	3.1875
-0.791	3.1875
-0.79	3.1875
-0.789	3.1875
-0.788	3.1875
-0.787	3.1875
-0.786	3.1875
-0.785	3.1875
-0.784	3.1875
-0.783	3.1875
-0.782	3.1875
-0.781	3.1875
-0.78	3.1875
-0.779	3.1875
-0.778	3.1875
-0.777	3.1875
-0.776	3.1875
-0.775	3.1875
-0.774	3.1875
-0.773	3.1875
-0.772	3.1875
-0.771	3.1875
-0.77	3.1875
-0.769	3.1875
-0.768	3.1875
-0.767	3.1875
-0.766	3.1875
-0.765	3.1875
-0.764	3.1875
-0.763	3.1875
-0.762	3.1875
-0.761	3.1875
-0.76	3.1875
-0.759	3.1875
-0.758	3.1875
-0.757	3.1875
-0.756	3.1875
-0.755	3.1875
-0.754	3.1875
-0.753	3.1875
-0.752	3.1875
-0.751	3.1875
-0.75	3.1875
-0.749	3.1875
-0.748	3.1875
-0.747	3.1875
-0.746	3.1875
-0.745	3.1875
-0.744	3.1875
-0.743	3.1875
-0.742	3.1875
-0.741	3.1875
-0.74	3.1875
-0.739	3.1875
-0.738	3.1875
-0.737	3.1875
-0.736	3.1875
-0.735	3.1875
-0.734	3.1875
-0.733	3.1875
-0.732	3.1875
-0.731	3.1875
-0.73	3.1875
-0.729	3.1875
-0.728	3.1875
-0.727	3.1875
-0.726	3.1875
-0.725	3.1875
-0.724	3.1875
-0.723	3.1875
-0.722	3.1875
-0.721	3.1875
-0.72	3.1875
-0.719	3.1875
-0.718	3.1875
-0.717	3.1875
-0.716	3.1875
-0.715	3.1875
-0.714	3.1875
-0.713	3.1875
-0.712	3.1875
-0.711	3.1875
-0.71	3.1875
-0.709	3.1875
-0.708	3.1875
-0.707	3.1875
-0.706	3.1875
-0.705	3.1875
-0.704	3.1875
-0.703	3.1875
-0.702	3.1875
-0.701	3.1875
-0.7	3.1875
-0.699	3.1875
-0.698	3.1875
-0.697	3.1875
-0.696	3.1875
-0.695	3.1875
-0.694	3.1875
-0.693	3.1875
-0.692	3.1875
-0.691	3.1875
-0.69	3.1875
-0.689	3.1875
-0.688	3.1875
-0.687	3.1875
-0.686	3.1875
-0.685	3.1875
-0.684	3.1875
-0.683	3.1875
-0.682	3.1875
-0.681	3.1875
-0.68	3.1875
-0.679	3.1875
-0.678	3.1875
-0.677	3.1875
-0.676	3.1875
-0.675	3.1875
-0.674	3.1875
-0.673	3.1875
-0.672	3.1875
-0.671	3.1875
-0.67	3.1875
-0.669	3.1875
-0.668	3.1875
-0.667	3.1875
-0.666	3.1875
-0.665	3.1875
-0.664	3.1875
-0.663	3.1875
-0.662	3.1875
-0.661	3.1875
-0.66	3.1875
-0.659	3.1875
-0.658	3.1875
-0.657	3.1875
-0.656	3.1875
-0.655	3.1875
-0.654	3.1875
-0.653	3.1875
-0.652	3.1875
-0.651	3.1875
-0.65	3.1875
-0.649	3.1875
-0.648	3.1875
-0.647	3.1875
-0.646	3.1875
-0.645	3.1875
-0.644	3.1875
-0.643	3.1875
-0.642	3.1875
-0.641	3.1875
-0.64	3.1875
-0.639	3.1875
-0.638	3.1875
-0.637	3.1875
-0.636	3.1875
-0.635	3.1875
-0.634	3.1875
-0.633	3.1875
-0.632	3.1875
-0.631	3.1875
-0.63	3.1875
-0.629	3.1875
-0.628	3.1875
-0.627	3.1875
-0.626	3.1875
-0.625	3.1875
-0.624	3.1875
-0.623	3.1875
-0.622	3.1875
-0.621	3.1875
-0.62	3.1875
-0.619	3.1875
-0.618	3.1875
-0.617	3.1875
-0.616	3.1875
-0.615	3.1875
-0.614	3.1875
-0.613	3.1875
-0.612	3.1875
-0.611	3.1875
-0.61	3.1875
-0.609	3.1875
-0.608	3.1875
-0.607	3.1875
-0.606	3.1875
-0.605	3.1875
-0.604	3.1875
-0.603	3.1875
-0.602	3.1875
-0.601	3.1875
-0.6	3.1875
-0.599	3.1875
-0.598	3.1875
-0.597	3.1875
-0.596	3.1875
-0.595	3.1875
-0.594	3.1875
-0.593	3.1875
-0.592	3.1875
-0.591	3.1875
-0.59	3.1875
-0.589	3.1875
-0.588	10.2
-0.587	10.2
-0.586	10.2
-0.585	10.2
-0.584	10.2
-0.583	10.2
-0.582	10.2
-0.581	10.2
-0.58	10.2
-0.579	10.2
-0.578	10.2
-0.577	10.2
-0.576	10.2
-0.575	10.2
-0.574	10.2
-0.573	10.2
-0.572	10.2
-0.571	10.2
-0.57	10.2
-0.569	10.2
-0.568	10.2
-0.567	10.2
-0.566	10.2
-0.565	10.2
-0.564	10.2
-0.563	10.2
-0.562	10.2
-0.561	10.2
-0.56	10.2
-0.559	10.2
-0.558	10.2
-0.557	10.2
-0.556	10.2
-0.555	10.2
-0.554	10.2
-0.553	10.2
-0.552	10.2
-0.551	10.2
-0.55	10.2
-0.549	10.2
-0.548	10.2
-0.547	10.2
-0.546	10.2
-0.545	10.2
-0.544	10.2
-0.543	10.2
-0.542	10.2
-0.541	10.2
-0.54	10.2
-0.539	10.2
-0.538	10.2
-0.537	10.2
-0.536	10.2
-0.535	10.2
-0.534	10.2
-0.533	10.2
-0.532	10.2
-0.531	10.2
-0.53	10.2
-0.529	10.2
-0.528	10.2
-0.527	10.2
-0.526	10.2
-0.525	10.2
-0.524	10.2
-0.523	10.2
-0.522	10.2
-0.521	10.2
-0.52	10.2
-0.519	10.2
-0.518	10.2
-0.517	10.2
-0.516	10.2
-0.515	10.2
-0.514	10.2
-0.513	10.2
-0.512	10.2
-0.511	10.2
-0.51	10.2
-0.509	10.2
-0.508	10.2
-0.507	10.2
-0.506	10.2
-0.505	10.2
-0.504	10.2
-0.503	10.2
-0.502	10.2
-0.501	10.2
-0.5	10.2
-0.499	10.2
-0.498	10.2
-0.497	10.2
-0.496	10.2
-0.495	10.2
-0.494	10.2
-0.493	10.2
-0.492	10.2
-0.491	10.2
-0.49	10.2
-0.489	10.2
-0.488	10.2
-0.487	10.2
-0.486	10.2
-0.485	10.2
-0.484	10.2
-0.483	10.2
-0.482	10.2
-0.481	10.2
-0.48	10.2
-0.479	10.2
-0.478	10.2
-0.477	10.2
-0.476	10.2
-0.475	10.2
-0.474	10.2
-0.473	10.2
-0.472	10.2
-0.471	10.2
-0.47	10.2
-0.469	10.2
-0.468	10.2
-0.467	10.2
-0.466	10.2
-0.465	10.2
-0.464	10.2
-0.463	10.2
-0.462	10.2
-0.461	10.2
-0.46	10.2
-0.459	10.2
-0.458	10.2
-0.457	10.2
-0.456	10.2
-0.455	10.2
-0.454	10.2
-0.453	10.2
-0.452	10.2
-0.451	10.2
-0.45	10.2
-0.449	10.2
-0.448	10.2
-0.447	10.2
-0.446	10.2
-0.445	10.2
-0.444	10.2
-0.443	10.2
-0.442	10.2
-0.441	10.2
-0.44	10.2
-0.439	10.2
-0.438	10.2
-0.437	10.2
-0.436	10.2
-0.435	10.2
-0.434	10.2
-0.433	10.2
-0.432	10.2
-0.431	10.2
-0.43	10.2
-0.429	10.2
-0.428	10.2
-0.427	10.2
-0.426	10.2
-0.425	10.2
-0.424	10.2
-0.423	10.2
-0.422	10.2
-0.421	10.2
-0.42	10.2
-0.419	10.2
-0.418	10.2
-0.417	10.2
-0.416	10.2
-0.415	10.2
-0.414	10.2
-0.413	10.2
-0.412	10.2
-0.411	10.2
-0.41	10.2
-0.409	10.2
-0.408	10.2
-0.407	10.2
-0.406	10.2
-0.405	10.2
-0.404	10.2
-0.403	10.2
-0.402	10.2
-0.401	10.2
-0.4	10.2
-0.399	10.2
-0.398	10.2
-0.397	10.2
-0.396	10.2
-0.395	10.2
-0.394	10.2
-0.393	10.2
-0.392	10.2
-0.391	10.2
-0.39	10.2
-0.389	10.2
-0.388	10.2
-0.387	10.2
-0.386	10.2
-0.385	10.2
-0.384	10.2
-0.383	10.2
-0.382	10.2
-0.381	10.2
-0.38	10.2
-0.379	10.2
-0.378	10.2
-0.377	10.2
-0.376	10.2
-0.375	10.2
-0.374	10.2
-0.373	10.2
-0.372	10.2
-0.371	10.2
-0.37	10.2
-0.369	10.2
-0.368	10.2
-0.367	10.2
-0.366	10.2
-0.365	10.2
-0.364	10.2
-0.363	10.2
-0.362	10.2
-0.361	10.2
-0.36	10.2
-0.359	10.2
-0.358	10.2
-0.357	10.2
-0.356	10.2
-0.355	10.2
-0.354	10.2
-0.353	10.2
-0.352	10.2
-0.351	10.2
-0.35	10.2
-0.349	10.2
-0.348	10.2
-0.347	10.2
-0.346	10.2
-0.345	10.2
-0.344	10.2
-0.343	10.2
-0.342	10.2
-0.341	10.2
-0.34	10.2
-0.339	10.2
-0.338	10.2
-0.337	10.2
-0.336	10.2
-0.335	10.2
-0.334	10.2
-0.333	10.2
-0.332	10.2
-0.331	10.2
-0.33	10.2
-0.329	10.2
-0.328	10.2
-0.327	10.2
-0.326	10.2
-0.325	10.2
-0.324	10.2
-0.323	10.2
-0.322	10.2
-0.321	10.2
-0.32	10.2
-0.319	10.2
-0.318	10.2
-0.317	10.2
-0.316	10.2
-0.315	10.2
-0.314	10.2
-0.313	10.2
-0.312	10.2
-0.311	10.2
-0.31	10.2
-0.309	10.2
-0.308	10.2
-0.307	10.2
-0.306	10.2
-0.305	10.2
-0.304	10.2
-0.303	10.2
-0.302	10.2
-0.301	10.2
-0.3	10.2
-0.299	10.2
-0.298	10.2
-0.297	10.2
-0.296	10.2
-0.295	10.2
-0.294	10.2
-0.293	10.2
-0.292	10.2
-0.291	10.2
-0.29	10.2
-0.289	12.75
-0.288	12.75
-0.287	12.75
-0.286	12.75
-0.285	12.75
-0.284	12.75
-0.283	12.75
-0.282	12.75
-0.281	12.75
-0.28	12.75
-0.279	12.75
-0.278	12.75
-0.277	12.75
-0.276	12.75
-0.275	12.75
-0.274	12.75
-0.273	12.75
-0.272	12.75
-0.271	12.75
-0.27	12.75
-0.269	12.75
-0.268	12.75
-0.267	12.75
-0.266	12.75
-0.265	12.75
-0.264	12.75
-0.263	12.75
-0.262	12.75
-0.261	12.75
-0.26	12.75
-0.259	12.75
-0.258	12.75
-0.257	12.75
-0.256	12.75
-0.255	12.75
-0.254	12.75
-0.253	12.75
-0.252	12.75
-0.251	12.75
-0.25	12.75
-0.249	12.75
-0.248	12.75
-0.247	12.75
-0.246	12.75
-0.245	12.75
-0.244	12.75
-0.243	12.75
-0.242	12.75
-0.241	12.75
-0.24	12.75
-0.239	12.75
-0.238	12.75
-0.237	12.75
-0.236	12.75
-0.235	12.75
-0.234	12.75
-0.233	12.75
-0.232	12.75
-0.231	12.75
-0.23	12.75
-0.229	12.75
-0.228	12.75
-0.227	12.75
-0.226	12.75
-0.225	12.75
-0.224	12.75
-0.223	12.75
-0.222	12.75
-0.221	12.75
-0.22	12.75
-0.219	12.75
-0.218	12.75
-0.217	12.75
-0.216	12.75
-0.215	12.75
-0.214	12.75
-0.213	12.75
-0.212	12.75
-0.211	12.75
-0.21	12.75
-0.209	12.75
-0.208	12.75
-0.207	12.75
-0.206	12.75
-0.205	12.75
-0.204	12.75
-0.203	12.75
-0.202	12.75
-0.201	12.75
-0.2	12.75
-0.199	12.75
-0.198	12.75
-0.197	12.75
-0.196	12.75
-0.195	12.75
-0.194	12.75
-0.193	12.75
-0.192	12.75
-0.191	12.75
-0.19	12.75
-0.189	12.75
-0.188	12.75
-0.187	12.75
-0.186	12.75
-0.185	12.75
-0.184	12.75
-0.183	12.75
-0.182	12.75
-0.181	12.75
-0.18	12.75
-0.179	12.75
-0.178	12.75
-0.177	12.75
-0.176	12.75
-0.175	12.75
-0.174	12.75
-0.173	12.75
-0.172	25.5
-0.171	25.5
-0.17	25.5
-0.169	25.5
-0.168	25.5
-0.167	25.5
-0.166	25.5
-0.165	25.5
-0.164	25.5
-0.163	25.5
-0.162	25.5
-0.161	25.5
-0.16	25.5
-0.159	25.5
-0.158	25.5
-0.157	25.5
-0.156	25.5
-0.155	25.5
-0.154	25.5
-0.153	25.5
-0.152	25.5
-0.151	25.5
-0.15	25.5
-0.149	25.5
-0.148	25.5
-0.147	25.5
-0.146	25.5
-0.145	25.5
-0.144	25.5
-0.143	25.5
-0.142	25.5
-0.141	25.5
-0.14	25.5
-0.139	25.5
-0.138	25.5
-0.137	25.5
-0.136	25.5
-0.135	25.5
-0.134	25.5
-0.133	25.5
-0.132	25.5
-0.131	25.5
-0.13	25.5
-0.129	25.5
-0.128	25.5
-0.127	25.5
-0.126	25.5
-0.125	25.5
-0.124	25.5
-0.123	25.5
-0.122	25.5
-0.121	25.5
-0.12	25.5
-0.119	25.5
-0.118	25.5
-0.117	25.5
-0.116	25.5
-0.115	25.5
-0.114	25.5
-0.113	25.5
-0.112	25.5
-0.111	25.5
-0.11	25.5
-0.109	25.5
-0.108	25.5
-0.107	25.5
-0.106	25.5
-0.105	25.5
-0.104	25.5
-0.103	25.5
-0.102	25.5
-0.101	25.5
-0.1	25.5
-0.099	25.5
-0.098	25.5
-0.097	25.5
-0.096	25.5
-0.095	25.5
-0.094	25.5
-0.093	25.5
-0.092	25.5
-0.091	25.5
-0.09	25.5
-0.089	25.5
-0.088	25.5
-0.087	25.5
-0.086	25.5
-0.085	25.5
-0.084	25.5
-0.083	25.5
-0.082	25.5
-0.081	25.5
-0.08	25.5
-0.079	25.5
-0.078	25.5
-0.077	25.5
-0.076	25.5
-0.075	25.5
-0.074	25.5
-0.073	25.5
-0.072	25.5
-0.071	25.5
-0.07	25.5
-0.069	25.5
-0.068	25.5
-0.067	25.5
-0.066	25.5
-0.065	25.5
-0.064	25.5
-0.063	25.5
-0.062	25.5
-0.061	25.5
-0.06	25.5
-0.059	25.5
-0.058	25.5
-0.057	25.5
-0.056	25.5
-0.055	25.5
-0.054	25.5
-0.053	25.5
-0.052	25.5
-0.051	25.5
-0.05	25.5
-0.049	25.5
-0.048	25.5
-0.047	25.5
-0.046	25.5
-0.045	25.5
-0.044	25.5
-0.043	25.5
-0.042	25.5
-0.041	25.5
-0.04	25.5
-0.039	25.5
-0.038	25.5
-0.037	25.5
-0.036	25.5
-0.035	25.5
-0.034	25.5
-0.033	25.5
-0.032	25.5
-0.031	25.5
-0.03	25.5
-0.029	25.5
-0.028	25.5
-0.027	25.5
-0.026	25.5
-0.025	25.5
-0.024	25.5
-0.023	25.5
-0.022	25.5
-0.021	25.5
-0.02	25.5
-0.019	25.5
-0.018	25.5
-0.017	25.5
-0.016	25.5
-0.015	25.5
-0.014	25.5
-0.013	25.5
-0.012	25.5
-0.011	25.5
-0.01	25.5
-0.009	25.5
-0.008	25.5
-0.007	25.5
-0.006	25.5
-0.005	25.5
-0.004	25.5
-0.003	25.5
-0.002	25.5
-0.001	25.5
0.0	25.5
0.001	25.5
0.002	25.5
0.003	25.5
0.004	25.5
0.005	25.5
0.006	25.5
0.007	25.5
0.008	25.5
0.009	25.5
0.01	25.5
0.011	25.5
0.012	25.5
0.013	25.5
0.014	25.5
0.015	25.5
0.016	25.5
0.017	25.5
0.018	25.5
0.019	25.5
0.02	25.5
0.021	25.5
0.022	25.5
0.023	25.5
0.024	25.5
0.025	25.5
0.026	25.5
0.027	25.5
0.028	25.5
0.029	25.5
0.03	25.5
0.031	25.5
0.032	25.5
0.033	25.5
0.034	25.5
0.035	25.5
0.036	25.5
0.037	25.5
0.038	25.5
0.039	25.5
0.04	25.5
0.041	25.5
0.042	25.5
0.043	25.5
0.044	25.5
0.045	25.5
0.046	25.5
0.047	25.5
0.048	25.5
0.049	25.5
0.05	25.5
0.051	25.5
0.052	25.5
0.053	25.5
0.054	25.5
0.055	25.5
0.056	25.5
0.057	25.5
0.058	25.5
0.059	25.5
0.06	25.5
0.061	25.5
0.062	25.5
0.063	25.5
0.064	25.5
0.065	25.5
0.066	25.5
0.067	25.5
0.068	25.5
0.069	25.5
0.07	25.5
0.071	25.5
0.072	25.5
0.073	25.5
0.074	25.5
0.075	25.5
0.076	25.5
0.077	25.5
0.078	25.5
0.079	25.5
0.08	25.5
0.081	25.5
0.082	25.5
0.083	25.5
0.084	25.5
0.085	25.5
0.086	25.5
0.087	25.5
0.088	25.5
0.089	25.5
0.09	25.5
0.091	25.5
0.092	25.5
0.093	25.5
0.094	25.5
0.095	25.5
0.096	25.5
0.097	25.5
0.098	25.5
0.099	25.5
0.1	25.5
0.101	25.5
0.102	25.5
0.103	25.5
0.104	25.5
0.105	25.5
0.106	25.5
0.107	25.5
0.108	25.5
0.109	25.5
0.11	25.5
0.111	25.5
0.112	25.5
0.113	25.5
0.114	25.5
0.115	25.5
0.116	25.5
0.117	25.5
0.118	25.5
0.119	25.5
0.12	25.5
0.121	25.5
0.122	25.5
0.123	25.5
0.124	25.5
0.125	25.5
0.126	25.5
0.127	25.5
0.128	25.5
0.129	25.5
0.13	25.5
0.131	25.5
0.132	25.5
0.133	25.5
0.134	25.5
0.135	25.5
0.136	25.5
0.137	25.5
0.138	25.5
0.139	25.5
0.14	25.5
0.141	25.5
0.142	25.5
0.143	25.5
0.144	25.5
0.145	25.5
0.146	25.5
0.147	25.5
0.148	25.5
0.149	25.5
0.15	25.5
0.151	25.5
0.152	25.5
0.153	25.5
0.154	25.5
0.155	25.5
0.156	25.5
0.157	25.5
0.158	25.5
0.159	25.5
0.16	25.5
0.161	25.5
0.162	25.5
0.163	25.5
0.164	25.5
0.165	25.5
0.166	25.5
0.167	25.5
0.168	25.5
0.169	25.5
0.17	25.5
0.171	25.5
0.172	25.5
0.173	25.5
0.174	25.5
0.175	25.5
0.176	25.5
0.177	25.5
0.178	25.5
0.179	25.5
0.18	25.5
0.181	25.5
0.182	25.5
0.183	25.5
0.184	25.5
0.185	25.5
0.186	25.5
0.187	25.5
0.188	25.5
0.189	25.5
0.19	25.5
0.191	25.5
0.192	25.5
0.193	25.5
0.194	25.5
0.195	25.5
0.196	25.5
0.197	25.5
0.198	25.5
0.199	25.5
0.2	25.5
0.201	25.5
0.202	25.5
0.203	25.5
0.204	25.5
0.205	25.5
0.206	25.5
0.207	25.5
0.208	25.5
0.209	25.5
0.21	25.5
0.211	25.5
0.212	25.5
0.213	25.5
0.214	25.5
0.215	25.5
0.216	25.5
0.217	25.5
0.218	25.5
0.219	25.5
0.22	25.5
0.221	25.5
0.222	25.5
0.223	25.5
0.224	25.5
0.225	25.5
0.226	25.5
0.227	25.5
0.228	25.5
0.229	25.5
0.23	25.5
0.231	25.5
0.232	25.5
0.233	25.5
0.234	25.5
0.235	25.5
0.236	25.5
0.237	25.5
0.238	25.5
0.239	25.5
0.24	25.5
0.241	25.5
0.242	25.5
0.243	25.5
0.244	25.5
0.245	25.5
0.246	25.5
0.247	25.5
0.248	25.5
0.249	25.5
0.25	25.5
0.251	25.5
0.252	25.5
0.253	25.5
0.254	25.5
0.255	25.5
0.256	25.5
0.257	25.5
0.258	25.5
0.259	25.5
0.26	25.5
0.261	25.5
0.262	25.5
0.263	25.5
0.264	25.5
0.265	25.5
0.266	25.5
0.267	25.5
0.268	25.5
0.269	25.5
0.27	25.5
0.271	25.5
0.272	25.5
0.273	25.5
0.274	25.5
0.275	25.5
0.276	25.5
0.277	25.5
0.278	25.5
0.279	25.5
0.28	25.5
0.281	25.5
0.282	25.5
0.283	25.5
0.284	25.5
0.285	25.5
0.286	25.5
0.287	25.5
0.288	25.5
0.289	25.5
0.29	25.5
0.291	25.5
0.292	25.5
0.293	25.5
0.294	25.5
0.295	25.5
0.296	25.5
0.297	25.5
0.298	25.5
0.299	25.5
0.3	25.5
0.301	25.5
0.302	25.5
0.303	25.5
0.304	25.5
0.305	25.5
0.306	25.5
0.307	25.5
0.308	25.5
0.309	25.5
0.31	25.5
0.311	25.5
0.312	25.5
0.313	25.5
0.314	25.5
0.315	25.5
0.316	25.5
0.317	25.5
0.318	25.5
0.319	25.5
0.32	25.5
0.321	25.5
0.322	25.5
0.323	25.5
0.324	25.5
0.325	25.5
0.326	25.5
0.327	25.5
0.328	25.5
0.329	25.5
0.33	25.5
0.331	25.5
0.332	25.5
0.333	25.5
0.334	25.5
0.335	25.5
0.336	25.5
0.337	25.5
0.338	25.5
0.339	25.5
0.34	25.5
0.341	25.5
0.342	25.5
0.343	25.5
0.344	25.5
0.345	25.5
0.346	25.5
0.347	25.5
0.348	25.5
0.349	25.5
0.35	25.5
0.351	25.5
0.352	25.5
0.353	25.5
0.354	25.5
0.355	25.5
0.356	25.5
0.357	25.5
0.358	25.5
0.359	25.5
0.36	25.5
0.361	25.5
0.362	25.5
0.363	25.5
0.364	25.5
0.365	25.5
0.366	25.5
0.367	25.5
0.368	25.5
0.369	25.5
0.37	25.5
0.371	25.5
0.372	25.5
0.373	25.5
0.374	25.5
0.375	25.5
0.376	25.5
0.377	25.5
0.378	25.5
0.379	25.5
0.38	25.5
0.381	25.5
0.382	25.5
0.383	25.5
0.384	25.5
0.385	25.5
0.386	25.5
0.387	25.5
0.388	25.5
0.389	25.5
0.39	25.5
0.391	25.5
0.392	25.5
0.393	25.5
0.394	25.5
0.395	25.5
0.396	25.5
0.397	25.5
0.398	25.5
0.399	25.5
0.4	25.5
0.401	25.5
0.402	25.5
0.403	25.5
0.404	25.5
0.405	25.5
0.406	25.5
0.407	25.5
0.408	25.5
0.409	25.5
0.41	25.5
0.411	25.5
0.412	25.5
0.413	25.5
0.414	25.5
0.415	25.5
0.416	25.5
0.417	25.5
0.418	25.5
0.419	25.5
0.42	25.5
0.421	25.5
0.422	25.5
0.423	25.5
0.424	25.5
0.425	25.5
0.426	25.5
0.427	25.5
0.428	25.5
0.429	25.5
0.43	25.5
0.431	25.5
0.432	25.5
0.433	25.5
0.434	25.5
0.435	25.5
0.436	25.5
0.437	25.5
0.438	25.5
0.439	25.5
0.44	25.5
0.441	25.5
0.442	25.5
0.443	25.5
0.444	25.5
0.445	25.5
0.446	25.5
0.447	25.5
0.448	25.5
0.449	25.5
0.45	25.5
0.451	25.5
0.452	25.5
0.453	25.5
0.454	25.5
0.455	25.5
0.456	25.5
0.457	25.5
0.458	25.5
0.459	25.5
0.46	25.5
0.461	25.5
0.462	25.5
0.463	25.5
0.464	25.5
0.465	25.5
0.466	25.5
0.467	25.5
0.468	25.5
0.469	25.5
0.47	25.5
0.471	25.5
0.472	25.5
0.473	25.5
0.474	25.5
0.475	25.5
0.476	25.5
0.477	25.5
0.478	25.5
0.479	25.5
0.48	25.5
0.481	25.5
0.482	25.5
0.483	25.5
0.484	25.5
0.485	25.5
0.486	25.5
0.487	25.5
0.488	25.5
0.489	25.5
0.49	25.5
0.491	25.5
0.492	25.5
0.493	25.5
0.494	25.5
0.495	25.5
0.496	25.5
0.497	25.5
0.498	25.5
0.499	25.5
0.5	25.5
0.501	25.5
0.502	25.5
0.503	25.5
0.504	25.5
0.505	25.5
0.506	25.5
0.507	25.5
0.508	25.5
0.509	25.5
0.51	25.5
0.511	25.5
0.512	25.5
0.513	25.5
0.514	25.5
0.515	25.5
0.516	25.5
0.517	25.5
0.518	25.5
0.519	25.5
0.52	25.5
0.521	25.5
0.522	25.5
0.523	25.5
0.524	25.5
0.525	25.5
0.526	25.5
0.527	25.5
0.528	25.5
0.529	25.5
0.53	25.5
0.531	25.5
0.532	25.5
0.533	25.5
0.534	25.5
0.535	25.5
0.536	25.5
0.537	25.5
0.538	25.5
0.539	25.5
0.54	25.5
0.541	25.5
0.542	25.5
0.543	25.5
0.544	25.5
0.545	25.5
0.546	25.5
0.547	25.5
0.548	25.5
0.549	25.5
0.55	25.5
0.551	25.5
0.552	25.5
0.553	25.5
0.554	25.5
0.555	25.5
0.556	25.5
0.557	25.5
0.558	25.5
0.559	25.5
0.56	25.5
0.561	25.5
0.562	25.5
0.563	25.5
0.564	25.5
0.565	25.5
0.566	25.5
0.567	25.5
0.568	25.5
0.569	25.5
0.57	25.5
0.571	25.5
0.572	25.5
0.573	25.5
0.574	25.5
0.575	25.5
0.576	25.5
0.577	25.5
0.578	25.5
0.579	25.5
0.58	25.5
0.581	25.5
0.582	25.5
0.583	25.5
0.584	25.5
0.585	25.5
0.586	25.5
0.587	25.5
0.588	25.5
0.589	25.5
0.59	25.5
0.591	25.5
0.592	25.5
0.593	25.5
0.594	25.5
0.595	25.5
0.596	25.5
0.597	25.5
0.598	25.5
0.599	25.5
0.6	25.5
0.601	25.5
0.602	25.5
0.603	25.5
0.604	25.5
0.605	25.5
0.606	25.5
0.607	25.5
0.608	25.5
0.609	25.5
0.61	25.5
0.611	25.5
0.612	25.5
0.613	25.5
0.614	25.5
0.615	25.5
0.616	25.5
0.617	25.5
0.618	25.5
0.619	25.5
0.62	25.5
0.621	25.5
0.622	25.5
0.623	25.5
0.624	25.5
0.625	25.5
0.626	25.5
0.627	25.5
0.628	25.5
0.629	25.5
0.63	25.5
0.631	25.5
0.632	25.5
0.633	25.5
0.634	25.5
0.635	25.5
0.636	25.5
0.637	25.5
0.638	25.5
0.639	25.5
0.64	25.5
0.641	25.5
0.642	25.5
0.643	25.5
0.644	25.5
0.645	25.5
0.646	25.5
0.647	25.5
0.648	25.5
0.649	25.5
0.65	25.5
0.651	25.5
0.652	25.5
0.653	25.5
0.654	25.5
0.655	25.5
0.656	25.5
0.657	25.5
0.658	25.5
0.659	25.5
0.66	25.5
0.661	25.5
0.662	25.5
0.663	25.5
0.664	25.5
0.665	25.5
0.666	25.5
0.667	25.5
0.668	25.5
0.669	25.5
0.67	25.5
0.671	25.5
0.672	25.5
0.673	25.5
0.674	25.5
0.675	25.5
0.676	25.5
0.677	25.5
0.678	25.5
0.679	25.5
0.68	25.5
0.681	25.5
0.682	25.5
0.683	25.5
0.684	25.5
0.685	25.5
0.686	25.5
0.687	25.5
0.688	25.5
0.689	25.5
0.69	25.5
0.691	25.5
0.692	25.5
0.693	25.5
0.694	25.5
0.695	25.5
0.696	25.5
0.697	25.5
0.698	25.5
0.699	25.5
0.7	25.5
0.701	25.5
0.702	25.5
0.703	25.5
0.704	25.5
0.705	25.5
0.706	25.5
0.707	25.5
0.708	25.5
0.709	25.5
0.71	25.5
0.711	25.5
0.712	25.5
0.713	25.5
0.714	25.5
0.715	25.5
0.716	25.5
0.717	25.5
0.718	25.5
0.719	25.5
0.72	25.5
0.721	25.5
0.722	25.5
0.723	25.5
0.724	25.5
0.725	25.5
0.726	25.5
0.727	25.5
0.728	25.5
0.729	25.5
0.73	25.5
0.731	25.5
0.732	25.5
0.733	25.5
0.734	25.5
0.735	25.5
0.736	25.5
0.737	25.5
0.738	25.5
0.739	25.5
0.74	25.5
0.741	25.5
0.742	25.5
0.743	25.5
0.744	25.5
0.745	25.5
0.746	25.5
0.747	25.5
0.748	25.5
0.749	25.5
0.75	25.5
0.751	25.5
0.752	25.5
0.753	25.5
0.754	25.5
0.755	25.5
0.756	25.5
0.757	25.5
0.758	25.5
0.759	25.5
0.76	25.5
0.761	25.5
0.762	25.5
0.763	25.5
0.764	25.5
0.765	25.5
0.766	25.5
0.767	25.5
0.768	25.5
0.769	25.5
0.77	25.5
0.771	25.5
0.772	25.5
0.773	25.5
0.774	25.5
0.775	25.5
0.776	25.5
0.777	25.5
0.778	25.5
0.779	25.5
0.78	25.5
0.781	25.5
0.782	25.5
0.783	25.5
0.784	25.5
0.785	25.5
0.786	25.5
0.787	25.5
0.788	25.5
0.789	25.5
0.79	25.5
0.791	25.5
0.792	25.5
0.793	25.5
0.794	25.5
0.795	25.5
0.796	25.5
0.797	25.5
0.798	25.5
0.799	25.5
0.8	25.5
0.801	25.5
0.802	25.5
0.803	25.5
0.804	25.5
0.805	25.5
0.806	25.5
0.807	25.5
0.808	25.5
0.809	25.5
0.81	25.5
0.811	25.5
0.812	25.5
0.813	25.5
0.814	25.5
0.815	25.5
0.816	25.5
0.817	25.5
0.818	25.5
0.819	25.5
0.82	25.5
0.821	25.5
0.822	25.5
0.823	25.5
0.824	25.5
0.825	25.5
0.826	25.5
0.827	25.5
0.828	25.5
0.829	25.5
0.83	25.5
0.831	25.5
0.832	25.5
0.833	25.5
0.834	25.5
0.835	25.5
0.836	25.5
0.837	25.5
0.838	25.5
0.839	25.5
0.84	25.5
0.841	25.5
0.842	25.5
0.843	25.5
0.844	25.5
0.845	25.5
0.846	25.5
0.847	25.5
0.848	25.5
0.849	25.5
0.85	25.5
0.851	25.5
0.852	25.5
0.853	25.5
0.854	25.5
0.855	25.5
0.856	25.5
0.857	25.5
0.858	25.5
0.859	25.5
0.86	25.5
0.861	25.5
0.862	25.5
0.863	25.5
0.864	25.5
0.865	25.5
0.866	25.5
0.867	25.5
0.868	25.5
0.869	25.5
0.87	25.5
0.871	25.5
0.872	25.5
0.873	25.5
0.874	25.5
0.875	25.5
0.876	25.5
0.877	25.5
0.878	25.5
0.879	25.5
0.88	25.5
0.881	25.5
0.882	25.5
0.883	25.5
0.884	25.5
0.885	25.5
0.886	25.5
0.887	25.5
0.888	25.5
0.889	25.5
0.89	25.5
0.891	25.5
0.892	25.5
0.893	25.5
0.894	25.5
0.895	25.5
0.896	25.5
0.897	25.5
0.898	25.5
0.899	25.5
0.9	25.5
0.901	25.5
0.902	25.5
0.903	25.5
0.904	25.5
0.905	25.5
0.906	25.5
0.907	25.5
0.908	25.5
0.909	25.5
0.91	25.5
0.911	25.5
0.912	25.5
0.913	25.5
0.914	25.5
0.915	25.5
0.916	25.5
0.917	25.5
0.918	25.5
0.919	25.5
0.92	25.5
0.921	25.5
0.922	25.5
0.923	25.5
0.924	25.5
0.925	25.5
0.926	25.5
0.927	25.5
0.928	25.5
0.929	25.5
0.93	25.5
0.931	25.5
0.932	25.5
0.933	25.5
0.934	25.5
0.935	25.5
0.936	25.5
0.937	25.5
0.938	25.5
0.939	25.5
0.94	25.5
0.941	25.5
0.942	25.5
0.943	25.5
0.944	25.5
0.945	25.5
0.946	25.5
0.947	25.5
0.948	25.5
0.949	25.5
0.95	25.5
0.951	25.5
0.952	25.5
0.953	25.5
0.954	25.5
0.955	25.5
0.956	25.5
0.957	25.5
0.958	25.5
0.959	25.5
0.96	25.5
0.961	25.5
0.962	25.5
0.963	25.5
0.964	25.5
0.965	25.5
0.966	25.5
0.967	25.5
0.968	25.5
0.969	25.5
0.97	25.5
0.971	25.5
0.972	25.5
0.973	25.5
0.974	25.5
0.975	25.5
0.976	25.5
0.977	25.5
0.978	25.5
0.979	25.5
0.98	25.5
0.981	25.5
0.982	25.5
0.983	25.5
0.984	25.5
0.985	25.5
0.986	25.5
0.987	25.5
0.988	25.5
0.989	25.5
0.99	25.5
0.991	25.5
0.992	25.5
0.993	25.5
0.994	25.5
0.995	25.5
0.996	25.5
0.997	25.5
0.998	25.5
0.999	25.5
1.0	25.5
1.001	25.5
1.002	25.5
1.003	25.5
1.004	25.5
1.005	25.5
1.006	25.5
1.007	25.5
1.008	25.5
1.009	25.5
1.01	25.5
1.011	25.5
1.012	25.5
1.013	25.5
1.014	25.5
1.015	25.5
1.016	25.5
1.017	25.5
1.018	25.5
1.019	25.5
1.02	25.5
1.021	25.5
1.022	25.5
1.023	25.5
1.024	25.5
1.025	25.5
1.026	25.5
1.027	25.5
1.028	25.5
1.029	25.5
1.03	25.5
1.031	25.5
1.032	25.5
1.033	25.5
1.034	25.5
1.035	25.5
1.036	25.5
1.037	25.5
1.038	25.5
1.039	25.5
1.04	25.5
1.041	25.5
1.042	25.5
1.043	25.5
1.044	25.5
1.045	25.5
1.046	25.5
1.047	25.5
1.048	25.5
1.049	25.5
1.05	25.5
1.051	25.5
1.052	25.5
1.053	25.5
1.054	25.5
1.055	25.5
1.056	25.5
1.057	25.5
1.058	25.5
1.059	25.5
1.06	25.5
1.061	25.5
1.062	25.5
1.063	25.5
1.064	25.5
1.065	25.5
1.066	25.5
1.067	25.5
1.068	25.5
1.069	25.5
1.07	25.5
1.071	25.5
1.072	25.5
1.073	25.5
1.074	25.5
1.075	25.5
1.076	25.5
1.077	25.5
1.078	25.5
1.079	25.5
1.08	25.5
1.081	25.5
1.082	25.5
1.083	25.5
1.084	25.5
1.085	25.5
1.086	25.5
1.087	25.5
1.088	25.5
1.089	25.5
1.09	25.5
1.091	25.5
1.092	25.5
1.093	25.5
1.094	25.5
1.095	25.5
1.096	25.5
1.097	25.5
1.098	25.5
1.099	25.5
1.1	25.5
1.101	25.5
1.102	25.5
1.103	25.5
1.104	25.5
1.105	25.5
1.106	25.5
1.107	25.5
1.108	25.5
1.109	25.5
1.11	25.5
1.111	25.5
1.112	25.5
1.113	25.5
1.114	25.5
1.115	25.5
1.116	25.5
1.117	25.5
1.118	25.5
1.119	25.5
1.12	25.5
1.121	25.5
1.122	25.5
1.123	25.5
1.124	25.5
1.125	25.5
1.126	25.5
1.127	25.5
1.128	25.5
1.129	25.5
1.13	25.5
1.131	25.5
1.132	25.5
1.133	25.5
1.134	25.5
1.135	25.5
1.136	25.5
1.137	25.5
1.138	25.5
1.139	25.5
1.14	25.5
1.141	25.5
1.142	25.5
1.143	25.5
1.144	25.5
1.145	25.5
1.146	25.5
1.147	25.5
1.148	25.5
1.149	25.5
1.15	25.5
1.151	25.5
1.152	25.5
1.153	25.5
1.154	25.5
1.155	25.5
1.156	25.5
1.157	25.5
1.158	25.5
1.159	25.5
1.16	25.5
1.161	25.5
1.162	25.5
1.163	25.5
1.164	25.5
1.165	25.5
1.166	25.5
1.167	25.5
1.168	25.5
1.169	25.5
1.17	25.5
1.171	25.5
1.172	25.5
1.173	25.5
1.174	25.5
1.175	25.5
1.176	25.5
1.177	25.5
1.178	25.5
1.179	25.5
1.18	25.5
1.181	25.5
1.182	25.5
1.183	25.5
1.184	25.5
1.185	25.5
1.186	25.5
1.187	25.5
1.188	25.5
1.189	25.5
1.19	25.5
1.191	25.5
1.192	25.5
1.193	25.5
1.194	25.5
1.195	25.5
1.196	25.5
1.197	25.5
1.198	25.5
1.199	25.5
1.2	25.5
1.201	25.5
1.202	25.5
1.203	25.5
1.204	25.5
1.205	25.5
1.206	25.5
1.207	25.5
1.208	25.5
1.209	25.5
1.21	25.5
1.211	25.5
1.212	25.5
1.213	25.5
1.214	25.5
1.215	25.5
1.216	25.5
1.217	25.5
1.218	25.5
1.219	25.5
1.22	25.5
1.221	25.5
1.222	25.5
1.223	25.5
1.224	25.5
1.225	25.5
1.226	25.5
1.227	25.5
1.228	25.5
1.229	25.5
1.23	25.5
1.231	25.5
1.232	25.5
1.233	25.5
1.234	25.5
1.235	25.5
1.236	25.5
1.237	25.5
1.238	25.5
1.239	25.5
1.24	25.5
1.241	25.5
1.242	25.5
1.243	25.5
1.244	25.5
1.245	25.5
1.246	25.5
1.247	25.5
1.248	25.5
1.249	25.5
1.25	25.5
1.251	25.5
1.252	25.5
1.253	25.5
1.254	25.5
1.255	25.5
1.256	25.5
1.257	25.5
1.258	25.5
1.259	25.5
1.26	25.5
1.261	25.5
1.262	25.5
1.263	25.5
1.264	25.5
1.265	25.5
1.266	25.5
1.267	25.5
1.268	25.5
1.269	25.5
1.27	25.5
1.271	25.5
1.272	25.5
1.273	25.5
1.274	25.5
1.275	25.5
1.276	25.5
1.277	25.5
1.278	25.5
1.279	25.5
1.28	25.5
1.281	25.5
1.282	25.5
1.283	25.5
1.284	25.5
1.285	25.5
1.286	25.5
1.287	25.5
1.288	25.5
1.289	25.5
1.29	25.5
1.291	25.5
1.292	25.5
1.293	25.5
1.294	25.5
1.295	25.5
1.296	25.5
1.297	25.5
1.298	25.5
1.299	25.5
1.3	25.5
1.301	25.5
1.302	25.5
1.303	25.5
1.304	25.5
1.305	25.5
1.306	25.5
1.307	25.5
1.308	25.5
1.309	25.5
1.31	25.5
1.311	25.5
1.312	25.5
1.313	25.5
1.314	25.5
1.315	25.5
1.316	25.5
1.317	25.5
1.318	25.5
1.319	25.5
1.32	25.5
1.321	25.5
1.322	25.5
1.323	25.5
1.324	25.5
1.325	25.5
1.326	25.5
1.327	25.5
1.328	25.5
1.329	25.5
1.33	25.5
1.331	25.5
1.332	25.5
1.333	25.5
1.334	25.5
1.335	25.5
1.336	25.5
1.337	25.5
1.338	25.5
1.339	25.5
1.34	25.5
1.341	25.5
1.342	25.5
1.343	25.5
1.344	25.5
1.345	25.5
1.346	25.5
1.347	25.5
1.348	25.5
1.349	25.5
1.35	25.5
1.351	25.5
1.352	25.5
1.353	25.5
1.354	25.5
1.355	25.5
1.356	25.5
1.357	25.5
1.358	25.5
1.359	25.5
1.36	25.5
1.361	25.5
1.362	25.5
1.363	25.5
1.364	25.5
1.365	25.5
1.366	25.5
1.367	25.5
1.368	25.5
1.369	25.5
1.37	25.5
1.371	25.5
1.372	25.5
1.373	25.5
1.374	25.5
1.375	25.5
1.376	25.5
1.377	25.5
1.378	25.5
1.379	25.5
1.38	25.5
1.381	25.5
1.382	25.5
1.383	25.5
1.384	25.5
1.385	25.5
1.386	25.5
1.387	25.5
1.388	25.5
1.389	25.5
1.39	25.5
1.391	25.5
1.392	25.5
1.393	25.5
1.394	25.5
1.395	25.5
1.396	25.5
1.397	25.5
1.398	25.5
1.399	25.5
1.4	25.5
1.401	25.5
1.402	25.5
1.403	25.5
1.404	25.5
1.405	25.5
1.406	25.5
1.407	25.5
1.408	25.5
1.409	25.5
1.41	25.5
1.411	25.5
1.412	25.5
1.413	25.5
1.414	25.5
1.415	25.5
1.416	25.5
1.417	25.5
1.418	25.5
1.419	25.5
1.42	25.5
1.421	25.5
1.422	25.5
1.423	25.5
1.424	25.5
1.425	25.5
1.426	25.5
1.427	25.5
1.428	25.5
1.429	25.5
1.43	25.5
1.431	25.5
1.432	25.5
1.433	25.5
1.434	25.5
1.435	25.5
1.436	25.5
1.437	25.5
1.438	25.5
1.439	25.5
1.44	25.5
1.441	25.5
1.442	25.5
1.443	25.5
1.444	25.5
1.445	25.5
1.446	25.5
1.447	25.5
1.448	25.5
1.449	25.5
1.45	25.5
1.451	25.5
1.452	25.5
1.453	25.5
1.454	25.5
1.455	25.5
1.456	25.5
1.457	25.5
1.458	25.5
1.459	25.5
1.46	25.5
1.461	25.5
1.462	25.5
1.463	25.5
1.464	25.5
1.465	25.5
1.466	25.5
1.467	25.5
1.468	25.5
1.469	25.5
1.47	25.5
1.471	25.5
1.472	25.5
1.473	25.5
1.474	25.5
1.475	25.5
1.476	25.5
1.477	25.5
1.478	25.5
1.479	25.5
1.48	25.5
1.481	25.5
1.482	25.5
1.483	25.5
1.484	25.5
1.485	25.5
1.486	25.5
1.487	25.5
1.488	25.5
1.489	25.5
1.49	25.5
1.491	25.5
1.492	25.5
1.493	25.5
1.494	25.5
1.495	25.5
1.496	25.5
1.497	25.5
1.498	25.5
1.499	25.5
1.5	25.5
1.501	25.5
1.502	25.5
1.503	25.5
1.504	25.5
1.505	25.5
1.506	25.5
1.507	25.5
1.508	25.5
1.509	25.5
1.51	25.5
1.511	25.5
1.512	25.5
1.513	25.5
1.514	25.5
1.515	25.5
1.516	25.5
1.517	25.5
1.518	25.5
1.519	25.5
1.52	25.5
1.521	25.5
1.522	25.5
1.523	25.5
1.524	25.5
1.525	25.5
1.526	25.5
1.527	25.5
1.528	25.5
1.529	25.5
1.53	25.5
1.531	25.5
1.532	25.5
1.533	25.5
1.534	25.5
1.535	25.5
1.536	25.5
1.537	25.5
1.538	25.5
1.539	25.5
1.54	25.5
1.541	25.5
1.542	25.5
1.543	25.5
1.544	25.5
1.545	25.5
1.546	25.5
1.547	25.5
1.548	25.5
1.549	25.5
1.55	25.5
1.551	25.5
1.552	25.5
1.553	25.5
1.554	25.5
1.555	25.5
1.556	25.5
1.557	25.5
1.558	25.5
1.559	25.5
1.56	25.5
1.561	25.5
1.562	25.5
1.563	25.5
1.564	25.5
1.565	25.5
1.566	25.5
1.567	25.5
1.568	25.5
1.569	25.5
1.57	25.5
1.571	25.5
1.572	25.5
1.573	25.5
1.574	25.5
1.575	25.5
1.576	25.5
1.577	25.5
1.578	25.5
1.579	25.5
1.58	25.5
1.581	25.5
1.582	25.5
1.583	25.5
1.584	25.5
1.585	25.5
1.586	25.5
1.587	25.5
1.588	25.5
1.589	25.5
1.59	25.5
1.591	25.5
1.592	25.5
1.593	25.5
1.594	25.5
1.595	25.5
1.596	25.5
1.597	25.5
1.598	25.5
1.599	25.5
1.6	25.5
1.601	25.5
1.602	25.5
1.603	25.5
1.604	25.5
1.605	25.5
1.606	25.5
1.607	25.5
1.608	25.5
1.609	25.5
1.61	25.5
1.611	25.5
1.612	25.5
1.613	25.5
1.614	25.5
1.615	25.5
1.616	25.5
1.617	25.5
1.618	25.5
1.619	25.5
1.62	25.5
1.621	25.5
1.622	25.5
1.623	25.5
1.624	25.5
1.625	25.5
1.626	25.5
1.627	25.5
1.628	25.5
1.629	25.5
1.63	25.5
1.631	25.5
1.632	25.5
1.633	25.5
1.634	25.5
1.635	25.5
1.636	25.5
1.637	25.5
1.638	25.5
1.639	25.5
1.64	25.5
1.641	25.5
1.642	25.5
1.643	25.5
1.644	25.5
1.645	25.5
1.646	25.5
1.647	25.5
1.648	25.5
1.649	25.5
1.65	25.5
1.651	25.5
1.652	25.5
1.653	25.5
1.654	25.5
1.655	25.5
1.656	25.5
1.657	25.5
1.658	25.5
1.659	25.5
1.66	25.5
1.661	25.5
1.662	25.5
1.663	25.5
1.664	25.5
1.665	25.5
1.666	25.5
1.667	25.5
1.668	25.5
1.669	25.5
1.67	25.5
1.671	25.5
1.672	25.5
1.673	25.5
1.674	25.5
1.675	25.5
1.676	25.5
1.677	25.5
1.678	25.5
1.679	25.5
1.68	25.5
1.681	25.5
1.682	25.5
1.683	25.5
1.684	25.5
1.685	25.5
1.686	25.5
1.687	25.5
1.688	25.5
1.689	25.5
1.69	25.5
1.691	25.5
1.692	25.5
1.693	25.5
1.694	25.5
1.695	25.5
1.696	25.5
1.697	25.5
1.698	25.5
1.699	25.5
1.7	25.5
1.701	25.5
1.702	25.5
1.703	25.5
1.704	25.5
1.705	25.5
1.706	25.5
1.707	25.5
1.708	25.5
1.709	25.5
1.71	25.5
1.711	25.5
1.712	25.5
1.713	25.5
1.714	25.5
1.715	25.5
1.716	25.5
1.717	25.5
1.718	25.5
1.719	25.5
1.72	25.5
1.721	25.5
1.722	25.5
1.723	25.5
1.724	25.5
1.725	25.5
1.726	25.5
1.727	25.5
1.728	25.5
1.729	25.5
1.73	25.5
1.731	25.5
1.732	25.5
1.733	25.5
1.734	25.5
1.735	25.5
1.736	25.5
1.737	25.5
1.738	25.5
1.739	25.5
1.74	25.5
1.741	25.5
1.742	25.5
1.743	25.5
1.744	25.5
1.745	25.5
1.746	25.5
1.747	25.5
1.748	25.5
1.749	25.5
1.75	25.5
1.751	25.5
1.752	25.5
1.753	25.5
1.754	25.5
1.755	25.5
1.756	25.5
1.757	25.5
1.758	25.5
1.759	25.5
1.76	25.5
1.761	25.5
1.762	25.5
1.763	25.5
1.764	25.5
1.765	25.5
1.766	25.5
1.767	25.5
1.768	25.5
1.769	25.5
1.77	25.5
1.771	25.5
1.772	25.5
1.773	25.5
1.774	25.5
1.775	25.5
1.776	25.5
1.777	25.5
1.778	25.5
1.779	25.5
1.78	25.5
1.781	25.5
1.782	25.5
1.783	25.5
1.784	25.5
1.785	25.5
1.786	25.5
1.787	25.5
1.788	25.5
1.789	25.5
1.79	25.5
1.791	25.5
1.792	25.5
1.793	25.5
1.794	25.5
1.795	25.5
1.796	25.5
1.797	25.5
1.798	25.5
1.799	25.5
1.8	25.5
1.801	25.5
1.802	25.5
1.803	25.5
1.804	25.5
1.805	25.5
1.806	25.5
1.807	25.5
1.808	25.5
1.809	25.5
1.81	25.5
1.811	25.5
1.812	25.5
1.813	25.5
1.814	25.5
1.815	25.5
1.816	25.5
1.817	25.5
1.818	25.5
1.819	25.5
1.82	25.5
1.821	25.5
1.822	25.5
1.823	25.5
1.824	25.5
1.825	25.5
1.826	25.5
1.827	25.5
1.828	25.5
1.829	25.5
1.83	25.5
1.831	25.5
1.832	25.5
1.833	25.5
1.834	25.5
1.835	25.5
1.836	25.5
1.837	25.5
1.838	25.5
1.839	25.5
1.84	25.5
1.841	25.5
1.842	25.5
1.843	25.5
1.844	25.5
1.845	25.5
1.846	25.5
1.847	25.5
1.848	25.5
1.849	25.5
1.85	25.5
1.851	25.5
1.852	25.5
1.853	25.5
1.854	25.5
1.855	25.5
1.856	25.5
1.857	25.5
1.858	25.5
1.859	25.5
1.86	25.5
1.861	25.5
1.862	25.5
1.863	25.5
1.864	25.5
1.865	25.5
1.866	25.5
1.867	25.5
1.868	25.5
1.869	25.5
1.87	25.5
1.871	25.5
1.872	25.5
1.873	25.5
1.874	25.5
1.875	25.5
1.876	25.5
1.877	25.5
1.878	25.5
1.879	25.5
1.88	25.5
1.881	25.5
1.882	25.5
1.883	25.5
1.884	25.5
1.885	25.5
1.886	25.5
1.887	25.5
1.888	25.5
1.889	25.5
1.89	25.5
1.891	25.5
1.892	25.5
1.893	25.5
1.894	25.5
1.895	25.5
1.896	25.5
1.897	25.5
1.898	25.5
1.899	25.5
1.9	25.5
1.901	25.5
1.902	25.5
1.903	25.5
1.904	25.5
1.905	25.5
1.906	25.5
1.907	25.5
1.908	25.5
1.909	25.5
1.91	25.5
1.911	25.5
1.912	25.5
1.913	25.5
1.914	25.5
1.915	25.5
1.916	25.5
1.917	25.5
1.918	25.5
1.919	25.5
1.92	25.5
1.921	25.5
1.922	25.5
1.923	25.5
1.924	25.5
1.925	25.5
1.926	25.5
1.927	25.5
1.928	25.5
1.929	25.5
1.93	25.5
1.931	25.5
1.932	25.5
1.933	25.5
1.934	25.5
1.935	25.5
1.936	25.5
1.937	25.5
1.938	25.5
1.939	25.5
1.94	25.5
1.941	25.5
1.942	25.5
1.943	25.5
1.944	25.5
1.945	25.5
1.946	25.5
1.947	25.5
1.948	25.5
1.949	25.5
1.95	25.5
1.951	25.5
1.952	25.5
1.953	25.5
1.954	25.5
1.955	25.5
1.956	25.5
1.957	25.5
1.958	25.5
1.959	25.5
1.96	25.5
1.961	25.5
1.962	25.5
1.963	25.5
1.964	25.5
1.965	25.5
1.966	25.5
1.967	25.5
1.968	25.5
1.969	25.5
1.97	25.5
1.971	25.5
1.972	25.5
1.973	25.5
1.974	25.5
1.975	25.5
1.976	25.5
1.977	25.5
1.978	25.5
1.979	25.5
1.98	25.5
1.981	25.5
1.982	25.5
1.983	25.5
1.984	25.5
1.985	25.5
1.986	25.5
1.987	25.5
1.988	25.5
1.989	25.5
1.99	25.5
1.991	25.5
1.992	25.5
1.993	25.5
1.994	25.5
1.995	25.5
1.996	25.5
1.997	25.5
1.998	25.5
1.999	25.5
2.0	25.5
