-3.385	46.182539682539684
-3.384	46.182539682539684
-3.383	46.182539682539684
-3.382	46.182539682539684
-3.381	46.182539682539684
-3.38	46.182539682539684
-3.379	46.182539682539684
-3.378	46.182539682539684
-3.377	35.0
-3.376	35.0
-3.375	35.0
-3.374	35.0
-3.373	35.0
-3.372	35.0
-3.371	35.0
-3.37	35.0
-3.369	35.0
-3.368	35.0
-3.367	35.0
-3.366	35.0
-3.365	35.0
-3.364	35.0
-3.363	35.0
-3.362	35.0
-3.361	35.0
-3.36	35.0
-3.359	35.0
-3.358	35.0
-3.357	35.0
-3.356	35.0
-3.355	35.0
-3.354	35.0
-3.353	35.0
-3.352	35.0
-3.351	35.0
-3.35	35.0
-3.349	35.0
-3.348	35.0
-3.347	35.0
-3.346	35.0
-3.345	35.0
-3.344	35.0
-3.343	35.0
-3.342	35.0
-3.341	35.0
-3.34	35.0
-3.339	35.0
-3.338	35.0
-3.337	35.0
-3.336	35.0
-3.335	35.0
-3.334	35.0
-3.333	35.0
-3.332	35.0
-3.331	35.0
-3.33	35.0
-3.329	35.0
-3.328	35.0
-3.327	35.0
-3.326	35.0
-3.325	35.0
-3.324	35.0
-3.323	35.0
-3.322	35.0
-3.321	35.0
-3.32	35.0
-3.319	35.0
-3.318	35.0
-3.317	35.0
-3.316	35.0
-3.315	35.0
-3.314	35.0
-3.313	35.0
-3.312	35.0
-3.311	35.0
-3.31	35.0
-3.309	35.0
-3.308	35.0
-3.307	35.0
-3.306	35.0
-3.305	35.0
-3.304	35.0
-3.303	35.0
-3.302	35.0
-3.301	35.0
-3.3	35.0
-3.299	35.0
-3.298	35.0
-3.297	35.0
-3.296	35.0
-3.295	35.0
-3.294	35.0
-3.293	35.0
-3.292	35.0
-3.291	35.0
-3.29	35.0
-3.289	35.0
-3.288	35.0
-3.287	35.0
-3.286	35.0
-3.285	35.0
-3.284	35.0
-3.283	35.0
-3.282	35.0
-3.281	35.0
-3.28	35.0
-3.279	35.0
-3.278	35.0
-3.277	35.0
-3.276	35.0
-3.275	35.0
-3.274	35.0
-3.273	35.0
-3.272	35.0
-3.271	35.0
-3.27	35.0
-3.269	35.0
-3.268	35.0
-3.267	35.0
-3.266	35.0
-3.265	35.0
-3.264	35.0
-3.263	35.0
-3.262	35.0
-3.261	35.0
-3.26	35.0
-3.259	35.0
-3.258	35.0
-3.257	35.0
-3.256	35.0
-3.255	35.0
-3.254	35.0
-3.253	35.0
-3.252	35.0
-3.251	35.0
-3.25	35.0
-3.249	35.0
-3.248	35.0
-3.247	35.0
-3.246	35.0
-3.245	35.0
-3.244	35.0
-3.243	35.0
-3.242	35.0
-3.241	35.0
-3.24	35.0
-3.239	35.0
-3.238	35.0
-3.237	35.0
-3.236	35.0
-3.235	35.0
-3.234	35.0
-3.233	35.0
-3.232	35.0
-3.231	35.0
-3.23	35.0
-3.229	35.0
-3.228	35.0
-3.227	35.0
-3.226	35.0
-3.225	35.0
-3.224	35.0
-3.223	35.0
-3.222	35.0
-3.221	35.0
-3.22	35.0
-3.219	35.0
-3.218	35.0
-3.217	35.0
-3.216	35.0
-3.215	35.0
-3.214	35.0
-3.213	35.0
-3.212	35.0
-3.211	35.0
-3.21	35.0
-3.209	35.0
-3.208	35.0
-3.207	35.0
-3.206	35.0
-3.205	35.0
-3.204	35.0
-3.203	35.0
-3.202	35.0
-3.201	35.0
-3.2	35.0
-3.199	35.0
-3.198	35.0
-3.197	35.0
-3.196	35.0
-3.195	35.0
-3.194	35.0
-3.193	35.0
-3.192	35.0
-3.191	35.0
-3.19	35.0
-3.189	35.0
-3.188	35.0
-3.187	35.0
-3.186	35.0
-3.185	35.0
-3.184	35.0
-3.183	35.0
-3.182	35.0
-3.181	35.0
-3.18	35.0
-3.179	35.0
-3.178	35.0
-3.177	35.0
-3.176	35.0
-3.175	35.0
-3.174	35.0
-3.173	35.0
-3.172	35.0
-3.171	35.0
-3.17	35.0
-3.169	35.0
-3.168	35.0
-3.167	35.0
-3.166	35.0
-3.165	35.0
-3.164	35.0
-3.163	35.0
-3.162	35.0
-3.161	35.0
-3.16	35.0
-3.159	35.0
-3.158	35.0
-3.157	35.0
-3.156	35.0
-3.155	35.0
-3.154	35.0
-3.153	35.0
-3.152	35.0
-3.151	35.0
-3.15	35.0
-3.149	35.0
-3.148	35.0
-3.147	35.0
-3.146	35.0
-3.145	35.0
-3.144	35.0
-3.143	35.0
-3.142	35.0
-3.141	35.0
-3.14	35.0
-3.139	35.0
-3.138	35.0
-3.137	35.0
-3.136	35.0
-3.135	35.0
-3.134	35.0
-3.133	35.0
-3.132	35.0
-3.131	35.0
-3.13	35.0
-3.129	35.0
-3.128	35.0
-3.127	35.0
-3.126	35.0
-3.125	35.0
-3.124	35.0
-3.123	35.0
-3.122	35.0
-3.121	35.0
-3.12	35.0
-3.119	35.0
-3.118	35.0
-3.117	35.0
-3.116	35.0
-3.115	35.0
-3.114	35.0
-3.113	35.0
-3.112	35.0
-3.111	35.0
-3.11	35.0
-3.109	35.0
-3.108	35.0
-3.107	35.0
-3.106	35.0
-3.105	35.0
-3.104	35.0
-3.103	35.0
-3.102	35.0
-3.101	35.0
-3.1	35.0
-3.099	35.0
-3.098	35.0
-3.097	35.0
-3.096	35.0
-3.095	35.0
-3.094	35.0
-3.093	35.0
-3.092	35.0
-3.091	35.0
-3.09	35.0
-3.089	35.0
-3.088	35.0
-3.087	35.0
-3.086	35.0
-3.085	35.0
-3.084	35.0
-3.083	35.0
-3.082	35.0
-3.081	35.0
-3.08	35.0
-3.079	35.0
-3.078	35.0
-3.077	35.0
-3.076	35.0
-3.075	35.0
-3.074	35.0
-3.073	35.0
-3.072	35.0
-3.071	35.0
-3.07	35.0
-3.069	35.0
-3.068	35.0
-3.067	35.0
-3.066	35.0
-3.065	35.0
-3.064	35.0
-3.063	35.0
-3.062	35.0
-3.061	35.0
-3.06	35.0
-3.059	35.0
-3.058	35.0
-3.057	35.0
-3.056	35.0
-3.055	35.0
-3.054	35.0
-3.053	35.0
-3.052	35.0
-3.051	35.0
-3.05	35.0
-3.049	35.0
-3.048	35.0
-3.047	35.0
-3.046	35.0
-3.045	35.0
-3.044	35.0
-3.043	35.0
-3.042	35.0
-3.041	35.0
-3.04	35.0
-3.039	35.0
-3.038	35.0
-3.037	35.0
-3.036	35.0
-3.035	35.0
-3.034	35.0
-3.033	35.0
-3.032	35.0
-3.031	35.0
-3.03	35.0
-3.029	35.0
-3.028	35.0
-3.027	35.0
-3.026	35.0
-3.025	35.0
-3.024	35.0
-3.023	35.0
-3.022	35.0
-3.021	35.0
-3.02	35.0
-3.019	35.0
-3.018	35.0
-3.017	35.0
-3.016	35.0
-3.015	35.0
-3.014	35.0
-3.013	35.0
-3.012	35.0
-3.011	35.0
-3.01	35.0
-3.009	35.0
-3.008	35.0
-3.007	35.0
-3.006	35.0
-3.005	35.0
-3.004	35.0
-3.003	35.0
-3.002	35.0
-3.001	35.0
-3.0	35.0
-2.999	35.0
-2.998	35.0
-2.997	35.0
-2.996	35.0
-2.995	35.0
-2.994	35.0
-2.993	35.0
-2.992	35.0
-2.991	35.0
-2.99	35.0
-2.989	35.0
-2.988	35.0
-2.987	35.0
-2.986	35.0
-2.985	35.0
-2.984	35.0
-2.983	35.0
-2.982	35.0
-2.981	35.0
-2.98	35.0
-2.979	35.0
-2.978	35.0
-2.977	35.0
-2.976	35.0
-2.975	35.0
-2.974	35.0
-2.973	35.0
-2.972	35.0
-2.971	35.0
-2.97	35.0
-2.969	35.0
-2.968	35.0
-2.967	35.0
-2.966	35.0
-2.965	35.0
-2.964	35.0
-2.963	35.0
-2.962	35.0
-2.961	35.0
-2.96	35.0
-2.959	35.0
-2.958	35.0
-2.957	35.0
-2.956	35.0
-2.955	35.0
-2.954	35.0
-2.953	35.0
-2.952	35.0
-2.951	35.0
-2.95	35.0
-2.949	35.0
-2.948	35.0
-2.947	35.0
-2.946	35.0
-2.945	35.0
-2.944	35.0
-2.943	35.0
-2.942	35.0
-2.941	35.0
-2.94	35.0
-2.939	35.0
-2.938	35.0
-2.937	35.0
-2.936	35.0
-2.935	35.0
-2.934	35.0
-2.933	35.0
-2.932	35.0
-2.931	35.0
-2.93	35.0
-2.929	35.0
-2.928	35.0
-2.927	35.0
-2.926	35.0
-2.925	35.0
-2.924	35.0
-2.923	35.0
-2.922	35.0
-2.921	35.0
-2.92	35.0
-2.919	35.0
-2.918	35.0
-2.917	35.0
-2.916	35.0
-2.915	35.0
-2.914	35.0
-2.913	35.0
-2.912	35.0
-2.911	35.0
-2.91	35.0
-2.909	35.0
-2.908	35.0
-2.907	35.0
-2.906	35.0
-2.905	35.0
-2.904	35.0
-2.903	35.0
-2.902	35.0
-2.901	35.0
-2.9	35.0
-2.899	35.0
-2.898	35.0
-2.897	35.0
-2.896	35.0
-2.895	35.0
-2.894	35.0
-2.893	35.0
-2.892	35.0
-2.891	35.0
-2.89	35.0
-2.889	35.0
-2.888	35.0
-2.887	35.0
-2.886	35.0
-2.885	26.25
-2.884	26.25
-2.883	26.25
-2.882	26.25
-2.881	26.25
-2.88	26.25
-2.879	26.25
-2.878	26.25
-2.877	26.25
-2.876	26.25
-2.875	26.25
-2.874	26.25
-2.873	26.25
-2.872	26.25
-2.871	26.25
-2.87	26.25
-2.869	26.25
-2.868	26.25
-2.867	26.25
-2.866	26.25
-2.865	26.25
-2.864	26.25
-2.863	26.25
-2.862	26.25
-2.861	26.25
-2.86	26.25
-2.859	26.25
-2.858	26.25
-2.857	26.25
-2.856	26.25
-2.855	26.25
-2.854	26.25
-2.853	26.25
-2.852	26.25
-2.851	26.25
-2.85	26.25
-2.849	26.25
-2.848	26.25
-2.847	26.25
-2.846	26.25
-2.845	26.25
-2.844	26.25
-2.843	26.25
-2.842	26.25
-2.841	26.25
-2.84	26.25
-2.839	26.25
-2.838	26.25
-2.837	26.25
-2.836	26.25
-2.835	26.25
-2.834	26.25
-2.833	26.25
-2.832	26.25
-2.831	26.25
-2.83	26.25
-2.829	26.25
-2.828	26.25
-2.827	26.25
-2.826	13.955696202531646
-2.825	13.955696202531646
-2.824	13.955696202531646
-2.823	13.955696202531646
-2.822	13.955696202531646
-2.821	13.955696202531646
-2.82	13.955696202531646
-2.819	13.955696202531646
-2.818	13.955696202531646
-2.817	13.955696202531646
-2.816	13.955696202531646
-2.815	13.955696202531646
-2.814	13.955696202531646
-2.813	13.955696202531646
-2.812	13.955696202531646
-2.811	13.955696202531646
-2.81	13.955696202531646
-2.809	13.955696202531646
-2.808	13.955696202531646
-2.807	13.955696202531646
-2.806	0.15822784810126583
-2.805	0.15822784810126583
-2.804	0.15822784810126583
-2.803	0.15822784810126583
-2.802	0.15822784810126583
-2.801	0.15822784810126583
-2.8	0.15822784810126583
-2.799	0.15822784810126583
-2.798	0.15822784810126583
-2.797	0.15822784810126583
-2.796	0.15822784810126583
-2.795	0.15822784810126583
-2.794	0.15822784810126583
-2.793	0.15822784810126583
-2.792	0.15822784810126583
-2.791	0.15822784810126583
-2.79	0.15822784810126583
-2.789	0.15822784810126583
-2.788	0.15822784810126583
-2.787	0.15822784810126583
-2.786	0.15822784810126583
-2.785	0.15822784810126583
-2.784	0.15822784810126583
-2.783	0.15822784810126583
-2.782	0.15822784810126583
-2.781	0.15822784810126583
-2.78	0.15822784810126583
-2.779	0.15822784810126583
-2.778	0.15822784810126583
-2.777	0.15822784810126583
-2.776	0.15822784810126583
-2.775	0.15822784810126583
-2.774	0.15822784810126583
-2.773	0.15822784810126583
-2.772	0.15822784810126583
-2.771	0.15822784810126583
-2.77	0.15822784810126583
-2.769	0.15822784810126583
-2.768	0.15822784810126583
-2.767	0.15822784810126583
-2.766	0.15822784810126583
-2.765	0.15822784810126583
-2.764	0.15822784810126583
-2.763	0.15822784810126583
-2.762	0.15822784810126583
-2.761	0.15822784810126583
-2.76	0.15822784810126583
-2.759	0.15822784810126583
-2.758	0.15822784810126583
-2.757	0.15822784810126583
-2.756	0.15822784810126583
-2.755	0.15822784810126583
-2.754	0.15822784810126583
-2.753	0.15822784810126583
-2.752	0.15822784810126583
-2.751	0.15822784810126583
-2.75	0.15822784810126583
-2.749	0.15822784810126583
-2.748	0.15822784810126583
-2.747	0.15822784810126583
-2.746	0.15822784810126583
-2.745	0.15822784810126583
-2.744	0.15822784810126583
-2.743	0.15822784810126583
-2.742	0.15822784810126583
-2.741	0.15822784810126583
-2.74	0.15822784810126583
-2.739	0.15822784810126583
-2.738	0.15822784810126583
-2.737	0.15822784810126583
-2.736	0.15822784810126583
-2.735	0.15822784810126583
-2.734	0.15822784810126583
-2.733	0.15822784810126583
-2.732	0.15822784810126583
-2.731	0.15822784810126583
-2.73	0.15822784810126583
-2.729	0.15822784810126583
-2.728	0.15822784810126583
-2.727	0.15822784810126583
-2.726	0.15822784810126583
-2.725	0.13550135501355012
-2.724	0.13550135501355012
-2.723	0.13550135501355012
-2.722	0.13550135501355012
-2.721	0.13550135501355012
-2.72	0.13550135501355012
-2.719	0.13550135501355012
-2.718	0.13550135501355012
-2.717	0.13550135501355012
-2.716	0.13550135501355012
-2.715	0.13550135501355012
-2.714	0.13550135501355012
-2.713	0.13550135501355012
-2.712	0.13550135501355012
-2.711	0.13550135501355012
-2.71	0.13550135501355012
-2.709	0.13550135501355012
-2.708	0.13550135501355012
-2.707	0.13550135501355012
-2.706	0.13550135501355012
-2.705	0.13550135501355012
-2.704	0.13550135501355012
-2.703	0.13550135501355012
-2.702	0.13550135501355012
-2.701	0.13550135501355012
-2.7	0.13550135501355012
-2.699	0.13550135501355012
-2.698	0.13550135501355012
-2.697	0.13550135501355012
-2.696	0.13550135501355012
-2.695	0.13550135501355012
-2.694	0.13550135501355012
-2.693	0.13550135501355012
-2.692	0.13550135501355012
-2.691	0.13550135501355012
-2.69	0.13550135501355012
-2.689	0.13550135501355012
-2.688	0.13550135501355012
-2.687	0.13550135501355012
-2.686	0.13550135501355012
-2.685	6.265582655826559
-2.684	6.265582655826559
-2.683	6.265582655826559
-2.682	6.265582655826559
-2.681	6.265582655826559
-2.68	4.2682926829268295
-2.679	11.771739130434783
-2.678	11.771739130434783
-2.677	7.520833333333333
-2.676	7.520833333333333
-2.675	7.520833333333333
-2.674	7.520833333333333
-2.673	7.520833333333333
-2.672	7.520833333333333
-2.671	7.520833333333333
-2.67	7.520833333333333
-2.669	7.520833333333333
-2.668	7.520833333333333
-2.667	7.520833333333333
-2.666	7.520833333333333
-2.665	7.520833333333333
-2.664	7.520833333333333
-2.663	7.520833333333333
-2.662	7.520833333333333
-2.661	7.520833333333333
-2.66	7.520833333333333
-2.659	7.520833333333333
-2.658	7.520833333333333
-2.657	7.520833333333333
-2.656	7.520833333333333
-2.655	7.520833333333333
-2.654	7.520833333333333
-2.653	7.520833333333333
-2.652	7.520833333333333
-2.651	7.520833333333333
-2.65	7.520833333333333
-2.649	7.520833333333333
-2.648	7.520833333333333
-2.647	7.520833333333333
-2.646	7.520833333333333
-2.645	7.520833333333333
-2.644	7.520833333333333
-2.643	7.520833333333333
-2.642	7.520833333333333
-2.641	2.3472222222222223
-2.64	2.3472222222222223
-2.639	2.3472222222222223
-2.638	2.3472222222222223
-2.637	2.3472222222222223
-2.636	2.3472222222222223
-2.635	2.3472222222222223
-2.634	2.3472222222222223
-2.633	2.3472222222222223
-2.632	2.082135523613963
-2.631	2.082135523613963
-2.63	2.082135523613963
-2.629	2.082135523613963
-2.628	2.082135523613963
-2.627	2.082135523613963
-2.626	2.082135523613963
-2.625	2.082135523613963
-2.624	2.082135523613963
-2.623	2.082135523613963
-2.622	2.082135523613963
-2.621	2.082135523613963
-2.62	2.082135523613963
-2.619	2.082135523613963
-2.618	2.082135523613963
-2.617	2.082135523613963
-2.616	2.082135523613963
-2.615	2.082135523613963
-2.614	2.082135523613963
-2.613	2.082135523613963
-2.612	2.082135523613963
-2.611	2.082135523613963
-2.61	2.082135523613963
-2.609	2.082135523613963
-2.608	2.082135523613963
-2.607	2.082135523613963
-2.606	2.082135523613963
-2.605	2.082135523613963
-2.604	2.082135523613963
-2.603	2.082135523613963
-2.602	2.082135523613963
-2.601	2.082135523613963
-2.6	2.082135523613963
-2.599	2.082135523613963
-2.598	2.082135523613963
-2.597	2.082135523613963
-2.596	2.082135523613963
-2.595	2.082135523613963
-2.594	2.082135523613963
-2.593	2.082135523613963
-2.592	2.082135523613963
-2.591	2.082135523613963
-2.59	2.082135523613963
-2.589	2.082135523613963
-2.588	2.082135523613963
-2.587	2.082135523613963
-2.586	2.082135523613963
-2.585	2.082135523613963
-2.584	2.082135523613963
-2.583	2.082135523613963
-2.582	2.082135523613963
-2.581	2.082135523613963
-2.58	2.082135523613963
-2.579	2.082135523613963
-2.578	2.082135523613963
-2.577	2.082135523613963
-2.576	2.082135523613963
-2.575	2.082135523613963
-2.574	2.082135523613963
-2.573	2.082135523613963
-2.572	2.082135523613963
-2.571	2.082135523613963
-2.57	2.082135523613963
-2.569	2.082135523613963
-2.568	2.082135523613963
-2.567	2.082135523613963
-2.566	2.082135523613963
-2.565	2.082135523613963
-2.564	2.082135523613963
-2.563	9.38888888888889
-2.562	9.38888888888889
-2.561	9.38888888888889
-2.56	9.38888888888889
-2.559	9.38888888888889
-2.558	9.38888888888889
-2.557	9.38888888888889
-2.556	9.38888888888889
-2.555	9.38888888888889
-2.554	9.38888888888889
-2.553	9.38888888888889
-2.552	9.38888888888889
-2.551	9.38888888888889
-2.55	9.38888888888889
-2.549	9.38888888888889
-2.548	9.38888888888889
-2.547	9.38888888888889
-2.546	9.38888888888889
-2.545	9.38888888888889
-2.544	9.38888888888889
-2.543	9.38888888888889
-2.542	9.38888888888889
-2.541	5.601851851851852
-2.54	5.601851851851852
-2.539	5.601851851851852
-2.538	5.601851851851852
-2.537	5.601851851851852
-2.536	5.601851851851852
-2.535	5.601851851851852
-2.534	5.601851851851852
-2.533	5.601851851851852
-2.532	5.601851851851852
-2.531	5.601851851851852
-2.53	5.601851851851852
-2.529	5.601851851851852
-2.528	5.601851851851852
-2.527	5.601851851851852
-2.526	5.601851851851852
-2.525	5.601851851851852
-2.524	5.601851851851852
-2.523	5.601851851851852
-2.522	5.601851851851852
-2.521	5.601851851851852
-2.52	5.601851851851852
-2.519	5.601851851851852
-2.518	5.601851851851852
-2.517	5.601851851851852
-2.516	5.601851851851852
-2.515	5.601851851851852
-2.514	5.601851851851852
-2.513	5.601851851851852
-2.512	5.601851851851852
-2.511	5.601851851851852
-2.51	5.601851851851852
-2.509	5.601851851851852
-2.508	5.601851851851852
-2.507	5.601851851851852
-2.506	5.601851851851852
-2.505	5.601851851851852
-2.504	5.601851851851852
-2.503	5.601851851851852
-2.502	5.601851851851852
-2.501	5.601851851851852
-2.5	5.601851851851852
-2.499	5.601851851851852
-2.498	5.601851851851852
-2.497	5.601851851851852
-2.496	5.601851851851852
-2.495	5.601851851851852
-2.494	5.601851851851852
-2.493	5.601851851851852
-2.492	5.601851851851852
-2.491	5.601851851851852
-2.49	5.601851851851852
-2.489	5.601851851851852
-2.488	5.601851851851852
-2.487	5.601851851851852
-2.486	5.601851851851852
-2.485	5.601851851851852
-2.484	7.469135802469136
-2.483	7.469135802469136
-2.482	7.469135802469136
-2.481	7.469135802469136
-2.48	7.469135802469136
-2.479	7.469135802469136
-2.478	7.469135802469136
-2.477	7.469135802469136
-2.476	7.469135802469136
-2.475	7.469135802469136
-2.474	7.469135802469136
-2.473	7.469135802469136
-2.472	7.469135802469136
-2.471	7.469135802469136
-2.47	7.469135802469136
-2.469	7.469135802469136
-2.468	7.469135802469136
-2.467	7.469135802469136
-2.466	7.469135802469136
-2.465	7.469135802469136
-2.464	7.469135802469136
-2.463	7.469135802469136
-2.462	7.469135802469136
-2.461	7.469135802469136
-2.46	7.469135802469136
-2.459	7.469135802469136
-2.458	7.469135802469136
-2.457	7.469135802469136
-2.456	7.469135802469136
-2.455	7.469135802469136
-2.454	7.469135802469136
-2.453	7.469135802469136
-2.452	7.469135802469136
-2.451	7.469135802469136
-2.45	7.469135802469136
-2.449	7.469135802469136
-2.448	7.469135802469136
-2.447	7.469135802469136
-2.446	7.469135802469136
-2.445	7.469135802469136
-2.444	7.469135802469136
-2.443	7.469135802469136
-2.442	7.469135802469136
-2.441	7.469135802469136
-2.44	7.469135802469136
-2.439	7.469135802469136
-2.438	7.469135802469136
-2.437	7.469135802469136
-2.436	7.469135802469136
-2.435	7.469135802469136
-2.434	7.469135802469136
-2.433	7.469135802469136
-2.432	7.469135802469136
-2.431	7.469135802469136
-2.43	7.469135802469136
-2.429	7.469135802469136
-2.428	7.469135802469136
-2.427	7.469135802469136
-2.426	7.469135802469136
-2.425	7.469135802469136
-2.424	7.469135802469136
-2.423	7.469135802469136
-2.422	7.469135802469136
-2.421	7.469135802469136
-2.42	7.469135802469136
-2.419	7.469135802469136
-2.418	7.469135802469136
-2.417	7.469135802469136
-2.416	7.469135802469136
-2.415	7.469135802469136
-2.414	7.469135802469136
-2.413	7.469135802469136
-2.412	7.469135802469136
-2.411	7.469135802469136
-2.41	7.469135802469136
-2.409	7.469135802469136
-2.408	7.469135802469136
-2.407	7.469135802469136
-2.406	7.469135802469136
-2.405	7.469135802469136
-2.404	7.469135802469136
-2.403	7.469135802469136
-2.402	7.469135802469136
-2.401	7.469135802469136
-2.4	7.469135802469136
-2.399	7.469135802469136
-2.398	7.469135802469136
-2.397	7.469135802469136
-2.396	4.0
-2.395	4.0
-2.394	4.0
-2.393	4.0
-2.392	4.0
-2.391	4.0
-2.39	4.0
-2.389	4.0
-2.388	4.0
-2.387	4.0
-2.386	4.0
-2.385	4.0
-2.384	4.0
-2.383	4.0
-2.382	4.0
-2.381	4.0
-2.38	4.0
-2.379	4.0
-2.378	4.0
-2.377	4.0
-2.376	4.0
-2.375	4.0
-2.374	4.0
-2.373	4.0
-2.372	4.0
-2.371	4.0
-2.37	4.0
-2.369	4.0
-2.368	4.0
-2.367	4.0
-2.366	4.0
-2.365	4.0
-2.364	4.0
-2.363	1.8148148148148149
-2.362	1.8148148148148149
-2.361	1.8148148148148149
-2.36	1.8148148148148149
-2.359	1.8148148148148149
-2.358	1.8148148148148149
-2.357	1.8148148148148149
-2.356	1.8148148148148149
-2.355	0.6447368421052632
-2.354	0.6447368421052632
-2.353	0.6447368421052632
-2.352	0.6447368421052632
-2.351	0.6447368421052632
-2.35	0.6447368421052632
-2.349	0.6447368421052632
-2.348	0.6447368421052632
-2.347	0.6447368421052632
-2.346	0.6447368421052632
-2.345	0.6447368421052632
-2.344	0.6447368421052632
-2.343	0.6447368421052632
-2.342	0.6447368421052632
-2.341	0.6447368421052632
-2.34	0.6447368421052632
-2.339	0.6447368421052632
-2.338	0.6447368421052632
-2.337	0.6447368421052632
-2.336	0.6447368421052632
-2.335	0.6447368421052632
-2.334	0.6447368421052632
-2.333	0.6447368421052632
-2.332	0.6447368421052632
-2.331	0.6447368421052632
-2.33	0.6447368421052632
-2.329	0.6447368421052632
-2.328	0.6447368421052632
-2.327	0.6447368421052632
-2.326	0.6447368421052632
-2.325	0.6447368421052632
-2.324	0.6447368421052632
-2.323	0.6447368421052632
-2.322	0.6447368421052632
-2.321	0.6447368421052632
-2.32	0.6447368421052632
-2.319	0.6447368421052632
-2.318	0.6447368421052632
-2.317	0.6447368421052632
-2.316	0.6447368421052632
-2.315	0.6447368421052632
-2.314	0.6447368421052632
-2.313	0.6447368421052632
-2.312	0.6447368421052632
-2.311	0.6447368421052632
-2.31	0.6447368421052632
-2.309	0.6447368421052632
-2.308	0.6447368421052632
-2.307	0.6447368421052632
-2.306	0.6447368421052632
-2.305	0.6447368421052632
-2.304	0.6447368421052632
-2.303	0.6447368421052632
-2.302	0.6447368421052632
-2.301	0.6447368421052632
-2.3	0.6447368421052632
-2.299	0.6447368421052632
-2.298	0.6447368421052632
-2.297	0.6447368421052632
-2.296	0.6447368421052632
-2.295	0.6447368421052632
-2.294	0.6447368421052632
-2.293	0.6447368421052632
-2.292	0.6447368421052632
-2.291	0.6447368421052632
-2.29	0.6447368421052632
-2.289	0.6447368421052632
-2.288	0.6447368421052632
-2.287	0.6447368421052632
-2.286	0.6447368421052632
-2.285	0.6447368421052632
-2.284	0.6447368421052632
-2.283	0.6447368421052632
-2.282	0.6447368421052632
-2.281	0.6447368421052632
-2.28	0.6447368421052632
-2.279	0.6447368421052632
-2.278	0.6447368421052632
-2.277	0.6447368421052632
-2.276	0.6447368421052632
-2.275	0.6447368421052632
-2.274	0.6447368421052632
-2.273	0.6447368421052632
-2.272	0.6447368421052632
-2.271	0.6447368421052632
-2.27	0.6447368421052632
-2.269	0.6447368421052632
-2.268	0.6447368421052632
-2.267	0.6447368421052632
-2.266	0.6447368421052632
-2.265	0.6447368421052632
-2.264	0.6447368421052632
-2.263	0.75
-2.262	0.75
-2.261	0.75
-2.26	0.75
-2.259	0.75
-2.258	0.75
-2.257	0.75
-2.256	0.75
-2.255	0.75
-2.254	0.75
-2.253	0.75
-2.252	0.75
-2.251	0.75
-2.25	0.75
-2.249	0.75
-2.248	0.75
-2.247	0.75
-2.246	0.75
-2.245	0.75
-2.244	0.75
-2.243	0.75
-2.242	0.75
-2.241	0.75
-2.24	0.75
-2.239	0.75
-2.238	0.75
-2.237	0.75
-2.236	0.75
-2.235	0.75
-2.234	0.75
-2.233	0.75
-2.232	0.75
-2.231	0.75
-2.23	0.75
-2.229	0.75
-2.228	0.75
-2.227	0.75
-2.226	0.75
-2.225	0.75
-2.224	0.75
-2.223	0.75
-2.222	0.75
-2.221	0.75
-2.22	0.75
-2.219	0.75
-2.218	0.75
-2.217	0.75
-2.216	0.75
-2.215	0.75
-2.214	0.75
-2.213	0.75
-2.212	0.75
-2.211	0.75
-2.21	0.75
-2.209	0.75
-2.208	0.75
-2.207	0.75
-2.206	0.75
-2.205	0.75
-2.204	0.75
-2.203	0.75
-2.202	0.75
-2.201	0.75
-2.2	0.75
-2.199	0.75
-2.198	0.75
-2.197	0.75
-2.196	0.75
-2.195	0.75
-2.194	0.75
-2.193	0.75
-2.192	0.75
-2.191	0.75
-2.19	0.75
-2.189	0.75
-2.188	0.75
-2.187	0.75
-2.186	0.75
-2.185	0.75
-2.184	0.75
-2.183	0.75
-2.182	0.75
-2.181	0.75
-2.18	0.75
-2.179	0.75
-2.178	0.75
-2.177	0.75
-2.176	0.75
-2.175	0.75
-2.174	0.75
-2.173	0.75
-2.172	0.75
-2.171	0.75
-2.17	0.75
-2.169	0.75
-2.168	0.75
-2.167	0.75
-2.166	0.75
-2.165	0.75
-2.164	0.75
-2.163	0.75
-2.162	0.75
-2.161	0.75
-2.16	0.75
-2.159	0.75
-2.158	0.75
-2.157	0.75
-2.156	0.75
-2.155	0.75
-2.154	0.75
-2.153	0.75
-2.152	0.75
-2.151	0.75
-2.15	0.75
-2.149	0.75
-2.148	0.75
-2.147	0.75
-2.146	0.75
-2.145	0.75
-2.144	0.75
-2.143	0.75
-2.142	0.75
-2.141	0.75
-2.14	0.75
-2.139	0.75
-2.138	0.75
-2.137	0.75
-2.136	0.75
-2.135	0.75
-2.134	0.75
-2.133	0.75
-2.132	0.75
-2.131	0.75
-2.13	0.75
-2.129	0.75
-2.128	0.75
-2.127	0.75
-2.126	0.75
-2.125	0.75
-2.124	0.75
-2.123	0.75
-2.122	0.75
-2.121	0.75
-2.12	0.75
-2.119	0.75
-2.118	0.75
-2.117	0.75
-2.116	0.75
-2.115	0.75
-2.114	0.75
-2.113	0.75
-2.112	0.75
-2.111	0.75
-2.11	0.75
-2.109	0.75
-2.108	0.75
-2.107	0.75
-2.106	0.75
-2.105	0.75
-2.104	0.75
-2.103	0.75
-2.102	0.75
-2.101	0.75
-2.1	0.75
-2.099	0.75
-2.098	0.75
-2.097	0.75
-2.096	0.75
-2.095	0.75
-2.094	0.75
-2.093	0.75
-2.092	0.75
-2.091	0.75
-2.09	0.75
-2.089	0.75
-2.088	0.75
-2.087	0.75
-2.086	0.75
-2.085	0.75
-2.084	0.75
-2.083	0.75
-2.082	0.75
-2.081	0.75
-2.08	0.75
-2.079	0.75
-2.078	0.75
-2.077	0.75
-2.076	0.75
-2.075	0.75
-2.074	0.75
-2.073	0.75
-2.072	0.75
-2.071	0.75
-2.07	0.75
-2.069	0.75
-2.068	0.75
-2.067	0.75
-2.066	0.75
-2.065	0.75
-2.064	0.75
-2.063	0.75
-2.062	0.75
-2.061	0.75
-2.06	0.75
-2.059	0.75
-2.058	0.75
-2.057	0.75
-2.056	0.75
-2.055	0.75
-2.054	0.75
-2.053	0.75
-2.052	0.75
-2.051	0.75
-2.05	0.75
-2.049	0.75
-2.048	0.75
-2.047	0.75
-2.046	0.75
-2.045	0.75
-2.044	0.75
-2.043	0.75
-2.042	0.75
-2.041	0.75
-2.04	0.75
-2.039	0.75
-2.038	0.75
-2.037	0.75
-2.036	0.75
-2.035	0.75
-2.034	0.75
-2.033	0.75
-2.032	0.75
-2.031	0.75
-2.03	0.75
-2.029	0.75
-2.028	0.75
-2.027	0.75
-2.026	0.75
-2.025	0.75
-2.024	0.75
-2.023	0.75
-2.022	0.75
-2.021	0.75
-2.02	0.75
-2.019	0.75
-2.018	0.75
-2.017	0.75
-2.016	0.75
-2.015	0.75
-2.014	0.75
-2.013	0.75
-2.012	0.75
-2.011	0.75
-2.01	0.75
-2.009	0.75
-2.008	0.75
-2.007	0.75
-2.006	0.75
-2.005	0.75
-2.004	0.75
-2.003	0.75
-2.002	0.75
-2.001	0.75
-2.0	0.75
-1.999	0.75
-1.998	0.75
-1.997	0.75
-1.996	0.75
-1.995	0.75
-1.994	0.75
-1.993	0.75
-1.992	0.75
-1.991	0.75
-1.99	0.75
-1.989	0.75
-1.988	0.75
-1.987	0.75
-1.986	0.75
-1.985	0.75
-1.984	0.75
-1.983	0.75
-1.982	0.75
-1.981	0.75
-1.98	0.75
-1.979	0.75
-1.978	0.75
-1.977	0.75
-1.976	0.75
-1.975	0.75
-1.974	0.75
-1.973	0.75
-1.972	0.75
-1.971	0.75
-1.97	0.75
-1.969	0.75
-1.968	0.75
-1.967	0.75
-1.966	0.75
-1.965	0.75
-1.964	0.75
-1.963	0.75
-1.962	0.75
-1.961	0.75
-1.96	0.75
-1.959	0.75
-1.958	0.75
-1.957	0.75
-1.956	0.75
-1.955	0.75
-1.954	0.75
-1.953	0.75
-1.952	0.75
-1.951	0.75
-1.95	0.75
-1.949	0.75
-1.948	0.75
-1.947	0.75
-1.946	0.75
-1.945	0.75
-1.944	0.75
-1.943	0.75
-1.942	0.75
-1.941	0.75
-1.94	0.75
-1.939	0.75
-1.938	0.75
-1.937	0.75
-1.936	0.75
-1.935	0.75
-1.934	0.75
-1.933	0.75
-1.932	0.75
-1.931	0.75
-1.93	0.75
-1.929	0.75
-1.928	0.75
-1.927	0.75
-1.926	0.75
-1.925	0.75
-1.924	0.75
-1.923	0.75
-1.922	0.75
-1.921	0.75
-1.92	0.75
-1.919	0.75
-1.918	0.75
-1.917	0.75
-1.916	0.75
-1.915	0.75
-1.914	0.75
-1.913	0.75
-1.912	0.75
-1.911	0.75
-1.91	0.75
-1.909	0.75
-1.908	0.75
-1.907	0.75
-1.906	0.75
-1.905	0.75
-1.904	0.75
-1.903	0.75
-1.902	0.75
-1.901	0.75
-1.9	0.75
-1.899	0.75
-1.898	0.75
-1.897	0.75
-1.896	0.75
-1.895	0.75
-1.894	0.75
-1.893	0.75
-1.892	0.75
-1.891	0.75
-1.89	0.75
-1.889	0.75
-1.888	0.75
-1.887	0.75
-1.886	0.75
-1.885	0.75
-1.884	0.75
-1.883	0.75
-1.882	0.75
-1.881	0.75
-1.88	0.75
-1.879	0.75
-1.878	0.75
-1.877	0.75
-1.876	0.75
-1.875	0.75
-1.874	0.75
-1.873	0.75
-1.872	0.75
-1.871	0.75
-1.87	0.75
-1.869	0.75
-1.868	0.75
-1.867	0.75
-1.866	0.75
-1.865	0.75
-1.864	0.75
-1.863	0.75
-1.862	0.75
-1.861	0.75
-1.86	0.75
-1.859	0.75
-1.858	0.75
-1.857	0.75
-1.856	0.75
-1.855	0.75
-1.854	0.75
-1.853	0.75
-1.852	0.75
-1.851	0.75
-1.85	0.75
-1.849	0.75
-1.848	0.75
-1.847	0.75
-1.846	0.75
-1.845	0.75
-1.844	0.75
-1.843	0.75
-1.842	0.75
-1.841	0.75
-1.84	0.75
-1.839	0.75
-1.838	0.75
-1.837	0.75
-1.836	0.75
-1.835	0.75
-1.834	0.75
-1.833	0.75
-1.832	0.75
-1.831	0.75
-1.83	0.75
-1.829	0.75
-1.828	0.75
-1.827	0.75
-1.826	0.75
-1.825	0.75
-1.824	0.75
-1.823	0.75
-1.822	0.75
-1.821	0.75
-1.82	0.75
-1.819	0.75
-1.818	0.75
-1.817	0.75
-1.816	0.75
-1.815	0.75
-1.814	12.25
-1.813	12.25
-1.812	12.25
-1.811	12.25
-1.81	12.25
-1.809	12.25
-1.808	12.25
-1.807	12.25
-1.806	12.25
-1.805	12.25
-1.804	12.25
-1.803	12.25
-1.802	12.25
-1.801	12.25
-1.8	12.25
-1.799	12.25
-1.798	12.25
-1.797	12.25
-1.796	12.25
-1.795	12.25
-1.794	12.25
-1.793	12.25
-1.792	12.25
-1.791	12.25
-1.79	12.25
-1.789	12.25
-1.788	12.25
-1.787	12.25
-1.786	12.25
-1.785	12.25
-1.784	12.25
-1.783	12.25
-1.782	12.25
-1.781	12.25
-1.78	12.25
-1.779	12.25
-1.778	12.25
-1.777	12.25
-1.776	12.25
-1.775	2.2615384615384615
-1.774	2.2615384615384615
-1.773	2.2615384615384615
-1.772	2.2615384615384615
-1.771	2.2615384615384615
-1.77	2.2615384615384615
-1.769	2.2615384615384615
-1.768	2.2615384615384615
-1.767	2.2615384615384615
-1.766	2.2615384615384615
-1.765	2.2615384615384615
-1.764	2.2615384615384615
-1.763	2.2615384615384615
-1.762	2.2615384615384615
-1.761	2.2615384615384615
-1.76	2.2615384615384615
-1.759	2.2615384615384615
-1.758	2.2615384615384615
-1.757	2.2615384615384615
-1.756	2.2615384615384615
-1.755	2.2615384615384615
-1.754	2.2615384615384615
-1.753	2.2615384615384615
-1.752	6.125
-1.751	6.125
-1.75	6.125
-1.749	6.125
-1.748	6.125
-1.747	6.125
-1.746	6.125
-1.745	6.125
-1.744	6.125
-1.743	6.125
-1.742	6.125
-1.741	6.125
-1.74	6.125
-1.739	6.125
-1.738	6.125
-1.737	6.125
-1.736	6.125
-1.735	6.125
-1.734	6.125
-1.733	6.125
-1.732	6.125
-1.731	6.125
-1.73	6.125
-1.729	6.125
-1.728	7.35
-1.727	7.35
-1.726	7.35
-1.725	7.35
-1.724	7.35
-1.723	7.35
-1.722	7.35
-1.721	7.35
-1.72	7.35
-1.719	7.35
-1.718	7.35
-1.717	7.35
-1.716	7.35
-1.715	7.35
-1.714	7.35
-1.713	7.35
-1.712	7.35
-1.711	7.35
-1.71	7.35
-1.709	7.35
-1.708	7.35
-1.707	7.35
-1.706	7.35
-1.705	7.35
-1.704	7.35
-1.703	7.35
-1.702	7.35
-1.701	7.35
-1.7	7.35
-1.699	7.35
-1.698	7.35
-1.697	7.35
-1.696	7.35
-1.695	7.35
-1.694	7.35
-1.693	7.35
-1.692	7.35
-1.691	7.35
-1.69	7.35
-1.689	7.35
-1.688	7.35
-1.687	7.35
-1.686	7.35
-1.685	7.35
-1.684	7.35
-1.683	7.35
-1.682	3.675
-1.681	3.675
-1.68	3.675
-1.679	3.675
-1.678	3.675
-1.677	3.675
-1.676	3.675
-1.675	3.675
-1.674	3.675
-1.673	3.675
-1.672	3.675
-1.671	3.675
-1.67	3.675
-1.669	3.675
-1.668	3.675
-1.667	3.675
-1.666	3.675
-1.665	3.675
-1.664	3.675
-1.663	3.675
-1.662	3.675
-1.661	3.675
-1.66	3.675
-1.659	3.675
-1.658	3.675
-1.657	3.675
-1.656	3.675
-1.655	3.675
-1.654	3.675
-1.653	3.675
-1.652	3.675
-1.651	3.675
-1.65	3.675
-1.649	3.675
-1.648	3.675
-1.647	3.675
-1.646	3.675
-1.645	3.675
-1.644	3.675
-1.643	3.675
-1.642	3.675
-1.641	3.675
-1.64	3.675
-1.639	3.675
-1.638	3.675
-1.637	3.675
-1.636	3.675
-1.635	3.675
-1.634	3.675
-1.633	3.675
-1.632	3.675
-1.631	3.675
-1.63	3.675
-1.629	3.675
-1.628	3.675
-1.627	3.675
-1.626	3.675
-1.625	3.675
-1.624	3.675
-1.623	3.675
-1.622	3.675
-1.621	3.675
-1.62	3.675
-1.619	3.675
-1.618	3.675
-1.617	3.675
-1.616	3.675
-1.615	3.675
-1.614	3.675
-1.613	3.675
-1.612	3.675
-1.611	3.675
-1.61	3.675
-1.609	3.675
-1.608	3.675
-1.607	3.675
-1.606	3.675
-1.605	3.675
-1.604	3.675
-1.603	3.675
-1.602	3.675
-1.601	3.675
-1.6	3.675
-1.599	3.675
-1.598	3.675
-1.597	3.675
-1.596	3.675
-1.595	3.675
-1.594	3.675
-1.593	3.675
-1.592	3.675
-1.591	3.675
-1.59	3.675
-1.589	3.675
-1.588	3.675
-1.587	3.675
-1.586	3.675
-1.585	3.675
-1.584	3.675
-1.583	3.675
-1.582	3.675
-1.581	3.675
-1.58	3.675
-1.579	3.675
-1.578	3.675
-1.577	3.675
-1.576	3.675
-1.575	3.675
-1.574	3.675
-1.573	3.675
-1.572	3.675
-1.571	3.675
-1.57	3.675
-1.569	3.675
-1.568	3.675
-1.567	3.675
-1.566	3.675
-1.565	3.675
-1.564	3.675
-1.563	3.675
-1.562	3.675
-1.561	3.675
-1.56	3.675
-1.559	3.675
-1.558	3.675
-1.557	3.675
-1.556	3.675
-1.555	3.675
-1.554	3.675
-1.553	3.675
-1.552	3.675
-1.551	3.675
-1.55	3.675
-1.549	3.675
-1.548	3.675
-1.547	3.675
-1.546	3.675
-1.545	3.675
-1.544	3.675
-1.543	3.675
-1.542	3.675
-1.541	3.675
-1.54	3.675
-1.539	3.675
-1.538	3.675
-1.537	3.675
-1.536	3.675
-1.535	3.675
-1.534	3.675
-1.533	3.675
-1.532	3.675
-1.531	3.675
-1.53	3.675
-1.529	3.675
-1.528	3.675
-1.527	3.675
-1.526	3.675
-1.525	3.675
-1.524	3.675
-1.523	3.675
-1.522	3.675
-1.521	3.675
-1.52	3.675
-1.519	3.675
-1.518	3.675
-1.517	3.675
-1.516	3.675
-1.515	3.675
-1.514	3.675
-1.513	3.675
-1.512	3.675
-1.511	3.675
-1.51	3.675
-1.509	3.675
-1.508	3.675
-1.507	3.675
-1.506	3.675
-1.505	3.675
-1.504	3.675
-1.503	3.675
-1.502	3.675
-1.501	3.675
-1.5	3.675
-1.499	3.675
-1.498	3.675
-1.497	3.675
-1.496	3.675
-1.495	3.675
-1.494	3.675
-1.493	3.675
-1.492	3.675
-1.491	3.675
-1.49	3.675
-1.489	3.675
-1.488	3.675
-1.487	3.675
-1.486	3.675
-1.485	3.675
-1.484	3.675
-1.483	3.675
-1.482	3.675
-1.481	3.675
-1.48	3.675
-1.479	3.675
-1.478	3.675
-1.477	3.675
-1.476	3.675
-1.475	3.675
-1.474	3.675
-1.473	3.675
-1.472	3.675
-1.471	3.675
-1.47	3.675
-1.469	3.675
-1.468	3.675
-1.467	3.675
-1.466	3.675
-1.465	3.675
-1.464	3.675
-1.463	3.675
-1.462	3.675
-1.461	3.675
-1.46	3.675
-1.459	3.675
-1.458	3.675
-1.457	3.675
-1.456	3.675
-1.455	3.675
-1.454	3.675
-1.453	3.675
-1.452	3.675
-1.451	3.675
-1.45	3.675
-1.449	3.675
-1.448	3.675
-1.447	3.675
-1.446	3.675
-1.445	3.675
-1.444	3.675
-1.443	3.675
-1.442	3.675
-1.441	3.675
-1.44	3.675
-1.439	3.675
-1.438	3.675
-1.437	3.675
-1.436	3.675
-1.435	3.675
-1.434	3.675
-1.433	3.675
-1.432	3.675
-1.431	3.675
-1.43	3.675
-1.429	3.675
-1.428	3.675
-1.427	3.675
-1.426	3.675
-1.425	3.675
-1.424	3.675
-1.423	3.675
-1.422	3.675
-1.421	3.675
-1.42	3.675
-1.419	3.675
-1.418	3.675
-1.417	3.675
-1.416	3.675
-1.415	3.675
-1.414	3.675
-1.413	3.675
-1.412	3.675
-1.411	3.675
-1.41	3.675
-1.409	3.675
-1.408	3.675
-1.407	3.675
-1.406	3.675
-1.405	3.675
-1.404	3.675
-1.403	3.675
-1.402	3.675
-1.401	3.675
-1.4	3.675
-1.399	3.675
-1.398	3.675
-1.397	3.675
-1.396	3.675
-1.395	3.675
-1.394	3.675
-1.393	3.675
-1.392	3.675
-1.391	3.675
-1.39	3.675
-1.389	3.675
-1.388	3.675
-1.387	3.675
-1.386	3.675
-1.385	3.675
-1.384	3.675
-1.383	3.675
-1.382	3.675
-1.381	3.675
-1.38	3.675
-1.379	3.675
-1.378	3.675
-1.377	3.675
-1.376	3.675
-1.375	3.675
-1.374	3.675
-1.373	3.675
-1.372	3.675
-1.371	3.675
-1.37	3.675
-1.369	3.675
-1.368	3.675
-1.367	3.675
-1.366	3.675
-1.365	3.675
-1.364	3.675
-1.363	3.675
-1.362	3.675
-1.361	3.675
-1.36	3.675
-1.359	3.675
-1.358	3.675
-1.357	3.675
-1.356	3.675
-1.355	3.675
-1.354	3.675
-1.353	3.675
-1.352	3.675
-1.351	3.675
-1.35	3.675
-1.349	3.675
-1.348	3.675
-1.347	3.675
-1.346	3.675
-1.345	3.675
-1.344	3.675
-1.343	3.675
-1.342	3.675
-1.341	3.675
-1.34	3.675
-1.339	3.675
-1.338	3.675
-1.337	3.675
-1.336	3.675
-1.335	3.675
-1.334	3.675
-1.333	3.675
-1.332	3.675
-1.331	3.675
-1.33	3.675
-1.329	3.675
-1.328	3.675
-1.327	3.675
-1.326	3.675
-1.325	3.675
-1.324	3.675
-1.323	3.675
-1.322	3.675
-1.321	3.675
-1.32	3.675
-1.319	3.675
-1.318	3.675
-1.317	3.675
-1.316	3.675
-1.315	3.675
-1.314	3.675
-1.313	3.675
-1.312	3.675
-1.311	3.675
-1.31	3.675
-1.309	3.675
-1.308	3.675
-1.307	3.675
-1.306	3.675
-1.305	3.675
-1.304	3.675
-1.303	3.675
-1.302	3.675
-1.301	3.675
-1.3	3.675
-1.299	3.675
-1.298	3.675
-1.297	3.675
-1.296	3.675
-1.295	3.675
-1.294	3.675
-1.293	3.675
-1.292	3.675
-1.291	3.675
-1.29	3.675
-1.289	3.675
-1.288	3.675
-1.287	3.675
-1.286	3.675
-1.285	3.675
-1.284	3.675
-1.283	3.675
-1.282	3.675
-1.281	3.675
-1.28	3.675
-1.279	3.675
-1.278	3.675
-1.277	3.675
-1.276	3.675
-1.275	3.675
-1.274	3.675
-1.273	3.675
-1.272	3.675
-1.271	3.675
-1.27	3.675
-1.269	3.675
-1.268	3.675
-1.267	3.675
-1.266	3.675
-1.265	3.675
-1.264	3.675
-1.263	3.675
-1.262	3.675
-1.261	3.675
-1.26	3.675
-1.259	3.675
-1.258	3.675
-1.257	3.675
-1.256	3.675
-1.255	3.675
-1.254	3.675
-1.253	3.675
-1.252	3.675
-1.251	3.675
-1.25	3.675
-1.249	3.675
-1.248	3.675
-1.247	3.675
-1.246	3.675
-1.245	3.675
-1.244	3.675
-1.243	3.675
-1.242	3.675
-1.241	3.675
-1.24	3.675
-1.239	3.675
-1.238	3.675
-1.237	3.675
-1.236	3.675
-1.235	14.7
-1.234	14.7
-1.233	14.7
-1.232	14.7
-1.231	14.7
-1.23	14.7
-1.229	14.7
-1.228	14.7
-1.227	14.7
-1.226	14.7
-1.225	14.7
-1.224	14.7
-1.223	14.7
-1.222	14.7
-1.221	14.7
-1.22	14.7
-1.219	14.7
-1.218	14.7
-1.217	14.7
-1.216	14.7
-1.215	14.7
-1.214	14.7
-1.213	14.7
-1.212	14.7
-1.211	14.7
-1.21	14.7
-1.209	14.7
-1.208	14.7
-1.207	14.7
-1.206	14.7
-1.205	14.7
-1.204	14.7
-1.203	14.7
-1.202	14.7
-1.201	14.7
-1.2	14.7
-1.199	14.7
-1.198	14.7
-1.197	14.7
-1.196	14.7
-1.195	14.7
-1.194	14.7
-1.193	14.7
-1.192	14.7
-1.191	14.7
-1.19	14.7
-1.189	14.7
-1.188	14.7
-1.187	14.7
-1.186	14.7
-1.185	14.7
-1.184	14.7
-1.183	14.7
-1.182	14.7
-1.181	14.7
-1.18	14.7
-1.179	14.7
-1.178	14.7
-1.177	14.7
-1.176	14.7
-1.175	14.7
-1.174	14.7
-1.173	14.7
-1.172	14.7
-1.171	14.7
-1.17	14.7
-1.169	14.7
-1.168	14.7
-1.167	14.7
-1.166	14.7
-1.165	14.7
-1.164	14.7
-1.163	14.7
-1.162	14.7
-1.161	14.7
-1.16	14.7
-1.159	14.7
-1.158	14.7
-1.157	14.7
-1.156	14.7
-1.155	14.7
-1.154	14.7
-1.153	14.7
-1.152	14.7
-1.151	14.7
-1.15	14.7
-1.149	14.7
-1.148	14.7
-1.147	14.7
-1.146	14.7
-1.145	14.7
-1.144	14.7
-1.143	14.7
-1.142	14.7
-1.141	14.7
-1.14	14.7
-1.139	14.7
-1.138	14.7
-1.137	14.7
-1.136	14.7
-1.135	14.7
-1.134	14.7
-1.133	14.7
-1.132	14.7
-1.131	14.7
-1.13	14.7
-1.129	14.7
-1.128	14.7
-1.127	14.7
-1.126	14.7
-1.125	14.7
-1.124	14.7
-1.123	14.7
-1.122	14.7
-1.121	14.7
-1.12	14.7
-1.119	14.7
-1.118	14.7
-1.117	14.7
-1.116	14.7
-1.115	14.7
-1.114	14.7
-1.113	14.7
-1.112	14.7
-1.111	14.7
-1.11	14.7
-1.109	14.7
-1.108	14.7
-1.107	14.7
-1.106	14.7
-1.105	14.7
-1.104	14.7
-1.103	14.7
-1.102	14.7
-1.101	14.7
-1.1	14.7
-1.099	14.7
-1.098	14.7
-1.097	14.7
-1.096	14.7
-1.095	14.7
-1.094	14.7
-1.093	14.7
-1.092	14.7
-1.091	14.7
-1.09	14.7
-1.089	14.7
-1.088	14.7
-1.087	14.7
-1.086	14.7
-1.085	14.7
-1.084	14.7
-1.083	14.7
-1.082	14.7
-1.081	14.7
-1.08	14.7
-1.079	14.7
-1.078	14.7
-1.077	14.7
-1.076	14.7
-1.075	14.7
-1.074	14.7
-1.073	14.7
-1.072	14.7
-1.071	14.7
-1.07	14.7
-1.069	14.7
-1.068	14.7
-1.067	14.7
-1.066	14.7
-1.065	14.7
-1.064	14.7
-1.063	14.7
-1.062	14.7
-1.061	14.7
-1.06	14.7
-1.059	14.7
-1.058	14.7
-1.057	14.7
-1.056	14.7
-1.055	14.7
-1.054	14.7
-1.053	14.7
-1.052	14.7
-1.051	14.7
-1.05	14.7
-1.049	14.7
-1.048	14.7
-1.047	14.7
-1.046	14.7
-1.045	14.7
-1.044	14.7
-1.043	14.7
-1.042	14.7
-1.041	14.7
-1.04	14.7
-1.039	14.7
-1.038	14.7
-1.037	14.7
-1.036	14.7
-1.035	14.7
-1.034	14.7
-1.033	14.7
-1.032	14.7
-1.031	14.7
-1.03	14.7
-1.029	14.7
-1.028	14.7
-1.027	14.7
-1.026	14.7
-1.025	14.7
-1.024	14.7
-1.023	14.7
-1.022	14.7
-1.021	14.7
-1.02	14.7
-1.019	14.7
-1.018	14.7
-1.017	14.7
-1.016	14.7
-1.015	14.7
-1.014	14.7
-1.013	14.7
-1.012	14.7
-1.011	14.7
-1.01	14.7
-1.009	14.7
-1.008	14.7
-1.007	14.7
-1.006	14.7
-1.005	14.7
-1.004	14.7
-1.003	14.7
-1.002	14.7
-1.001	14.7
-1.0	14.7
-0.999	14.7
-0.998	14.7
-0.997	14.7
-0.996	14.7
-0.995	14.7
-0.994	14.7
-0.993	14.7
-0.992	14.7
-0.991	14.7
-0.99	14.7
-0.989	14.7
-0.988	14.7
-0.987	14.7
-0.986	14.7
-0.985	14.7
-0.984	14.7
-0.983	14.7
-0.982	14.7
-0.981	14.7
-0.98	14.7
-0.979	14.7
-0.978	14.7
-0.977	14.7
-0.976	14.7
-0.975	14.7
-0.974	14.7
-0.973	14.7
-0.972	14.7
-0.971	14.7
-0.97	14.7
-0.969	14.7
-0.968	14.7
-0.967	14.7
-0.966	14.7
-0.965	14.7
-0.964	14.7
-0.963	14.7
-0.962	14.7
-0.961	14.7
-0.96	14.7
-0.959	14.7
-0.958	14.7
-0.957	14.7
-0.956	14.7
-0.955	14.7
-0.954	14.7
-0.953	14.7
-0.952	14.7
-0.951	14.7
-0.95	14.7
-0.949	14.7
-0.948	14.7
-0.947	14.7
-0.946	14.7
-0.945	14.7
-0.944	14.7
-0.943	14.7
-0.942	14.7
-0.941	14.7
-0.94	14.7
-0.939	14.7
-0.938	14.7
-0.937	14.7
-0.936	14.7
-0.935	14.7
-0.934	14.7
-0.933	14.7
-0.932	14.7
-0.931	14.7
-0.93	14.7
-0.929	14.7
-0.928	14.7
-0.927	14.7
-0.926	14.7
-0.925	14.7
-0.924	14.7
-0.923	14.7
-0.922	14.7
-0.921	14.7
-0.92	14.7
-0.919	14.7
-0.918	14.7
-0.917	14.7
-0.916	14.7
-0.915	14.7
-0.914	14.7
-0.913	14.7
-0.912	14.7
-0.911	14.7
-0.91	14.7
-0.909	14.7
-0.908	14.7
-0.907	14.7
-0.906	14.7
-0.905	14.7
-0.904	14.7
-0.903	14.7
-0.902	14.7
-0.901	14.7
-0.9	14.7
-0.899	14.7
-0.898	14.7
-0.897	14.7
-0.896	14.7
-0.895	14.7
-0.894	14.7
-0.893	14.7
-0.892	14.7
-0.891	14.7
-0.89	14.7
-0.889	14.7
-0.888	14.7
-0.887	14.7
-0.886	14.7
-0.885	14.7
-0.884	14.7
-0.883	14.7
-0.882	14.7
-0.881	14.7
-0.88	14.7
-0.879	14.7
-0.878	14.7
-0.877	14.7
-0.876	14.7
-0.875	14.7
-0.874	14.7
-0.873	14.7
-0.872	14.7
-0.871	14.7
-0.87	14.7
-0.869	14.7
-0.868	14.7
-0.867	14.7
-0.866	14.7
-0.865	14.7
-0.864	14.7
-0.863	14.7
-0.862	14.7
-0.861	14.7
-0.86	14.7
-0.859	14.7
-0.858	14.7
-0.857	14.7
-0.856	14.7
-0.855	14.7
-0.854	14.7
-0.853	14.7
-0.852	14.7
-0.851	14.7
-0.85	14.7
-0.849	14.7
-0.848	14.7
-0.847	14.7
-0.846	14.7
-0.845	14.7
-0.844	14.7
-0.843	14.7
-0.842	14.7
-0.841	14.7
-0.84	14.7
-0.839	14.7
-0.838	14.7
-0.837	14.7
-0.836	14.7
-0.835	14.7
-0.834	14.7
-0.833	14.7
-0.832	14.7
-0.831	14.7
-0.83	14.7
-0.829	14.7
-0.828	14.7
-0.827	14.7
-0.826	14.7
-0.825	14.7
-0.824	14.7
-0.823	14.7
-0.822	14.7
-0.821	14.7
-0.82	14.7
-0.819	14.7
-0.818	14.7
-0.817	14.7
-0.816	14.7
-0.815	14.7
-0.814	14.7
-0.813	14.7
-0.812	14.7
-0.811	14.7
-0.81	14.7
-0.809	14.7
-0.808	14.7
-0.807	14.7
-0.806	14.7
-0.805	14.7
-0.804	14.7
-0.803	14.7
-0.802	14.7
-0.801	14.7
-0.8	14.7
-0.799	14.7
-0.798	14.7
-0.797	14.7
-0.796	14.7
-0.795	14.7
-0.794	14.7
-0.793	14.7
-0.792	14.7
-0.791	14.7
-0.79	14.7
-0.789	14.7
-0.788	14.7
-0.787	14.7
-0.786	14.7
-0.785	14.7
-0.784	14.7
-0.783	14.7
-0.782	14.7
-0.781	14.7
-0.78	14.7
-0.779	14.7
-0.778	14.7
-0.777	14.7
-0.776	14.7
-0.775	14.7
-0.774	14.7
-0.773	14.7
-0.772	14.7
-0.771	14.7
-0.77	14.7
-0.769	14.7
-0.768	14.7
-0.767	14.7
-0.766	14.7
-0.765	14.7
-0.764	14.7
-0.763	14.7
-0.762	14.7
-0.761	14.7
-0.76	14.7
-0.759	14.7
-0.758	14.7
-0.757	14.7
-0.756	14.7
-0.755	14.7
-0.754	14.7
-0.753	14.7
-0.752	14.7
-0.751	14.7
-0.75	14.7
-0.749	14.7
-0.748	14.7
-0.747	14.7
-0.746	14.7
-0.745	14.7
-0.744	14.7
-0.743	14.7
-0.742	14.7
-0.741	14.7
-0.74	14.7
-0.739	14.7
-0.738	14.7
-0.737	14.7
-0.736	14.7
-0.735	14.7
-0.734	14.7
-0.733	14.7
-0.732	14.7
-0.731	14.7
-0.73	14.7
-0.729	14.7
-0.728	14.7
-0.727	14.7
-0.726	14.7
-0.725	14.7
-0.724	14.7
-0.723	14.7
-0.722	14.7
-0.721	14.7
-0.72	14.7
-0.719	14.7
-0.718	14.7
-0.717	14.7
-0.716	14.7
-0.715	14.7
-0.714	14.7
-0.713	14.7
-0.712	14.7
-0.711	14.7
-0.71	14.7
-0.709	14.7
-0.708	14.7
-0.707	14.7
-0.706	14.7
-0.705	14.7
-0.704	14.7
-0.703	14.7
-0.702	14.7
-0.701	14.7
-0.7	14.7
-0.699	14.7
-0.698	14.7
-0.697	14.7
-0.696	14.7
-0.695	14.7
-0.694	14.7
-0.693	14.7
-0.692	14.7
-0.691	14.7
-0.69	14.7
-0.689	14.7
-0.688	14.7
-0.687	14.7
-0.686	14.7
-0.685	14.7
-0.684	14.7
-0.683	14.7
-0.682	14.7
-0.681	14.7
-0.68	14.7
-0.679	14.7
-0.678	14.7
-0.677	14.7
-0.676	14.7
-0.675	14.7
-0.674	14.7
-0.673	14.7
-0.672	14.7
-0.671	14.7
-0.67	14.7
-0.669	14.7
-0.668	14.7
-0.667	14.7
-0.666	14.7
-0.665	14.7
-0.664	14.7
-0.663	14.7
-0.662	14.7
-0.661	14.7
-0.66	14.7
-0.659	14.7
-0.658	14.7
-0.657	14.7
-0.656	14.7
-0.655	14.7
-0.654	14.7
-0.653	14.7
-0.652	14.7
-0.651	14.7
-0.65	14.7
-0.649	14.7
-0.648	14.7
-0.647	14.7
-0.646	14.7
-0.645	14.7
-0.644	14.7
-0.643	14.7
-0.642	14.7
-0.641	14.7
-0.64	14.7
-0.639	14.7
-0.638	14.7
-0.637	14.7
-0.636	14.7
-0.635	14.7
-0.634	14.7
-0.633	14.7
-0.632	14.7
-0.631	49.0
-0.63	49.0
-0.629	49.0
-0.628	49.0
-0.627	49.0
-0.626	49.0
-0.625	49.0
-0.624	49.0
-0.623	49.0
-0.622	49.0
-0.621	49.0
-0.62	49.0
-0.619	49.0
-0.618	49.0
-0.617	49.0
-0.616	49.0
-0.615	49.0
-0.614	49.0
-0.613	49.0
-0.612	49.0
-0.611	49.0
-0.61	49.0
-0.609	49.0
-0.608	49.0
-0.607	49.0
-0.606	49.0
-0.605	49.0
-0.604	49.0
-0.603	49.0
-0.602	49.0
-0.601	49.0
-0.6	49.0
-0.599	49.0
-0.598	49.0
-0.597	49.0
-0.596	49.0
-0.595	49.0
-0.594	49.0
-0.593	49.0
-0.592	49.0
-0.591	49.0
-0.59	49.0
-0.589	49.0
-0.588	49.0
-0.587	49.0
-0.586	49.0
-0.585	49.0
-0.584	49.0
-0.583	49.0
-0.582	49.0
-0.581	49.0
-0.58	49.0
-0.579	49.0
-0.578	49.0
-0.577	49.0
-0.576	49.0
-0.575	49.0
-0.574	49.0
-0.573	49.0
-0.572	49.0
-0.571	49.0
-0.57	49.0
-0.569	49.0
-0.568	49.0
-0.567	49.0
-0.566	49.0
-0.565	49.0
-0.564	49.0
-0.563	49.0
-0.562	49.0
-0.561	49.0
-0.56	49.0
-0.559	49.0
-0.558	49.0
-0.557	49.0
-0.556	49.0
-0.555	49.0
-0.554	49.0
-0.553	49.0
-0.552	49.0
-0.551	49.0
-0.55	49.0
-0.549	49.0
-0.548	49.0
-0.547	49.0
-0.546	49.0
-0.545	49.0
-0.544	49.0
-0.543	49.0
-0.542	49.0
-0.541	49.0
-0.54	49.0
-0.539	49.0
-0.538	49.0
-0.537	49.0
-0.536	49.0
-0.535	49.0
-0.534	49.0
-0.533	49.0
-0.532	49.0
-0.531	49.0
-0.53	49.0
-0.529	49.0
-0.528	49.0
-0.527	49.0
-0.526	49.0
-0.525	49.0
-0.524	49.0
-0.523	49.0
-0.522	49.0
-0.521	49.0
-0.52	49.0
-0.519	49.0
-0.518	49.0
-0.517	49.0
-0.516	49.0
-0.515	49.0
-0.514	49.0
-0.513	49.0
-0.512	49.0
-0.511	49.0
-0.51	49.0
-0.509	49.0
-0.508	49.0
-0.507	49.0
-0.506	49.0
-0.505	49.0
-0.504	49.0
-0.503	49.0
-0.502	49.0
-0.501	49.0
-0.5	49.0
-0.499	49.0
-0.498	49.0
-0.497	49.0
-0.496	49.0
-0.495	49.0
-0.494	49.0
-0.493	49.0
-0.492	49.0
-0.491	49.0
-0.49	49.0
-0.489	49.0
-0.488	49.0
-0.487	49.0
-0.486	49.0
-0.485	49.0
-0.484	49.0
-0.483	49.0
-0.482	49.0
-0.481	49.0
-0.48	49.0
-0.479	49.0
-0.478	49.0
-0.477	49.0
-0.476	49.0
-0.475	49.0
-0.474	49.0
-0.473	49.0
-0.472	49.0
-0.471	49.0
-0.47	49.0
-0.469	49.0
-0.468	49.0
-0.467	49.0
-0.466	49.0
-0.465	49.0
-0.464	49.0
-0.463	49.0
-0.462	49.0
-0.461	49.0
-0.46	49.0
-0.459	49.0
-0.458	49.0
-0.457	49.0
-0.456	49.0
-0.455	49.0
-0.454	49.0
-0.453	49.0
-0.452	49.0
-0.451	49.0
-0.45	49.0
-0.449	49.0
-0.448	49.0
-0.447	49.0
-0.446	49.0
-0.445	49.0
-0.444	49.0
-0.443	49.0
-0.442	49.0
-0.441	49.0
-0.44	49.0
-0.439	49.0
-0.438	49.0
-0.437	49.0
-0.436	49.0
-0.435	49.0
-0.434	49.0
-0.433	49.0
-0.432	49.0
-0.431	49.0
-0.43	49.0
-0.429	49.0
-0.428	49.0
-0.427	49.0
-0.426	49.0
-0.425	49.0
-0.424	49.0
-0.423	49.0
-0.422	49.0
-0.421	49.0
-0.42	49.0
-0.419	49.0
-0.418	49.0
-0.417	49.0
-0.416	49.0
-0.415	49.0
-0.414	49.0
-0.413	49.0
-0.412	49.0
-0.411	49.0
-0.41	49.0
-0.409	49.0
-0.408	49.0
-0.407	49.0
-0.406	49.0
-0.405	49.0
-0.404	49.0
-0.403	49.0
-0.402	49.0
-0.401	49.0
-0.4	49.0
-0.399	49.0
-0.398	49.0
-0.397	49.0
-0.396	49.0
-0.395	49.0
-0.394	49.0
-0.393	49.0
-0.392	49.0
-0.391	49.0
-0.39	49.0
-0.389	49.0
-0.388	49.0
-0.387	49.0
-0.386	49.0
-0.385	49.0
-0.384	49.0
-0.383	49.0
-0.382	49.0
-0.381	49.0
-0.38	49.0
-0.379	49.0
-0.378	49.0
-0.377	49.0
-0.376	49.0
-0.375	49.0
-0.374	49.0
-0.373	49.0
-0.372	49.0
-0.371	49.0
-0.37	49.0
-0.369	49.0
-0.368	49.0
-0.367	49.0
-0.366	49.0
-0.365	49.0
-0.364	49.0
-0.363	49.0
-0.362	49.0
-0.361	49.0
-0.36	49.0
-0.359	49.0
-0.358	49.0
-0.357	49.0
-0.356	49.0
-0.355	49.0
-0.354	49.0
-0.353	49.0
-0.352	49.0
-0.351	49.0
-0.35	49.0
-0.349	49.0
-0.348	49.0
-0.347	49.0
-0.346	49.0
-0.345	49.0
-0.344	49.0
-0.343	49.0
-0.342	49.0
-0.341	49.0
-0.34	49.0
-0.339	49.0
-0.338	49.0
-0.337	49.0
-0.336	49.0
-0.335	49.0
-0.334	49.0
-0.333	49.0
-0.332	49.0
-0.331	49.0
-0.33	49.0
-0.329	49.0
-0.328	49.0
-0.327	49.0
-0.326	49.0
-0.325	49.0
-0.324	49.0
-0.323	49.0
-0.322	49.0
-0.321	49.0
-0.32	49.0
-0.319	49.0
-0.318	49.0
-0.317	49.0
-0.316	49.0
-0.315	49.0
-0.314	49.0
-0.313	49.0
-0.312	49.0
-0.311	49.0
-0.31	49.0
-0.309	49.0
-0.308	49.0
-0.307	49.0
-0.306	49.0
-0.305	49.0
-0.304	49.0
-0.303	49.0
-0.302	49.0
-0.301	49.0
-0.3	49.0
-0.299	49.0
-0.298	49.0
-0.297	49.0
-0.296	49.0
-0.295	49.0
-0.294	49.0
-0.293	49.0
-0.292	49.0
-0.291	49.0
-0.29	49.0
-0.289	49.0
-0.288	49.0
-0.287	49.0
-0.286	49.0
-0.285	49.0
-0.284	49.0
-0.283	49.0
-0.282	49.0
-0.281	49.0
-0.28	49.0
-0.279	49.0
-0.278	49.0
-0.277	49.0
-0.276	49.0
-0.275	49.0
-0.274	49.0
-0.273	49.0
-0.272	49.0
-0.271	49.0
-0.27	49.0
-0.269	49.0
-0.268	49.0
-0.267	49.0
-0.266	49.0
-0.265	49.0
-0.264	49.0
-0.263	49.0
-0.262	49.0
-0.261	49.0
-0.26	49.0
-0.259	49.0
-0.258	49.0
-0.257	49.0
-0.256	49.0
-0.255	49.0
-0.254	49.0
-0.253	49.0
-0.252	49.0
-0.251	49.0
-0.25	49.0
-0.249	49.0
-0.248	49.0
-0.247	49.0
-0.246	49.0
-0.245	49.0
-0.244	49.0
-0.243	49.0
-0.242	49.0
-0.241	49.0
-0.24	49.0
-0.239	49.0
-0.238	49.0
-0.237	147.0
-0.236	147.0
-0.235	147.0
-0.234	147.0
-0.233	147.0
-0.232	147.0
-0.231	147.0
-0.23	147.0
-0.229	147.0
-0.228	147.0
-0.227	147.0
-0.226	147.0
-0.225	147.0
-0.224	147.0
-0.223	147.0
-0.222	147.0
-0.221	147.0
-0.22	147.0
-0.219	147.0
-0.218	147.0
-0.217	147.0
-0.216	147.0
-0.215	147.0
-0.214	147.0
-0.213	147.0
-0.212	147.0
-0.211	147.0
-0.21	147.0
-0.209	147.0
-0.208	147.0
-0.207	147.0
-0.206	147.0
-0.205	147.0
-0.204	147.0
-0.203	147.0
-0.202	147.0
-0.201	147.0
-0.2	147.0
-0.199	147.0
-0.198	147.0
-0.197	147.0
-0.196	147.0
-0.195	147.0
-0.194	147.0
-0.193	147.0
-0.192	147.0
-0.191	147.0
-0.19	147.0
-0.189	147.0
-0.188	147.0
-0.187	147.0
-0.186	147.0
-0.185	147.0
-0.184	147.0
-0.183	147.0
-0.182	147.0
-0.181	147.0
-0.18	147.0
-0.179	147.0
-0.178	147.0
-0.177	147.0
-0.176	147.0
-0.175	147.0
-0.174	147.0
-0.173	147.0
-0.172	147.0
-0.171	147.0
-0.17	147.0
-0.169	147.0
-0.168	147.0
-0.167	147.0
-0.166	147.0
-0.165	147.0
-0.164	147.0
-0.163	147.0
-0.162	147.0
-0.161	147.0
-0.16	147.0
-0.159	147.0
-0.158	147.0
-0.157	147.0
-0.156	147.0
-0.155	147.0
-0.154	147.0
-0.153	147.0
-0.152	147.0
-0.151	147.0
-0.15	147.0
-0.149	147.0
-0.148	147.0
-0.147	147.0
-0.146	147.0
-0.145	147.0
-0.144	147.0
-0.143	147.0
-0.142	147.0
-0.141	147.0
-0.14	147.0
-0.139	147.0
-0.138	147.0
-0.137	147.0
-0.136	147.0
-0.135	147.0
-0.134	147.0
-0.133	147.0
-0.132	147.0
-0.131	147.0
-0.13	147.0
-0.129	147.0
-0.128	147.0
-0.127	147.0
-0.126	147.0
-0.125	147.0
-0.124	147.0
-0.123	147.0
-0.122	147.0
-0.121	147.0
-0.12	147.0
-0.119	147.0
-0.118	147.0
-0.117	147.0
-0.116	147.0
-0.115	147.0
-0.114	147.0
-0.113	147.0
-0.112	147.0
-0.111	147.0
-0.11	147.0
-0.109	147.0
-0.108	147.0
-0.107	147.0
-0.106	147.0
-0.105	147.0
-0.104	147.0
-0.103	147.0
-0.102	147.0
-0.101	147.0
-0.1	147.0
-0.099	147.0
-0.098	147.0
-0.097	147.0
-0.096	147.0
-0.095	147.0
-0.094	147.0
-0.093	147.0
-0.092	147.0
-0.091	147.0
-0.09	147.0
-0.089	147.0
-0.088	147.0
-0.087	147.0
-0.086	147.0
-0.085	147.0
-0.084	147.0
-0.083	147.0
-0.082	147.0
-0.081	147.0
-0.08	147.0
-0.079	147.0
-0.078	147.0
-0.077	147.0
-0.076	147.0
-0.075	147.0
-0.074	147.0
-0.073	147.0
-0.072	147.0
-0.071	147.0
-0.07	147.0
-0.069	147.0
-0.068	147.0
-0.067	147.0
-0.066	147.0
-0.065	147.0
-0.064	147.0
-0.063	147.0
-0.062	147.0
-0.061	147.0
-0.06	147.0
-0.059	147.0
-0.058	147.0
-0.057	147.0
-0.056	147.0
-0.055	147.0
-0.054	147.0
-0.053	147.0
-0.052	147.0
-0.051	147.0
-0.05	147.0
-0.049	147.0
-0.048	147.0
-0.047	147.0
-0.046	147.0
-0.045	147.0
-0.044	147.0
-0.043	147.0
-0.042	147.0
-0.041	147.0
-0.04	147.0
-0.039	147.0
-0.038	147.0
-0.037	147.0
-0.036	147.0
-0.035	147.0
-0.034	147.0
-0.033	147.0
-0.032	147.0
-0.031	147.0
-0.03	147.0
-0.029	147.0
-0.028	147.0
-0.027	147.0
-0.026	147.0
-0.025	147.0
-0.024	147.0
-0.023	147.0
-0.022	147.0
-0.021	147.0
-0.02	147.0
-0.019	147.0
-0.018	147.0
-0.017	147.0
-0.016	147.0
-0.015	147.0
-0.014	147.0
-0.013	147.0
-0.012	147.0
-0.011	147.0
-0.01	147.0
-0.009	147.0
-0.008	147.0
-0.007	147.0
-0.006	147.0
-0.005	147.0
-0.004	147.0
-0.003	147.0
-0.002	147.0
-0.001	147.0
0.0	147.0
0.001	147.0
0.002	147.0
0.003	147.0
0.004	147.0
0.005	147.0
0.006	147.0
0.007	147.0
0.008	147.0
0.009	147.0
0.01	147.0
0.011	147.0
0.012	147.0
0.013	147.0
0.014	147.0
0.015	147.0
0.016	147.0
0.017	147.0
0.018	147.0
0.019	147.0
0.02	147.0
0.021	147.0
0.022	147.0
0.023	147.0
0.024	147.0
0.025	147.0
0.026	147.0
0.027	147.0
0.028	147.0
0.029	147.0
0.03	147.0
0.031	147.0
0.032	147.0
0.033	147.0
0.034	147.0
0.035	147.0
0.036	147.0
0.037	147.0
0.038	147.0
0.039	147.0
0.04	147.0
0.041	147.0
0.042	147.0
0.043	147.0
0.044	147.0
0.045	147.0
0.046	147.0
0.047	147.0
0.048	147.0
0.049	147.0
0.05	147.0
0.051	147.0
0.052	147.0
0.053	147.0
0.054	147.0
0.055	147.0
0.056	147.0
0.057	147.0
0.058	147.0
0.059	147.0
0.06	147.0
0.061	147.0
0.062	147.0
0.063	147.0
0.064	147.0
0.065	147.0
0.066	147.0
0.067	147.0
0.068	147.0
0.069	147.0
0.07	147.0
0.071	147.0
0.072	147.0
0.073	147.0
0.074	147.0
0.075	147.0
0.076	147.0
0.077	147.0
0.078	147.0
0.079	147.0
0.08	147.0
0.081	147.0
0.082	147.0
0.083	147.0
0.084	147.0
0.085	147.0
0.086	147.0
0.087	147.0
0.088	147.0
0.089	147.0
0.09	147.0
0.091	147.0
0.092	147.0
0.093	147.0
0.094	147.0
0.095	147.0
0.096	147.0
0.097	147.0
0.098	147.0
0.099	147.0
0.1	147.0
0.101	147.0
0.102	147.0
0.103	147.0
0.104	147.0
0.105	147.0
0.106	147.0
0.107	147.0
0.108	147.0
0.109	147.0
0.11	147.0
0.111	147.0
0.112	147.0
0.113	147.0
0.114	147.0
0.115	147.0
0.116	147.0
0.117	147.0
0.118	147.0
0.119	147.0
0.12	147.0
0.121	147.0
0.122	147.0
0.123	147.0
0.124	147.0
0.125	147.0
0.126	147.0
0.127	147.0
0.128	147.0
0.129	147.0
0.13	147.0
0.131	147.0
0.132	147.0
0.133	147.0
0.134	147.0
0.135	147.0
0.136	147.0
0.137	147.0
0.138	147.0
0.139	147.0
0.14	147.0
0.141	147.0
0.142	147.0
0.143	147.0
0.144	147.0
0.145	147.0
0.146	147.0
0.147	147.0
0.148	147.0
0.149	147.0
0.15	147.0
0.151	147.0
0.152	147.0
0.153	147.0
0.154	147.0
0.155	147.0
0.156	147.0
0.157	147.0
0.158	147.0
0.159	147.0
0.16	147.0
0.161	147.0
0.162	147.0
0.163	147.0
0.164	147.0
0.165	147.0
0.166	147.0
0.167	147.0
0.168	147.0
0.169	147.0
0.17	147.0
0.171	147.0
0.172	147.0
0.173	147.0
0.174	147.0
0.175	147.0
0.176	147.0
0.177	147.0
0.178	147.0
0.179	147.0
0.18	147.0
0.181	147.0
0.182	147.0
0.183	147.0
0.184	147.0
0.185	147.0
0.186	147.0
0.187	147.0
0.188	147.0
0.189	147.0
0.19	147.0
0.191	147.0
0.192	147.0
0.193	147.0
0.194	147.0
0.195	147.0
0.196	147.0
0.197	147.0
0.198	147.0
0.199	147.0
0.2	147.0
0.201	147.0
0.202	147.0
0.203	147.0
0.204	147.0
0.205	147.0
0.206	147.0
0.207	147.0
0.208	147.0
0.209	147.0
0.21	147.0
0.211	147.0
0.212	147.0
0.213	147.0
0.214	147.0
0.215	147.0
0.216	147.0
0.217	147.0
0.218	147.0
0.219	147.0
0.22	147.0
0.221	147.0
0.222	147.0
0.223	147.0
0.224	147.0
0.225	147.0
0.226	147.0
0.227	147.0
0.228	147.0
0.229	147.0
0.23	147.0
0.231	147.0
0.232	147.0
0.233	147.0
0.234	147.0
0.235	147.0
0.236	147.0
0.237	147.0
0.238	147.0
0.239	147.0
0.24	147.0
0.241	147.0
0.242	147.0
0.243	147.0
0.244	147.0
0.245	147.0
0.246	147.0
0.247	147.0
0.248	147.0
0.249	147.0
0.25	147.0
0.251	147.0
0.252	147.0
0.253	147.0
0.254	147.0
0.255	147.0
0.256	147.0
0.257	147.0
0.258	147.0
0.259	147.0
0.26	147.0
0.261	147.0
0.262	147.0
0.263	147.0
0.264	147.0
0.265	147.0
0.266	147.0
0.267	147.0
0.268	147.0
0.269	147.0
0.27	147.0
0.271	147.0
0.272	147.0
0.273	147.0
0.274	147.0
0.275	147.0
0.276	147.0
0.277	147.0
0.278	147.0
0.279	147.0
0.28	147.0
0.281	147.0
0.282	147.0
0.283	147.0
0.284	147.0
0.285	147.0
0.286	147.0
0.287	147.0
0.288	147.0
0.289	147.0
0.29	147.0
0.291	147.0
0.292	147.0
0.293	147.0
0.294	147.0
0.295	147.0
0.296	147.0
0.297	147.0
0.298	147.0
0.299	147.0
0.3	147.0
0.301	147.0
0.302	147.0
0.303	147.0
0.304	147.0
0.305	147.0
0.306	147.0
0.307	147.0
0.308	147.0
0.309	147.0
0.31	147.0
0.311	147.0
0.312	147.0
0.313	147.0
0.314	147.0
0.315	147.0
0.316	147.0
0.317	147.0
0.318	147.0
0.319	147.0
0.32	147.0
0.321	147.0
0.322	147.0
0.323	147.0
0.324	147.0
0.325	147.0
0.326	147.0
0.327	147.0
0.328	147.0
0.329	147.0
0.33	147.0
0.331	147.0
0.332	147.0
0.333	147.0
0.334	147.0
0.335	147.0
0.336	147.0
0.337	147.0
0.338	147.0
0.339	147.0
0.34	147.0
0.341	147.0
0.342	147.0
0.343	147.0
0.344	147.0
0.345	147.0
0.346	147.0
0.347	147.0
0.348	147.0
0.349	147.0
0.35	147.0
0.351	147.0
0.352	147.0
0.353	147.0
0.354	147.0
0.355	147.0
0.356	147.0
0.357	147.0
0.358	147.0
0.359	147.0
0.36	147.0
0.361	147.0
0.362	147.0
0.363	147.0
0.364	147.0
0.365	147.0
0.366	147.0
0.367	147.0
0.368	147.0
0.369	147.0
0.37	147.0
0.371	147.0
0.372	147.0
0.373	147.0
0.374	147.0
0.375	147.0
0.376	147.0
0.377	147.0
0.378	147.0
0.379	147.0
0.38	147.0
0.381	147.0
0.382	147.0
0.383	147.0
0.384	147.0
0.385	147.0
0.386	147.0
0.387	147.0
0.388	147.0
0.389	147.0
0.39	147.0
0.391	147.0
0.392	147.0
0.393	147.0
0.394	147.0
0.395	147.0
0.396	147.0
0.397	147.0
0.398	147.0
0.399	147.0
0.4	147.0
0.401	147.0
0.402	147.0
0.403	147.0
0.404	147.0
0.405	147.0
0.406	147.0
0.407	147.0
0.408	147.0
0.409	147.0
0.41	147.0
0.411	147.0
0.412	147.0
0.413	147.0
0.414	147.0
0.415	147.0
0.416	147.0
0.417	147.0
0.418	147.0
0.419	147.0
0.42	147.0
0.421	147.0
0.422	147.0
0.423	147.0
0.424	147.0
0.425	147.0
0.426	147.0
0.427	147.0
0.428	147.0
0.429	147.0
0.43	147.0
0.431	147.0
0.432	147.0
0.433	147.0
0.434	147.0
0.435	147.0
0.436	147.0
0.437	147.0
0.438	147.0
0.439	147.0
0.44	147.0
0.441	147.0
0.442	147.0
0.443	147.0
0.444	147.0
0.445	147.0
0.446	147.0
0.447	147.0
0.448	147.0
0.449	147.0
0.45	147.0
0.451	147.0
0.452	147.0
0.453	147.0
0.454	147.0
0.455	147.0
0.456	147.0
0.457	147.0
0.458	147.0
0.459	147.0
0.46	147.0
0.461	147.0
0.462	147.0
0.463	147.0
0.464	147.0
0.465	147.0
0.466	147.0
0.467	147.0
0.468	147.0
0.469	147.0
0.47	147.0
0.471	147.0
0.472	147.0
0.473	147.0
0.474	147.0
0.475	147.0
0.476	147.0
0.477	147.0
0.478	147.0
0.479	147.0
0.48	147.0
0.481	147.0
0.482	147.0
0.483	147.0
0.484	147.0
0.485	147.0
0.486	147.0
0.487	147.0
0.488	147.0
0.489	147.0
0.49	147.0
0.491	147.0
0.492	147.0
0.493	147.0
0.494	147.0
0.495	147.0
0.496	147.0
0.497	147.0
0.498	147.0
0.499	147.0
0.5	147.0
0.501	147.0
0.502	147.0
0.503	147.0
0.504	147.0
0.505	147.0
0.506	147.0
0.507	147.0
0.508	147.0
0.509	147.0
0.51	147.0
0.511	147.0
0.512	147.0
0.513	147.0
0.514	147.0
0.515	147.0
0.516	147.0
0.517	147.0
0.518	147.0
0.519	147.0
0.52	147.0
0.521	147.0
0.522	147.0
0.523	147.0
0.524	147.0
0.525	147.0
0.526	147.0
0.527	147.0
0.528	147.0
0.529	147.0
0.53	147.0
0.531	147.0
0.532	147.0
0.533	147.0
0.534	147.0
0.535	147.0
0.536	147.0
0.537	147.0
0.538	147.0
0.539	147.0
0.54	147.0
0.541	147.0
0.542	147.0
0.543	147.0
0.544	147.0
0.545	147.0
0.546	147.0
0.547	147.0
0.548	147.0
0.549	147.0
0.55	147.0
0.551	147.0
0.552	147.0
0.553	147.0
0.554	147.0
0.555	147.0
0.556	147.0
0.557	147.0
0.558	147.0
0.559	147.0
0.56	147.0
0.561	147.0
0.562	147.0
0.563	147.0
0.564	147.0
0.565	147.0
0.566	147.0
0.567	147.0
0.568	147.0
0.569	147.0
0.57	147.0
0.571	147.0
0.572	147.0
0.573	147.0
0.574	147.0
0.575	147.0
0.576	147.0
0.577	147.0
0.578	147.0
0.579	147.0
0.58	147.0
0.581	147.0
0.582	147.0
0.583	147.0
0.584	147.0
0.585	147.0
0.586	147.0
0.587	147.0
0.588	147.0
0.589	147.0
0.59	147.0
0.591	147.0
0.592	147.0
0.593	147.0
0.594	147.0
0.595	147.0
0.596	147.0
0.597	147.0
0.598	147.0
0.599	147.0
0.6	147.0
0.601	147.0
0.602	147.0
0.603	147.0
0.604	147.0
0.605	147.0
0.606	147.0
0.607	147.0
0.608	147.0
0.609	147.0
0.61	147.0
0.611	147.0
0.612	147.0
0.613	147.0
0.614	147.0
0.615	147.0
0.616	147.0
0.617	147.0
0.618	147.0
0.619	147.0
0.62	147.0
0.621	147.0
0.622	147.0
0.623	147.0
0.624	147.0
0.625	147.0
0.626	147.0
0.627	147.0
0.628	147.0
0.629	147.0
0.63	147.0
0.631	147.0
0.632	147.0
0.633	147.0
0.634	147.0
0.635	147.0
0.636	147.0
0.637	147.0
0.638	147.0
0.639	147.0
0.64	147.0
0.641	147.0
0.642	147.0
0.643	147.0
0.644	147.0
0.645	147.0
0.646	147.0
0.647	147.0
0.648	147.0
0.649	147.0
0.65	147.0
0.651	147.0
0.652	147.0
0.653	147.0
0.654	147.0
0.655	147.0
0.656	147.0
0.657	147.0
0.658	147.0
0.659	147.0
0.66	147.0
0.661	147.0
0.662	147.0
0.663	147.0
0.664	147.0
0.665	147.0
0.666	147.0
0.667	147.0
0.668	147.0
0.669	147.0
0.67	147.0
0.671	147.0
0.672	147.0
0.673	147.0
0.674	147.0
0.675	147.0
0.676	147.0
0.677	147.0
0.678	147.0
0.679	147.0
0.68	147.0
0.681	147.0
0.682	147.0
0.683	147.0
0.684	147.0
0.685	147.0
0.686	147.0
0.687	147.0
0.688	147.0
0.689	147.0
0.69	147.0
0.691	147.0
0.692	147.0
0.693	147.0
0.694	147.0
0.695	147.0
0.696	147.0
0.697	147.0
0.698	147.0
0.699	147.0
0.7	147.0
0.701	147.0
0.702	147.0
0.703	147.0
0.704	147.0
0.705	147.0
0.706	147.0
0.707	147.0
0.708	147.0
0.709	147.0
0.71	147.0
0.711	147.0
0.712	147.0
0.713	147.0
0.714	147.0
0.715	147.0
0.716	147.0
0.717	147.0
0.718	147.0
0.719	147.0
0.72	147.0
0.721	147.0
0.722	147.0
0.723	147.0
0.724	147.0
0.725	147.0
0.726	147.0
0.727	147.0
0.728	147.0
0.729	147.0
0.73	147.0
0.731	147.0
0.732	147.0
0.733	147.0
0.734	147.0
0.735	147.0
0.736	147.0
0.737	147.0
0.738	147.0
0.739	147.0
0.74	147.0
0.741	147.0
0.742	147.0
0.743	147.0
0.744	147.0
0.745	147.0
0.746	147.0
0.747	147.0
0.748	147.0
0.749	147.0
0.75	147.0
0.751	147.0
0.752	147.0
0.753	147.0
0.754	147.0
0.755	147.0
0.756	147.0
0.757	147.0
0.758	147.0
0.759	147.0
0.76	147.0
0.761	147.0
0.762	147.0
0.763	147.0
0.764	147.0
0.765	147.0
0.766	147.0
0.767	147.0
0.768	147.0
0.769	147.0
0.77	147.0
0.771	147.0
0.772	147.0
0.773	147.0
0.774	147.0
0.775	147.0
0.776	147.0
0.777	147.0
0.778	147.0
0.779	147.0
0.78	147.0
0.781	147.0
0.782	147.0
0.783	147.0
0.784	147.0
0.785	147.0
0.786	147.0
0.787	147.0
0.788	147.0
0.789	147.0
0.79	147.0
0.791	147.0
0.792	147.0
0.793	147.0
0.794	147.0
0.795	147.0
0.796	147.0
0.797	147.0
0.798	147.0
0.799	147.0
0.8	147.0
0.801	147.0
0.802	147.0
0.803	147.0
0.804	147.0
0.805	147.0
0.806	147.0
0.807	147.0
0.808	147.0
0.809	147.0
0.81	147.0
0.811	147.0
0.812	147.0
0.813	147.0
0.814	147.0
0.815	147.0
0.816	147.0
0.817	147.0
0.818	147.0
0.819	147.0
0.82	147.0
0.821	147.0
0.822	147.0
0.823	147.0
0.824	147.0
0.825	147.0
0.826	147.0
0.827	147.0
0.828	147.0
0.829	147.0
0.83	147.0
0.831	147.0
0.832	147.0
0.833	147.0
0.834	147.0
0.835	147.0
0.836	147.0
0.837	147.0
0.838	147.0
0.839	147.0
0.84	147.0
0.841	147.0
0.842	147.0
0.843	147.0
0.844	147.0
0.845	147.0
0.846	147.0
0.847	147.0
0.848	147.0
0.849	147.0
0.85	147.0
0.851	147.0
0.852	147.0
0.853	147.0
0.854	147.0
0.855	147.0
0.856	147.0
0.857	147.0
0.858	147.0
0.859	147.0
0.86	147.0
0.861	147.0
0.862	147.0
0.863	147.0
0.864	147.0
0.865	147.0
0.866	147.0
0.867	147.0
0.868	147.0
0.869	147.0
0.87	147.0
0.871	147.0
0.872	147.0
0.873	147.0
0.874	147.0
0.875	147.0
0.876	147.0
0.877	147.0
0.878	147.0
0.879	147.0
0.88	147.0
0.881	147.0
0.882	147.0
0.883	147.0
0.884	147.0
0.885	147.0
0.886	147.0
0.887	147.0
0.888	147.0
0.889	147.0
0.89	147.0
0.891	147.0
0.892	147.0
0.893	147.0
0.894	147.0
0.895	147.0
0.896	147.0
0.897	147.0
0.898	147.0
0.899	147.0
0.9	147.0
0.901	147.0
0.902	147.0
0.903	147.0
0.904	147.0
0.905	147.0
0.906	147.0
0.907	147.0
0.908	147.0
0.909	147.0
0.91	147.0
0.911	147.0
0.912	147.0
0.913	147.0
0.914	147.0
0.915	147.0
0.916	147.0
0.917	147.0
0.918	147.0
0.919	147.0
0.92	147.0
0.921	147.0
0.922	147.0
0.923	147.0
0.924	147.0
0.925	147.0
0.926	147.0
0.927	147.0
0.928	147.0
0.929	147.0
0.93	147.0
0.931	147.0
0.932	147.0
0.933	147.0
0.934	147.0
0.935	147.0
0.936	147.0
0.937	147.0
0.938	147.0
0.939	147.0
0.94	147.0
0.941	147.0
0.942	147.0
0.943	147.0
0.944	147.0
0.945	147.0
0.946	147.0
0.947	147.0
0.948	147.0
0.949	147.0
0.95	147.0
0.951	147.0
0.952	147.0
0.953	147.0
0.954	147.0
0.955	147.0
0.956	147.0
0.957	147.0
0.958	147.0
0.959	147.0
0.96	147.0
0.961	147.0
0.962	147.0
0.963	147.0
0.964	147.0
0.965	147.0
0.966	147.0
0.967	147.0
0.968	147.0
0.969	147.0
0.97	147.0
0.971	147.0
0.972	147.0
0.973	147.0
0.974	147.0
0.975	147.0
0.976	147.0
0.977	147.0
0.978	147.0
0.979	147.0
0.98	147.0
0.981	147.0
0.982	147.0
0.983	147.0
0.984	147.0
0.985	147.0
0.986	147.0
0.987	147.0
0.988	147.0
0.989	147.0
0.99	147.0
0.991	147.0
0.992	147.0
0.993	147.0
0.994	147.0
0.995	147.0
0.996	147.0
0.997	147.0
0.998	147.0
0.999	147.0
1.0	147.0
1.001	147.0
1.002	147.0
1.003	147.0
1.004	147.0
1.005	147.0
1.006	147.0
1.007	147.0
1.008	147.0
1.009	147.0
1.01	147.0
1.011	147.0
1.012	147.0
1.013	147.0
1.014	147.0
1.015	147.0
1.016	147.0
1.017	147.0
1.018	147.0
1.019	147.0
1.02	147.0
1.021	147.0
1.022	147.0
1.023	147.0
1.024	147.0
1.025	147.0
1.026	147.0
1.027	147.0
1.028	147.0
1.029	147.0
1.03	147.0
1.031	147.0
1.032	147.0
1.033	147.0
1.034	147.0
1.035	147.0
1.036	147.0
1.037	147.0
1.038	147.0
1.039	147.0
1.04	147.0
1.041	147.0
1.042	147.0
1.043	147.0
1.044	147.0
1.045	147.0
1.046	147.0
1.047	147.0
1.048	147.0
1.049	147.0
1.05	147.0
1.051	147.0
1.052	147.0
1.053	147.0
1.054	147.0
1.055	147.0
1.056	147.0
1.057	147.0
1.058	147.0
1.059	147.0
1.06	147.0
1.061	147.0
1.062	147.0
1.063	147.0
1.064	147.0
1.065	147.0
1.066	147.0
1.067	147.0
1.068	147.0
1.069	147.0
1.07	147.0
1.071	147.0
1.072	147.0
1.073	147.0
1.074	147.0
1.075	147.0
1.076	147.0
1.077	147.0
1.078	147.0
1.079	147.0
1.08	147.0
1.081	147.0
1.082	147.0
1.083	147.0
1.084	147.0
1.085	147.0
1.086	147.0
1.087	147.0
1.088	147.0
1.089	147.0
1.09	147.0
1.091	147.0
1.092	147.0
1.093	147.0
1.094	147.0
1.095	147.0
1.096	147.0
1.097	147.0
1.098	147.0
1.099	147.0
1.1	147.0
1.101	147.0
1.102	147.0
1.103	147.0
1.104	147.0
1.105	147.0
1.106	147.0
1.107	147.0
1.108	147.0
1.109	147.0
1.11	147.0
1.111	147.0
1.112	147.0
1.113	147.0
1.114	147.0
1.115	147.0
1.116	147.0
1.117	147.0
1.118	147.0
1.119	147.0
1.12	147.0
1.121	147.0
1.122	147.0
1.123	147.0
1.124	147.0
1.125	147.0
1.126	147.0
1.127	147.0
1.128	147.0
1.129	147.0
1.13	147.0
1.131	147.0
1.132	147.0
1.133	147.0
1.134	147.0
1.135	147.0
1.136	147.0
1.137	147.0
1.138	147.0
1.139	147.0
1.14	147.0
1.141	147.0
1.142	147.0
1.143	147.0
1.144	147.0
1.145	147.0
1.146	147.0
1.147	147.0
1.148	147.0
1.149	147.0
1.15	147.0
1.151	147.0
1.152	147.0
1.153	147.0
1.154	147.0
1.155	147.0
1.156	147.0
1.157	147.0
1.158	147.0
1.159	147.0
1.16	147.0
1.161	147.0
1.162	147.0
1.163	147.0
1.164	147.0
1.165	147.0
1.166	147.0
1.167	147.0
1.168	147.0
1.169	147.0
1.17	147.0
1.171	147.0
1.172	147.0
1.173	147.0
1.174	147.0
1.175	147.0
1.176	147.0
1.177	147.0
1.178	147.0
1.179	147.0
1.18	147.0
1.181	147.0
1.182	147.0
1.183	147.0
1.184	147.0
1.185	147.0
1.186	147.0
1.187	147.0
1.188	147.0
1.189	147.0
1.19	147.0
1.191	147.0
1.192	147.0
1.193	147.0
1.194	147.0
1.195	147.0
1.196	147.0
1.197	147.0
1.198	147.0
1.199	147.0
1.2	147.0
1.201	147.0
1.202	147.0
1.203	147.0
1.204	147.0
1.205	147.0
1.206	147.0
1.207	147.0
1.208	147.0
1.209	147.0
1.21	147.0
1.211	147.0
1.212	147.0
1.213	147.0
1.214	147.0
1.215	147.0
1.216	147.0
1.217	147.0
1.218	147.0
1.219	147.0
1.22	147.0
1.221	147.0
1.222	147.0
1.223	147.0
1.224	147.0
1.225	147.0
1.226	147.0
1.227	147.0
1.228	147.0
1.229	147.0
1.23	147.0
1.231	147.0
1.232	147.0
1.233	147.0
1.234	147.0
1.235	147.0
1.236	147.0
1.237	147.0
1.238	147.0
1.239	147.0
1.24	147.0
1.241	147.0
1.242	147.0
1.243	147.0
1.244	147.0
1.245	147.0
1.246	147.0
1.247	147.0
1.248	147.0
1.249	147.0
1.25	147.0
1.251	147.0
1.252	147.0
1.253	147.0
1.254	147.0
1.255	147.0
1.256	147.0
1.257	147.0
1.258	147.0
1.259	147.0
1.26	147.0
1.261	147.0
1.262	147.0
1.263	147.0
1.264	147.0
1.265	147.0
1.266	147.0
1.267	147.0
1.268	147.0
1.269	147.0
1.27	147.0
1.271	147.0
1.272	147.0
1.273	147.0
1.274	147.0
1.275	147.0
1.276	147.0
1.277	147.0
1.278	147.0
1.279	147.0
1.28	147.0
1.281	147.0
1.282	147.0
1.283	147.0
1.284	147.0
1.285	147.0
1.286	147.0
1.287	147.0
1.288	147.0
1.289	147.0
1.29	147.0
1.291	147.0
1.292	147.0
1.293	147.0
1.294	147.0
1.295	147.0
1.296	147.0
1.297	147.0
1.298	147.0
1.299	147.0
1.3	147.0
1.301	147.0
1.302	147.0
1.303	147.0
1.304	147.0
1.305	147.0
1.306	147.0
1.307	147.0
1.308	147.0
1.309	147.0
1.31	147.0
1.311	147.0
1.312	147.0
1.313	147.0
1.314	147.0
1.315	147.0
1.316	147.0
1.317	147.0
1.318	147.0
1.319	147.0
1.32	147.0
1.321	147.0
1.322	147.0
1.323	147.0
1.324	147.0
1.325	147.0
1.326	147.0
1.327	147.0
1.328	147.0
1.329	147.0
1.33	147.0
1.331	147.0
1.332	147.0
1.333	147.0
1.334	147.0
1.335	147.0
1.336	147.0
1.337	147.0
1.338	147.0
1.339	147.0
1.34	147.0
1.341	147.0
1.342	147.0
1.343	147.0
1.344	147.0
1.345	147.0
1.346	147.0
1.347	147.0
1.348	147.0
1.349	147.0
1.35	147.0
1.351	147.0
1.352	147.0
1.353	147.0
1.354	147.0
1.355	147.0
1.356	147.0
1.357	147.0
1.358	147.0
1.359	147.0
1.36	147.0
1.361	147.0
1.362	147.0
1.363	147.0
1.364	147.0
1.365	147.0
1.366	147.0
1.367	147.0
1.368	147.0
1.369	147.0
1.37	147.0
1.371	147.0
1.372	147.0
1.373	147.0
1.374	147.0
1.375	147.0
1.376	147.0
1.377	147.0
1.378	147.0
1.379	147.0
1.38	147.0
1.381	147.0
1.382	147.0
1.383	147.0
1.384	147.0
1.385	147.0
1.386	147.0
1.387	147.0
1.388	147.0
1.389	147.0
1.39	147.0
1.391	147.0
1.392	147.0
1.393	147.0
1.394	147.0
1.395	147.0
1.396	147.0
1.397	147.0
1.398	147.0
1.399	147.0
1.4	147.0
1.401	147.0
1.402	147.0
1.403	147.0
1.404	147.0
1.405	147.0
1.406	147.0
1.407	147.0
1.408	147.0
1.409	147.0
1.41	147.0
1.411	147.0
1.412	147.0
1.413	147.0
1.414	147.0
1.415	147.0
1.416	147.0
1.417	147.0
1.418	147.0
1.419	147.0
1.42	147.0
1.421	147.0
1.422	147.0
1.423	147.0
1.424	147.0
1.425	147.0
1.426	147.0
1.427	147.0
1.428	147.0
1.429	147.0
1.43	147.0
1.431	147.0
1.432	147.0
1.433	147.0
1.434	147.0
1.435	147.0
1.436	147.0
1.437	147.0
1.438	147.0
1.439	147.0
1.44	147.0
1.441	147.0
1.442	147.0
1.443	147.0
1.444	147.0
1.445	147.0
1.446	147.0
1.447	147.0
1.448	147.0
1.449	147.0
1.45	147.0
1.451	147.0
1.452	147.0
1.453	147.0
1.454	147.0
1.455	147.0
1.456	147.0
1.457	147.0
1.458	147.0
1.459	147.0
1.46	147.0
1.461	147.0
1.462	147.0
1.463	147.0
1.464	147.0
1.465	147.0
1.466	147.0
1.467	147.0
1.468	147.0
1.469	147.0
1.47	147.0
1.471	147.0
1.472	147.0
1.473	147.0
1.474	147.0
1.475	147.0
1.476	147.0
1.477	147.0
1.478	147.0
1.479	147.0
1.48	147.0
1.481	147.0
1.482	147.0
1.483	147.0
1.484	147.0
1.485	147.0
1.486	147.0
1.487	147.0
1.488	147.0
1.489	147.0
1.49	147.0
1.491	147.0
1.492	147.0
1.493	147.0
1.494	147.0
1.495	147.0
1.496	147.0
1.497	147.0
1.498	147.0
1.499	147.0
1.5	147.0
1.501	147.0
1.502	147.0
1.503	147.0
1.504	147.0
1.505	147.0
1.506	147.0
1.507	147.0
1.508	147.0
1.509	147.0
1.51	147.0
1.511	147.0
1.512	147.0
1.513	147.0
1.514	147.0
1.515	147.0
1.516	147.0
1.517	147.0
1.518	147.0
1.519	147.0
1.52	147.0
1.521	147.0
1.522	147.0
1.523	147.0
1.524	147.0
1.525	147.0
1.526	147.0
1.527	147.0
1.528	147.0
1.529	147.0
1.53	147.0
1.531	147.0
1.532	147.0
1.533	147.0
1.534	147.0
1.535	147.0
1.536	147.0
1.537	147.0
1.538	147.0
1.539	147.0
1.54	147.0
1.541	147.0
1.542	147.0
1.543	147.0
1.544	147.0
1.545	147.0
1.546	147.0
1.547	147.0
1.548	147.0
1.549	147.0
1.55	147.0
1.551	147.0
1.552	147.0
1.553	147.0
1.554	147.0
1.555	147.0
1.556	147.0
1.557	147.0
1.558	147.0
1.559	147.0
1.56	147.0
1.561	147.0
1.562	147.0
1.563	147.0
1.564	147.0
1.565	147.0
1.566	147.0
1.567	147.0
1.568	147.0
1.569	147.0
1.57	147.0
1.571	147.0
1.572	147.0
1.573	147.0
1.574	147.0
1.575	147.0
1.576	147.0
1.577	147.0
1.578	147.0
1.579	147.0
1.58	147.0
1.581	147.0
1.582	147.0
1.583	147.0
1.584	147.0
1.585	147.0
1.586	147.0
1.587	147.0
1.588	147.0
1.589	147.0
1.59	147.0
1.591	147.0
1.592	147.0
1.593	147.0
1.594	147.0
1.595	147.0
1.596	147.0
1.597	147.0
1.598	147.0
1.599	147.0
1.6	147.0
1.601	147.0
1.602	147.0
1.603	147.0
1.604	147.0
1.605	147.0
1.606	147.0
1.607	147.0
1.608	147.0
1.609	147.0
1.61	147.0
1.611	147.0
1.612	147.0
1.613	147.0
1.614	147.0
1.615	147.0
1.616	147.0
1.617	147.0
1.618	147.0
1.619	147.0
1.62	147.0
1.621	147.0
1.622	147.0
1.623	147.0
1.624	147.0
1.625	147.0
1.626	147.0
1.627	147.0
1.628	147.0
1.629	147.0
1.63	147.0
1.631	147.0
1.632	147.0
1.633	147.0
1.634	147.0
1.635	147.0
1.636	147.0
1.637	147.0
1.638	147.0
1.639	147.0
1.64	147.0
1.641	147.0
1.642	147.0
1.643	147.0
1.644	147.0
1.645	147.0
1.646	147.0
1.647	147.0
1.648	147.0
1.649	147.0
1.65	147.0
1.651	147.0
1.652	147.0
1.653	147.0
1.654	147.0
1.655	147.0
1.656	147.0
1.657	147.0
1.658	147.0
1.659	147.0
1.66	147.0
1.661	147.0
1.662	147.0
1.663	147.0
1.664	147.0
1.665	147.0
1.666	147.0
1.667	147.0
1.668	147.0
1.669	147.0
1.67	147.0
1.671	147.0
1.672	147.0
1.673	147.0
1.674	147.0
1.675	147.0
1.676	147.0
1.677	147.0
1.678	147.0
1.679	147.0
1.68	147.0
1.681	147.0
1.682	147.0
1.683	147.0
1.684	147.0
1.685	147.0
1.686	147.0
1.687	147.0
1.688	147.0
1.689	147.0
1.69	147.0
1.691	147.0
1.692	147.0
1.693	147.0
1.694	147.0
1.695	147.0
1.696	147.0
1.697	147.0
1.698	147.0
1.699	147.0
1.7	147.0
1.701	147.0
1.702	147.0
1.703	147.0
1.704	147.0
1.705	147.0
1.706	147.0
1.707	147.0
1.708	147.0
1.709	147.0
1.71	147.0
1.711	147.0
1.712	147.0
1.713	147.0
1.714	147.0
1.715	147.0
1.716	147.0
1.717	147.0
1.718	147.0
1.719	147.0
1.72	147.0
1.721	147.0
1.722	147.0
1.723	147.0
1.724	147.0
1.725	147.0
1.726	147.0
1.727	147.0
1.728	147.0
1.729	147.0
1.73	147.0
1.731	147.0
1.732	147.0
1.733	147.0
1.734	147.0
1.735	147.0
1.736	147.0
1.737	147.0
1.738	147.0
1.739	147.0
1.74	147.0
1.741	147.0
1.742	147.0
1.743	147.0
1.744	147.0
1.745	147.0
1.746	147.0
1.747	147.0
1.748	147.0
1.749	147.0
1.75	147.0
1.751	147.0
1.752	147.0
1.753	147.0
1.754	147.0
1.755	147.0
1.756	147.0
1.757	147.0
1.758	147.0
1.759	147.0
1.76	147.0
1.761	147.0
1.762	147.0
1.763	147.0
1.764	147.0
1.765	147.0
1.766	147.0
1.767	147.0
1.768	147.0
1.769	147.0
1.77	147.0
1.771	147.0
1.772	147.0
1.773	147.0
1.774	147.0
1.775	147.0
1.776	147.0
1.777	147.0
1.778	147.0
1.779	147.0
1.78	147.0
1.781	147.0
1.782	147.0
1.783	147.0
1.784	147.0
1.785	147.0
1.786	147.0
1.787	147.0
1.788	147.0
1.789	147.0
1.79	147.0
1.791	147.0
1.792	147.0
1.793	147.0
1.794	147.0
1.795	147.0
1.796	147.0
1.797	147.0
1.798	147.0
1.799	147.0
1.8	147.0
1.801	147.0
1.802	147.0
1.803	147.0
1.804	147.0
1.805	147.0
1.806	147.0
1.807	147.0
1.808	147.0
1.809	147.0
1.81	147.0
1.811	147.0
1.812	147.0
1.813	147.0
1.814	147.0
1.815	147.0
1.816	147.0
1.817	147.0
1.818	147.0
1.819	147.0
1.82	147.0
1.821	147.0
1.822	147.0
1.823	147.0
1.824	147.0
1.825	147.0
1.826	147.0
1.827	147.0
1.828	147.0
1.829	147.0
1.83	147.0
1.831	147.0
1.832	147.0
1.833	147.0
1.834	147.0
1.835	147.0
1.836	147.0
1.837	147.0
1.838	147.0
1.839	147.0
1.84	147.0
1.841	147.0
1.842	147.0
1.843	147.0
1.844	147.0
1.845	147.0
1.846	147.0
1.847	147.0
1.848	147.0
1.849	147.0
1.85	147.0
1.851	147.0
1.852	147.0
1.853	147.0
1.854	147.0
1.855	147.0
1.856	147.0
1.857	147.0
1.858	147.0
1.859	147.0
1.86	147.0
1.861	147.0
1.862	147.0
1.863	147.0
1.864	147.0
1.865	147.0
1.866	147.0
1.867	147.0
1.868	147.0
1.869	147.0
1.87	147.0
1.871	147.0
1.872	147.0
1.873	147.0
1.874	147.0
1.875	147.0
1.876	147.0
1.877	147.0
1.878	147.0
1.879	147.0
1.88	147.0
1.881	147.0
1.882	147.0
1.883	147.0
1.884	147.0
1.885	147.0
1.886	147.0
1.887	147.0
1.888	147.0
1.889	147.0
1.89	147.0
1.891	147.0
1.892	147.0
1.893	147.0
1.894	147.0
1.895	147.0
1.896	147.0
1.897	147.0
1.898	147.0
1.899	147.0
1.9	147.0
1.901	147.0
1.902	147.0
1.903	147.0
1.904	147.0
1.905	147.0
1.906	147.0
1.907	147.0
1.908	147.0
1.909	147.0
1.91	147.0
1.911	147.0
1.912	147.0
1.913	147.0
1.914	147.0
1.915	147.0
1.916	147.0
1.917	147.0
1.918	147.0
1.919	147.0
1.92	147.0
1.921	147.0
1.922	147.0
1.923	147.0
1.924	147.0
1.925	147.0
1.926	147.0
1.927	147.0
1.928	147.0
1.929	147.0
1.93	147.0
1.931	147.0
1.932	147.0
1.933	147.0
1.934	147.0
1.935	147.0
1.936	147.0
1.937	147.0
1.938	147.0
1.939	147.0
1.94	147.0
1.941	147.0
1.942	147.0
1.943	147.0
1.944	147.0
1.945	147.0
1.946	147.0
1.947	147.0
1.948	147.0
1.949	147.0
1.95	147.0
1.951	147.0
1.952	147.0
1.953	147.0
1.954	147.0
1.955	147.0
1.956	147.0
1.957	147.0
1.958	147.0
1.959	147.0
1.96	147.0
1.961	147.0
1.962	147.0
1.963	147.0
1.964	147.0
1.965	147.0
1.966	147.0
1.967	147.0
1.968	147.0
1.969	147.0
1.97	147.0
1.971	147.0
1.972	147.0
1.973	147.0
1.974	147.0
1.975	147.0
1.976	147.0
1.977	147.0
1.978	147.0
1.979	147.0
1.98	147.0
1.981	147.0
1.982	147.0
1.983	147.0
1.984	147.0
1.985	147.0
1.986	147.0
1.987	147.0
1.988	147.0
1.989	147.0
1.99	147.0
1.991	147.0
1.992	147.0
1.993	147.0
1.994	147.0
1.995	147.0
1.996	147.0
1.997	147.0
1.998	147.0
1.999	147.0
2.0	147.0
