-2.57	10.818181818181818
-2.569	10.818181818181818
-2.568	10.818181818181818
-2.567	10.818181818181818
-2.566	10.818181818181818
-2.565	10.818181818181818
-2.564	10.818181818181818
-2.563	10.818181818181818
-2.562	10.818181818181818
-2.561	10.818181818181818
-2.56	10.818181818181818
-2.559	10.818181818181818
-2.558	10.818181818181818
-2.557	10.818181818181818
-2.556	10.818181818181818
-2.555	10.818181818181818
-2.554	10.818181818181818
-2.553	10.818181818181818
-2.552	10.818181818181818
-2.551	10.818181818181818
-2.55	10.818181818181818
-2.549	10.818181818181818
-2.548	10.818181818181818
-2.547	17.0
-2.546	17.0
-2.545	17.0
-2.544	17.0
-2.543	17.0
-2.542	17.0
-2.541	17.0
-2.54	17.0
-2.539	17.0
-2.538	17.0
-2.537	17.0
-2.536	17.0
-2.535	17.0
-2.534	17.0
-2.533	17.0
-2.532	17.0
-2.531	17.0
-2.53	17.0
-2.529	17.0
-2.528	17.0
-2.527	17.0
-2.526	24.685714285714287
-2.525	24.685714285714287
-2.524	24.685714285714287
-2.523	24.685714285714287
-2.522	24.685714285714287
-2.521	24.685714285714287
-2.52	24.685714285714287
-2.519	24.685714285714287
-2.518	24.685714285714287
-2.517	24.685714285714287
-2.516	24.685714285714287
-2.515	24.685714285714287
-2.514	24.685714285714287
-2.513	24.685714285714287
-2.512	24.685714285714287
-2.511	24.685714285714287
-2.51	24.685714285714287
-2.509	24.685714285714287
-2.508	24.685714285714287
-2.507	24.685714285714287
-2.506	24.685714285714287
-2.505	24.685714285714287
-2.504	24.685714285714287
-2.503	24.685714285714287
-2.502	24.685714285714287
-2.501	24.685714285714287
-2.5	34.56
-2.499	34.56
-2.498	34.56
-2.497	34.56
-2.496	34.56
-2.495	34.56
-2.494	34.56
-2.493	34.56
-2.492	34.56
-2.491	34.56
-2.49	34.56
-2.489	34.56
-2.488	34.56
-2.487	34.56
-2.486	34.56
-2.485	34.56
-2.484	34.56
-2.483	34.56
-2.482	34.56
-2.481	34.56
-2.48	34.56
-2.479	34.56
-2.478	34.56
-2.477	34.56
-2.476	34.56
-2.475	34.56
-2.474	34.56
-2.473	34.56
-2.472	34.56
-2.471	34.56
-2.47	34.56
-2.469	34.56
-2.468	34.56
-2.467	34.56
-2.466	34.56
-2.465	34.56
-2.464	34.56
-2.463	34.56
-2.462	34.56
-2.461	34.56
-2.46	34.56
-2.459	34.56
-2.458	34.56
-2.457	34.56
-2.456	34.56
-2.455	34.56
-2.454	34.56
-2.453	34.56
-2.452	34.56
-2.451	34.56
-2.45	34.56
-2.449	34.56
-2.448	34.56
-2.447	34.56
-2.446	14.64
-2.445	14.64
-2.444	14.64
-2.443	14.64
-2.442	14.64
-2.441	14.64
-2.44	14.64
-2.439	14.64
-2.438	14.64
-2.437	14.64
-2.436	14.64
-2.435	14.64
-2.434	14.64
-2.433	14.64
-2.432	14.64
-2.431	14.64
-2.43	14.64
-2.429	14.64
-2.428	14.64
-2.427	14.64
-2.426	14.64
-2.425	4.0
-2.424	4.0
-2.423	4.0
-2.422	4.0
-2.421	4.0
-2.42	4.0
-2.419	4.0
-2.418	4.0
-2.417	4.0
-2.416	4.0
-2.415	4.0
-2.414	4.0
-2.413	4.0
-2.412	20.0
-2.411	20.0
-2.41	20.0
-2.409	10.24
-2.408	10.24
-2.407	10.24
-2.406	10.24
-2.405	10.24
-2.404	10.24
-2.403	10.24
-2.402	10.24
-2.401	10.24
-2.4	10.24
-2.399	10.24
-2.398	10.24
-2.397	10.24
-2.396	10.24
-2.395	10.24
-2.394	10.24
-2.393	10.24
-2.392	10.24
-2.391	10.24
-2.39	10.24
-2.389	10.24
-2.388	10.24
-2.387	10.24
-2.386	10.24
-2.385	10.24
-2.384	10.24
-2.383	10.24
-2.382	10.24
-2.381	10.24
-2.38	10.24
-2.379	10.24
-2.378	10.24
-2.377	10.24
-2.376	10.24
-2.375	10.24
-2.374	10.24
-2.373	10.24
-2.372	10.24
-2.371	10.24
-2.37	10.24
-2.369	10.24
-2.368	10.24
-2.367	10.24
-2.366	10.24
-2.365	10.24
-2.364	10.24
-2.363	10.24
-2.362	10.24
-2.361	10.24
-2.36	10.24
-2.359	10.24
-2.358	10.24
-2.357	10.24
-2.356	10.24
-2.355	10.24
-2.354	10.24
-2.353	10.24
-2.352	10.24
-2.351	10.24
-2.35	10.24
-2.349	10.24
-2.348	10.24
-2.347	10.24
-2.346	10.24
-2.345	10.24
-2.344	10.24
-2.343	10.24
-2.342	10.24
-2.341	10.24
-2.34	10.24
-2.339	10.24
-2.338	10.24
-2.337	10.24
-2.336	10.24
-2.335	10.24
-2.334	10.24
-2.333	10.24
-2.332	10.24
-2.331	10.24
-2.33	10.24
-2.329	10.24
-2.328	10.24
-2.327	10.24
-2.326	10.24
-2.325	10.24
-2.324	10.24
-2.323	10.24
-2.322	10.24
-2.321	10.24
-2.32	10.24
-2.319	10.24
-2.318	10.24
-2.317	10.24
-2.316	10.24
-2.315	10.24
-2.314	10.24
-2.313	10.24
-2.312	10.24
-2.311	10.24
-2.31	10.24
-2.309	10.24
-2.308	10.24
-2.307	10.24
-2.306	10.24
-2.305	4.32
-2.304	4.32
-2.303	4.32
-2.302	4.32
-2.301	4.32
-2.3	4.32
-2.299	4.32
-2.298	4.32
-2.297	4.32
-2.296	4.32
-2.295	4.32
-2.294	4.32
-2.293	4.32
-2.292	4.32
-2.291	4.32
-2.29	4.32
-2.289	4.32
-2.288	4.32
-2.287	4.32
-2.286	4.32
-2.285	4.32
-2.284	4.32
-2.283	4.32
-2.282	4.32
-2.281	4.32
-2.28	4.32
-2.279	4.32
-2.278	4.32
-2.277	4.32
-2.276	4.32
-2.275	4.32
-2.274	4.32
-2.273	4.32
-2.272	4.32
-2.271	4.32
-2.27	4.32
-2.269	4.32
-2.268	4.32
-2.267	4.32
-2.266	4.32
-2.265	4.32
-2.264	4.32
-2.263	4.32
-2.262	4.32
-2.261	4.32
-2.26	4.32
-2.259	4.32
-2.258	4.32
-2.257	4.32
-2.256	4.32
-2.255	4.32
-2.254	4.32
-2.253	4.32
-2.252	4.32
-2.251	4.32
-2.25	4.32
-2.249	4.32
-2.248	4.32
-2.247	4.32
-2.246	4.32
-2.245	4.32
-2.244	4.32
-2.243	4.32
-2.242	4.32
-2.241	4.32
-2.24	4.32
-2.239	4.32
-2.238	4.32
-2.237	4.32
-2.236	4.32
-2.235	4.32
-2.234	4.32
-2.233	4.32
-2.232	4.32
-2.231	4.32
-2.23	0.4
-2.229	0.4
-2.228	0.4
-2.227	0.4
-2.226	0.4
-2.225	0.4
-2.224	0.4
-2.223	0.4
-2.222	0.4
-2.221	0.4
-2.22	0.4
-2.219	0.4
-2.218	0.4
-2.217	0.4
-2.216	0.4
-2.215	0.4
-2.214	0.4
-2.213	0.4
-2.212	0.4
-2.211	0.4
-2.21	0.4
-2.209	0.4
-2.208	0.4
-2.207	0.4
-2.206	0.4
-2.205	0.4
-2.204	0.4
-2.203	0.4
-2.202	0.4
-2.201	0.4
-2.2	0.4
-2.199	0.4
-2.198	0.4
-2.197	0.4
-2.196	0.4
-2.195	0.4
-2.194	0.7142857142857143
-2.193	0.7142857142857143
-2.192	0.7142857142857143
-2.191	0.7142857142857143
-2.19	0.7142857142857143
-2.189	0.7142857142857143
-2.188	0.7142857142857143
-2.187	0.7142857142857143
-2.186	0.7142857142857143
-2.185	0.7142857142857143
-2.184	0.7142857142857143
-2.183	0.7142857142857143
-2.182	0.7142857142857143
-2.181	0.7142857142857143
-2.18	0.7142857142857143
-2.179	0.7142857142857143
-2.178	0.7142857142857143
-2.177	0.7142857142857143
-2.176	0.7142857142857143
-2.175	0.7142857142857143
-2.174	5.0
-2.173	5.0
-2.172	5.0
-2.171	5.0
-2.17	5.0
-2.169	5.0
-2.168	5.0
-2.167	5.0
-2.166	5.0
-2.165	5.0
-2.164	5.0
-2.163	5.0
-2.162	5.0
-2.161	5.0
-2.16	5.0
-2.159	5.0
-2.158	5.0
-2.157	5.0
-2.156	5.0
-2.155	5.0
-2.154	5.0
-2.153	5.0
-2.152	5.0
-2.151	5.0
-2.15	5.0
-2.149	5.0
-2.148	5.0
-2.147	5.0
-2.146	5.0
-2.145	5.0
-2.144	5.0
-2.143	5.0
-2.142	5.0
-2.141	5.0
-2.14	5.0
-2.139	5.0
-2.138	5.0
-2.137	5.0
-2.136	5.0
-2.135	5.0
-2.134	5.0
-2.133	5.0
-2.132	5.0
-2.131	5.0
-2.13	5.0
-2.129	5.0
-2.128	5.0
-2.127	5.0
-2.126	5.0
-2.125	5.0
-2.124	5.0
-2.123	5.0
-2.122	5.0
-2.121	5.0
-2.12	5.0
-2.119	5.0
-2.118	5.0
-2.117	5.0
-2.116	5.0
-2.115	5.0
-2.114	5.0
-2.113	5.0
-2.112	5.0
-2.111	5.0
-2.11	5.0
-2.109	5.0
-2.108	5.0
-2.107	5.0
-2.106	5.0
-2.105	5.0
-2.104	5.0
-2.103	5.0
-2.102	5.0
-2.101	5.0
-2.1	5.0
-2.099	5.0
-2.098	16.0
-2.097	16.0
-2.096	16.0
-2.095	16.0
-2.094	16.0
-2.093	16.0
-2.092	16.0
-2.091	16.0
-2.09	16.0
-2.089	16.0
-2.088	16.0
-2.087	16.0
-2.086	16.0
-2.085	16.0
-2.084	16.0
-2.083	16.0
-2.082	16.0
-2.081	16.0
-2.08	16.0
-2.079	16.0
-2.078	16.0
-2.077	16.0
-2.076	16.0
-2.075	16.0
-2.074	16.0
-2.073	16.0
-2.072	16.0
-2.071	16.0
-2.07	16.0
-2.069	16.0
-2.068	16.0
-2.067	16.0
-2.066	16.0
-2.065	16.0
-2.064	16.0
-2.063	16.0
-2.062	16.0
-2.061	16.0
-2.06	16.0
-2.059	16.0
-2.058	16.0
-2.057	16.0
-2.056	16.0
-2.055	16.0
-2.054	16.0
-2.053	16.0
-2.052	16.0
-2.051	16.0
-2.05	16.0
-2.049	16.0
-2.048	16.0
-2.047	16.0
-2.046	16.0
-2.045	16.0
-2.044	16.0
-2.043	16.0
-2.042	16.0
-2.041	16.0
-2.04	16.0
-2.039	16.0
-2.038	16.0
-2.037	16.0
-2.036	16.0
-2.035	16.0
-2.034	16.0
-2.033	16.0
-2.032	16.0
-2.031	16.0
-2.03	16.0
-2.029	16.0
-2.028	16.0
-2.027	16.0
-2.026	16.0
-2.025	16.0
-2.024	16.0
-2.023	16.0
-2.022	16.0
-2.021	16.0
-2.02	16.0
-2.019	16.0
-2.018	16.0
-2.017	16.0
-2.016	16.0
-2.015	16.0
-2.014	16.0
-2.013	16.0
-2.012	16.0
-2.011	16.0
-2.01	16.0
-2.009	16.0
-2.008	16.0
-2.007	16.0
-2.006	16.0
-2.005	16.0
-2.004	16.0
-2.003	16.0
-2.002	16.0
-2.001	16.0
-2.0	16.0
-1.999	16.0
-1.998	16.0
-1.997	16.0
-1.996	16.0
-1.995	16.0
-1.994	16.0
-1.993	16.0
-1.992	16.0
-1.991	16.0
-1.99	16.0
-1.989	16.0
-1.988	16.0
-1.987	16.0
-1.986	16.0
-1.985	16.0
-1.984	16.0
-1.983	16.0
-1.982	16.0
-1.981	16.0
-1.98	16.0
-1.979	16.0
-1.978	16.0
-1.977	16.0
-1.976	16.0
-1.975	16.0
-1.974	16.0
-1.973	16.0
-1.972	16.0
-1.971	16.0
-1.97	16.0
-1.969	16.0
-1.968	16.0
-1.967	16.0
-1.966	16.0
-1.965	16.0
-1.964	16.0
-1.963	16.0
-1.962	16.0
-1.961	16.0
-1.96	16.0
-1.959	16.0
-1.958	16.0
-1.957	16.0
-1.956	16.0
-1.955	16.0
-1.954	16.0
-1.953	16.0
-1.952	16.0
-1.951	16.0
-1.95	16.0
-1.949	16.0
-1.948	16.0
-1.947	16.0
-1.946	16.0
-1.945	16.0
-1.944	16.0
-1.943	16.0
-1.942	16.0
-1.941	16.0
-1.94	16.0
-1.939	16.0
-1.938	16.0
-1.937	16.0
-1.936	16.0
-1.935	16.0
-1.934	16.0
-1.933	16.0
-1.932	16.0
-1.931	16.0
-1.93	16.0
-1.929	16.0
-1.928	16.0
-1.927	16.0
-1.926	16.0
-1.925	16.0
-1.924	16.0
-1.923	16.0
-1.922	16.0
-1.921	16.0
-1.92	16.0
-1.919	16.0
-1.918	16.0
-1.917	16.0
-1.916	16.0
-1.915	16.0
-1.914	16.0
-1.913	16.0
-1.912	16.0
-1.911	16.0
-1.91	16.0
-1.909	8.0
-1.908	8.0
-1.907	8.0
-1.906	8.0
-1.905	8.0
-1.904	8.0
-1.903	8.0
-1.902	8.0
-1.901	8.0
-1.9	8.0
-1.899	8.0
-1.898	8.0
-1.897	8.0
-1.896	8.0
-1.895	8.0
-1.894	8.0
-1.893	8.0
-1.892	8.0
-1.891	8.0
-1.89	8.0
-1.889	8.0
-1.888	8.0
-1.887	8.0
-1.886	8.0
-1.885	8.0
-1.884	8.0
-1.883	8.0
-1.882	8.0
-1.881	8.0
-1.88	8.0
-1.879	8.0
-1.878	8.0
-1.877	8.0
-1.876	8.0
-1.875	8.0
-1.874	8.0
-1.873	8.0
-1.872	8.0
-1.871	8.0
-1.87	8.0
-1.869	8.0
-1.868	8.0
-1.867	8.0
-1.866	8.0
-1.865	8.0
-1.864	8.0
-1.863	8.0
-1.862	8.0
-1.861	8.0
-1.86	8.0
-1.859	8.0
-1.858	8.0
-1.857	8.0
-1.856	8.0
-1.855	8.0
-1.854	8.0
-1.853	8.0
-1.852	8.0
-1.851	8.0
-1.85	8.0
-1.849	8.0
-1.848	8.0
-1.847	8.0
-1.846	8.0
-1.845	8.0
-1.844	8.0
-1.843	8.0
-1.842	8.0
-1.841	8.0
-1.84	8.0
-1.839	8.0
-1.838	8.0
-1.837	8.0
-1.836	8.0
-1.835	8.0
-1.834	8.0
-1.833	8.0
-1.832	8.0
-1.831	8.0
-1.83	8.0
-1.829	8.0
-1.828	8.0
-1.827	8.0
-1.826	8.0
-1.825	8.0
-1.824	8.0
-1.823	8.0
-1.822	8.0
-1.821	8.0
-1.82	8.0
-1.819	8.0
-1.818	8.0
-1.817	8.0
-1.816	8.0
-1.815	8.0
-1.814	8.0
-1.813	8.0
-1.812	8.0
-1.811	8.0
-1.81	8.0
-1.809	8.0
-1.808	8.0
-1.807	8.0
-1.806	8.0
-1.805	8.0
-1.804	8.0
-1.803	8.0
-1.802	8.0
-1.801	8.0
-1.8	8.0
-1.799	8.0
-1.798	8.0
-1.797	8.0
-1.796	8.0
-1.795	8.0
-1.794	8.0
-1.793	8.0
-1.792	8.0
-1.791	8.0
-1.79	8.0
-1.789	8.0
-1.788	8.0
-1.787	8.0
-1.786	8.0
-1.785	8.0
-1.784	8.0
-1.783	8.0
-1.782	8.0
-1.781	8.0
-1.78	8.0
-1.779	8.0
-1.778	8.0
-1.777	8.0
-1.776	8.0
-1.775	8.0
-1.774	8.0
-1.773	8.0
-1.772	8.0
-1.771	8.0
-1.77	8.0
-1.769	8.0
-1.768	8.0
-1.767	8.0
-1.766	8.0
-1.765	8.0
-1.764	8.0
-1.763	8.0
-1.762	8.0
-1.761	8.0
-1.76	8.0
-1.759	8.0
-1.758	8.0
-1.757	8.0
-1.756	8.0
-1.755	8.0
-1.754	8.0
-1.753	8.0
-1.752	8.0
-1.751	8.0
-1.75	8.0
-1.749	8.0
-1.748	8.0
-1.747	8.0
-1.746	8.0
-1.745	8.0
-1.744	8.0
-1.743	8.0
-1.742	8.0
-1.741	8.0
-1.74	8.0
-1.739	8.0
-1.738	8.0
-1.737	8.0
-1.736	8.0
-1.735	8.0
-1.734	8.0
-1.733	8.0
-1.732	8.0
-1.731	8.0
-1.73	8.0
-1.729	8.0
-1.728	8.0
-1.727	8.0
-1.726	8.0
-1.725	8.0
-1.724	8.0
-1.723	8.0
-1.722	8.0
-1.721	8.0
-1.72	8.0
-1.719	8.0
-1.718	8.0
-1.717	8.0
-1.716	8.0
-1.715	8.0
-1.714	8.0
-1.713	8.0
-1.712	8.0
-1.711	8.0
-1.71	8.0
-1.709	8.0
-1.708	8.0
-1.707	8.0
-1.706	8.0
-1.705	8.0
-1.704	8.0
-1.703	8.0
-1.702	8.0
-1.701	8.0
-1.7	8.0
-1.699	8.0
-1.698	8.0
-1.697	8.0
-1.696	8.0
-1.695	8.0
-1.694	8.0
-1.693	8.0
-1.692	8.0
-1.691	8.0
-1.69	8.0
-1.689	8.0
-1.688	8.0
-1.687	8.0
-1.686	8.0
-1.685	8.0
-1.684	8.0
-1.683	8.0
-1.682	8.0
-1.681	8.0
-1.68	8.0
-1.679	8.0
-1.678	8.0
-1.677	8.0
-1.676	8.0
-1.675	8.0
-1.674	8.0
-1.673	8.0
-1.672	8.0
-1.671	8.0
-1.67	8.0
-1.669	8.0
-1.668	8.0
-1.667	8.0
-1.666	8.0
-1.665	8.0
-1.664	8.0
-1.663	8.0
-1.662	8.0
-1.661	8.0
-1.66	6.4
-1.659	6.4
-1.658	6.4
-1.657	6.4
-1.656	6.4
-1.655	6.4
-1.654	6.4
-1.653	6.4
-1.652	6.4
-1.651	6.4
-1.65	6.4
-1.649	6.4
-1.648	6.4
-1.647	6.4
-1.646	6.4
-1.645	6.4
-1.644	6.4
-1.643	6.4
-1.642	6.4
-1.641	6.4
-1.64	6.4
-1.639	6.4
-1.638	6.4
-1.637	6.4
-1.636	6.4
-1.635	6.4
-1.634	6.4
-1.633	6.4
-1.632	6.4
-1.631	6.4
-1.63	6.4
-1.629	6.4
-1.628	6.4
-1.627	6.4
-1.626	6.4
-1.625	6.4
-1.624	6.4
-1.623	6.4
-1.622	6.4
-1.621	6.4
-1.62	6.4
-1.619	6.4
-1.618	6.4
-1.617	6.4
-1.616	6.4
-1.615	6.4
-1.614	6.4
-1.613	6.4
-1.612	6.4
-1.611	6.4
-1.61	6.4
-1.609	6.4
-1.608	6.4
-1.607	6.4
-1.606	6.4
-1.605	6.4
-1.604	6.4
-1.603	6.4
-1.602	6.4
-1.601	6.4
-1.6	6.4
-1.599	6.4
-1.598	6.4
-1.597	6.4
-1.596	6.4
-1.595	6.4
-1.594	6.4
-1.593	6.4
-1.592	6.4
-1.591	6.4
-1.59	6.4
-1.589	6.4
-1.588	6.4
-1.587	6.4
-1.586	6.4
-1.585	6.4
-1.584	6.4
-1.583	6.4
-1.582	6.4
-1.581	6.4
-1.58	6.4
-1.579	6.4
-1.578	6.4
-1.577	6.4
-1.576	6.4
-1.575	6.4
-1.574	6.4
-1.573	6.4
-1.572	6.4
-1.571	6.4
-1.57	6.4
-1.569	6.4
-1.568	6.4
-1.567	6.4
-1.566	6.4
-1.565	6.4
-1.564	6.4
-1.563	6.4
-1.562	6.4
-1.561	6.4
-1.56	6.4
-1.559	6.4
-1.558	6.4
-1.557	6.4
-1.556	6.4
-1.555	6.4
-1.554	6.4
-1.553	6.4
-1.552	6.4
-1.551	6.4
-1.55	6.4
-1.549	6.4
-1.548	6.4
-1.547	6.4
-1.546	6.4
-1.545	6.4
-1.544	6.4
-1.543	6.4
-1.542	6.4
-1.541	6.4
-1.54	6.4
-1.539	6.4
-1.538	6.4
-1.537	6.4
-1.536	6.4
-1.535	6.4
-1.534	6.4
-1.533	6.4
-1.532	6.4
-1.531	6.4
-1.53	6.4
-1.529	6.4
-1.528	6.4
-1.527	6.4
-1.526	6.4
-1.525	6.4
-1.524	6.4
-1.523	6.4
-1.522	6.4
-1.521	6.4
-1.52	6.4
-1.519	6.4
-1.518	6.4
-1.517	6.4
-1.516	6.4
-1.515	6.4
-1.514	6.4
-1.513	6.4
-1.512	6.4
-1.511	6.4
-1.51	6.4
-1.509	6.4
-1.508	6.4
-1.507	6.4
-1.506	6.4
-1.505	6.4
-1.504	6.4
-1.503	6.4
-1.502	6.4
-1.501	6.4
-1.5	6.4
-1.499	6.4
-1.498	6.4
-1.497	6.4
-1.496	6.4
-1.495	6.4
-1.494	6.4
-1.493	6.4
-1.492	6.4
-1.491	6.4
-1.49	6.4
-1.489	6.4
-1.488	6.4
-1.487	6.4
-1.486	6.4
-1.485	6.4
-1.484	6.4
-1.483	6.4
-1.482	6.4
-1.481	6.4
-1.48	6.4
-1.479	6.4
-1.478	6.4
-1.477	6.4
-1.476	6.4
-1.475	6.4
-1.474	6.4
-1.473	6.4
-1.472	6.4
-1.471	6.4
-1.47	6.4
-1.469	6.4
-1.468	6.4
-1.467	6.4
-1.466	6.4
-1.465	6.4
-1.464	6.4
-1.463	6.4
-1.462	6.4
-1.461	6.4
-1.46	6.4
-1.459	6.4
-1.458	6.4
-1.457	6.4
-1.456	6.4
-1.455	6.4
-1.454	6.4
-1.453	6.4
-1.452	6.4
-1.451	6.4
-1.45	6.4
-1.449	6.4
-1.448	6.4
-1.447	6.4
-1.446	6.4
-1.445	6.4
-1.444	6.4
-1.443	6.4
-1.442	6.4
-1.441	6.4
-1.44	6.4
-1.439	6.4
-1.438	6.4
-1.437	6.4
-1.436	6.4
-1.435	6.4
-1.434	6.4
-1.433	6.4
-1.432	6.4
-1.431	6.4
-1.43	6.4
-1.429	6.4
-1.428	6.4
-1.427	6.4
-1.426	6.4
-1.425	6.4
-1.424	6.4
-1.423	6.4
-1.422	6.4
-1.421	6.4
-1.42	6.4
-1.419	6.4
-1.418	6.4
-1.417	6.4
-1.416	6.4
-1.415	6.4
-1.414	6.4
-1.413	6.4
-1.412	6.4
-1.411	6.4
-1.41	6.4
-1.409	6.4
-1.408	6.4
-1.407	6.4
-1.406	6.4
-1.405	6.4
-1.404	6.4
-1.403	6.4
-1.402	6.4
-1.401	6.4
-1.4	6.4
-1.399	6.4
-1.398	6.4
-1.397	6.4
-1.396	6.4
-1.395	6.4
-1.394	6.4
-1.393	6.4
-1.392	6.4
-1.391	6.4
-1.39	6.4
-1.389	6.4
-1.388	6.4
-1.387	6.4
-1.386	6.4
-1.385	6.4
-1.384	6.4
-1.383	6.4
-1.382	6.4
-1.381	6.4
-1.38	6.4
-1.379	6.4
-1.378	6.4
-1.377	6.4
-1.376	6.4
-1.375	6.4
-1.374	6.4
-1.373	6.4
-1.372	6.4
-1.371	6.4
-1.37	6.4
-1.369	6.4
-1.368	6.4
-1.367	6.4
-1.366	6.4
-1.365	6.4
-1.364	6.4
-1.363	6.4
-1.362	6.4
-1.361	6.4
-1.36	6.4
-1.359	6.4
-1.358	6.4
-1.357	6.4
-1.356	6.4
-1.355	6.4
-1.354	6.4
-1.353	6.4
-1.352	6.4
-1.351	6.4
-1.35	6.4
-1.349	6.4
-1.348	6.4
-1.347	6.4
-1.346	6.4
-1.345	6.4
-1.344	6.4
-1.343	6.4
-1.342	6.4
-1.341	6.4
-1.34	6.4
-1.339	6.4
-1.338	6.4
-1.337	6.4
-1.336	6.4
-1.335	6.4
-1.334	6.4
-1.333	6.4
-1.332	6.4
-1.331	6.4
-1.33	6.4
-1.329	6.4
-1.328	6.4
-1.327	6.4
-1.326	6.4
-1.325	6.4
-1.324	6.4
-1.323	6.4
-1.322	6.4
-1.321	6.4
-1.32	6.4
-1.319	6.4
-1.318	6.4
-1.317	6.4
-1.316	1.2
-1.315	1.2
-1.314	1.2
-1.313	1.2
-1.312	1.2
-1.311	1.2
-1.31	1.2
-1.309	1.2
-1.308	1.2
-1.307	1.2
-1.306	1.2
-1.305	1.2
-1.304	1.2
-1.303	1.2
-1.302	1.2
-1.301	1.2
-1.3	1.2
-1.299	1.2
-1.298	1.2
-1.297	1.2
-1.296	1.2
-1.295	1.2
-1.294	1.2
-1.293	1.2
-1.292	1.2
-1.291	1.2
-1.29	1.2
-1.289	1.2
-1.288	1.2
-1.287	1.2
-1.286	1.2
-1.285	1.2
-1.284	1.2
-1.283	1.2
-1.282	1.2
-1.281	1.2
-1.28	1.2
-1.279	1.2
-1.278	1.2
-1.277	1.2
-1.276	1.2
-1.275	1.2
-1.274	1.2
-1.273	1.2
-1.272	1.2
-1.271	1.2
-1.27	1.2
-1.269	1.2
-1.268	1.2
-1.267	1.2
-1.266	1.2
-1.265	1.2
-1.264	1.2
-1.263	1.2
-1.262	1.2
-1.261	1.2
-1.26	1.2
-1.259	1.2
-1.258	1.2
-1.257	1.2
-1.256	1.2
-1.255	1.2
-1.254	1.2
-1.253	1.2
-1.252	1.2
-1.251	1.2
-1.25	1.2
-1.249	1.2
-1.248	1.2
-1.247	1.2
-1.246	1.2
-1.245	1.2
-1.244	1.2
-1.243	1.2
-1.242	1.2
-1.241	1.2
-1.24	1.2
-1.239	1.2
-1.238	1.2
-1.237	1.2
-1.236	1.2
-1.235	1.2
-1.234	1.2
-1.233	1.2
-1.232	1.2
-1.231	1.2
-1.23	1.2
-1.229	1.2
-1.228	1.2
-1.227	1.2
-1.226	1.2
-1.225	1.2
-1.224	1.2
-1.223	1.2
-1.222	1.2
-1.221	1.2
-1.22	1.2
-1.219	1.2
-1.218	1.2
-1.217	1.2
-1.216	1.2
-1.215	1.2
-1.214	1.2
-1.213	1.2
-1.212	1.2
-1.211	1.2
-1.21	1.2
-1.209	1.2
-1.208	1.2
-1.207	1.2
-1.206	1.2
-1.205	1.2
-1.204	1.2
-1.203	1.2
-1.202	1.2
-1.201	1.2
-1.2	1.2
-1.199	1.2
-1.198	1.2
-1.197	1.2
-1.196	1.2
-1.195	1.2
-1.194	1.2
-1.193	1.2
-1.192	1.2
-1.191	1.2
-1.19	1.2
-1.189	1.2
-1.188	1.2
-1.187	1.2
-1.186	1.2
-1.185	1.2
-1.184	1.2
-1.183	1.2
-1.182	1.2
-1.181	1.2
-1.18	1.2
-1.179	1.2
-1.178	1.2
-1.177	1.2
-1.176	1.2
-1.175	1.2
-1.174	1.2
-1.173	1.2
-1.172	1.2
-1.171	1.2
-1.17	1.2
-1.169	1.2
-1.168	1.2
-1.167	1.2
-1.166	1.2
-1.165	1.2
-1.164	1.2
-1.163	1.2
-1.162	1.2
-1.161	1.2
-1.16	1.2
-1.159	1.2
-1.158	1.2
-1.157	1.2
-1.156	1.2
-1.155	1.2
-1.154	1.2
-1.153	1.2
-1.152	1.2
-1.151	1.2
-1.15	1.2
-1.149	1.2
-1.148	1.2
-1.147	1.2
-1.146	1.2
-1.145	1.2
-1.144	1.2
-1.143	1.2
-1.142	1.2
-1.141	1.2
-1.14	1.2
-1.139	1.2
-1.138	1.2
-1.137	1.2
-1.136	1.2
-1.135	1.2
-1.134	1.2
-1.133	1.2
-1.132	1.2
-1.131	1.2
-1.13	1.2
-1.129	1.2
-1.128	1.2
-1.127	1.2
-1.126	1.2
-1.125	1.2
-1.124	1.2
-1.123	1.2
-1.122	1.2
-1.121	1.2
-1.12	1.2
-1.119	1.2
-1.118	1.2
-1.117	1.2
-1.116	1.2
-1.115	1.2
-1.114	1.2
-1.113	1.2
-1.112	1.2
-1.111	1.2
-1.11	1.2
-1.109	1.2
-1.108	1.2
-1.107	1.2
-1.106	1.2
-1.105	1.2
-1.104	1.2
-1.103	1.2
-1.102	1.2
-1.101	1.2
-1.1	1.2
-1.099	1.2
-1.098	1.2
-1.097	1.2
-1.096	1.2
-1.095	1.2
-1.094	1.2
-1.093	1.2
-1.092	1.2
-1.091	1.2
-1.09	1.2
-1.089	1.2
-1.088	1.2
-1.087	1.2
-1.086	1.2
-1.085	1.2
-1.084	1.2
-1.083	1.2
-1.082	1.2
-1.081	1.2
-1.08	1.2
-1.079	1.2
-1.078	1.2
-1.077	1.2
-1.076	1.2
-1.075	1.2
-1.074	1.2
-1.073	1.2
-1.072	1.2
-1.071	1.2
-1.07	1.2
-1.069	1.2
-1.068	1.2
-1.067	1.2
-1.066	1.2
-1.065	1.2
-1.064	1.2
-1.063	1.2
-1.062	1.2
-1.061	1.2
-1.06	1.2
-1.059	1.2
-1.058	1.2
-1.057	1.2
-1.056	1.2
-1.055	1.2
-1.054	1.2
-1.053	1.2
-1.052	1.2
-1.051	1.2
-1.05	1.2
-1.049	1.2
-1.048	1.2
-1.047	1.2
-1.046	1.2
-1.045	1.2
-1.044	1.2
-1.043	1.2
-1.042	1.2
-1.041	1.2
-1.04	1.2
-1.039	1.2
-1.038	1.2
-1.037	1.2
-1.036	1.2
-1.035	1.2
-1.034	1.2
-1.033	1.2
-1.032	1.2
-1.031	1.2
-1.03	1.2
-1.029	1.2
-1.028	1.2
-1.027	1.2
-1.026	1.2
-1.025	1.2
-1.024	1.2
-1.023	1.2
-1.022	1.2
-1.021	1.2
-1.02	1.2
-1.019	1.2
-1.018	1.2
-1.017	1.2
-1.016	1.2
-1.015	1.2
-1.014	1.2
-1.013	1.2
-1.012	1.2
-1.011	1.2
-1.01	1.2
-1.009	1.2
-1.008	1.2
-1.007	1.2
-1.006	1.2
-1.005	1.2
-1.004	1.2
-1.003	1.2
-1.002	1.2
-1.001	1.2
-1.0	1.2
-0.999	1.2
-0.998	1.2
-0.997	1.2
-0.996	1.2
-0.995	1.2
-0.994	1.2
-0.993	1.2
-0.992	1.2
-0.991	1.2
-0.99	1.2
-0.989	1.2
-0.988	1.2
-0.987	1.2
-0.986	1.2
-0.985	1.2
-0.984	1.2
-0.983	1.2
-0.982	1.2
-0.981	1.2
-0.98	1.2
-0.979	1.2
-0.978	1.2
-0.977	1.2
-0.976	1.2
-0.975	1.2
-0.974	1.2
-0.973	1.2
-0.972	1.2
-0.971	1.2
-0.97	1.2
-0.969	1.2
-0.968	1.2
-0.967	1.2
-0.966	1.2
-0.965	1.2
-0.964	1.2
-0.963	1.2
-0.962	1.2
-0.961	1.2
-0.96	1.2
-0.959	1.2
-0.958	1.2
-0.957	1.2
-0.956	1.2
-0.955	1.2
-0.954	1.2
-0.953	1.2
-0.952	1.2
-0.951	1.2
-0.95	1.2
-0.949	1.2
-0.948	1.2
-0.947	1.2
-0.946	1.2
-0.945	1.2
-0.944	1.2
-0.943	1.2
-0.942	1.2
-0.941	1.2
-0.94	1.2
-0.939	1.2
-0.938	1.2
-0.937	1.2
-0.936	1.2
-0.935	1.2
-0.934	1.2
-0.933	1.2
-0.932	1.2
-0.931	1.2
-0.93	1.2
-0.929	1.2
-0.928	1.2
-0.927	1.2
-0.926	1.2
-0.925	1.2
-0.924	1.2
-0.923	1.2
-0.922	1.2
-0.921	1.2
-0.92	1.2
-0.919	1.2
-0.918	1.2
-0.917	1.2
-0.916	1.2
-0.915	1.2
-0.914	1.2
-0.913	1.2
-0.912	1.2
-0.911	1.2
-0.91	1.2
-0.909	1.2
-0.908	1.2
-0.907	1.2
-0.906	1.2
-0.905	1.2
-0.904	1.2
-0.903	1.2
-0.902	1.2
-0.901	1.2
-0.9	1.2
-0.899	1.2
-0.898	1.2
-0.897	1.2
-0.896	1.2
-0.895	1.2
-0.894	1.2
-0.893	1.2
-0.892	1.2
-0.891	1.2
-0.89	1.2
-0.889	1.2
-0.888	1.2
-0.887	1.2
-0.886	1.2
-0.885	1.2
-0.884	1.2
-0.883	1.2
-0.882	1.2
-0.881	1.2
-0.88	1.2
-0.879	1.2
-0.878	1.2
-0.877	1.2
-0.876	1.2
-0.875	1.2
-0.874	1.2
-0.873	1.2
-0.872	1.2
-0.871	1.2
-0.87	1.2
-0.869	1.2
-0.868	1.2
-0.867	1.2
-0.866	1.2
-0.865	1.2
-0.864	1.2
-0.863	1.2
-0.862	1.2
-0.861	1.2
-0.86	1.2
-0.859	1.2
-0.858	1.2
-0.857	1.2
-0.856	1.2
-0.855	1.2
-0.854	1.2
-0.853	1.2
-0.852	1.2
-0.851	1.2
-0.85	1.2
-0.849	1.2
-0.848	1.2
-0.847	1.2
-0.846	1.2
-0.845	1.2
-0.844	1.2
-0.843	1.2
-0.842	1.2
-0.841	1.2
-0.84	1.2
-0.839	1.2
-0.838	1.2
-0.837	1.2
-0.836	1.2
-0.835	1.2
-0.834	1.2
-0.833	1.2
-0.832	1.2
-0.831	1.2
-0.83	1.2
-0.829	1.2
-0.828	1.2
-0.827	1.2
-0.826	1.2
-0.825	1.2
-0.824	1.2
-0.823	1.2
-0.822	1.2
-0.821	1.2
-0.82	1.2
-0.819	1.2
-0.818	1.2
-0.817	3.0
-0.816	3.0
-0.815	3.0
-0.814	3.0
-0.813	3.0
-0.812	3.0
-0.811	3.0
-0.81	3.0
-0.809	3.0
-0.808	3.0
-0.807	3.0
-0.806	3.0
-0.805	3.0
-0.804	3.0
-0.803	3.0
-0.802	3.0
-0.801	3.0
-0.8	3.0
-0.799	3.0
-0.798	3.0
-0.797	3.0
-0.796	3.0
-0.795	3.0
-0.794	3.0
-0.793	3.0
-0.792	3.0
-0.791	3.0
-0.79	3.0
-0.789	3.0
-0.788	3.0
-0.787	3.0
-0.786	3.0
-0.785	3.0
-0.784	3.0
-0.783	3.0
-0.782	3.0
-0.781	3.0
-0.78	3.0
-0.779	3.0
-0.778	3.0
-0.777	3.0
-0.776	3.0
-0.775	3.0
-0.774	3.0
-0.773	3.0
-0.772	3.0
-0.771	3.0
-0.77	3.0
-0.769	3.0
-0.768	3.0
-0.767	3.0
-0.766	3.0
-0.765	3.0
-0.764	3.0
-0.763	3.0
-0.762	3.0
-0.761	3.0
-0.76	3.0
-0.759	3.0
-0.758	3.0
-0.757	3.0
-0.756	3.0
-0.755	3.0
-0.754	3.0
-0.753	3.0
-0.752	3.0
-0.751	3.0
-0.75	3.0
-0.749	3.0
-0.748	3.0
-0.747	3.0
-0.746	3.0
-0.745	3.0
-0.744	3.0
-0.743	3.0
-0.742	3.0
-0.741	3.0
-0.74	3.0
-0.739	3.0
-0.738	3.0
-0.737	3.0
-0.736	3.0
-0.735	3.0
-0.734	3.0
-0.733	3.0
-0.732	3.0
-0.731	3.0
-0.73	3.0
-0.729	3.0
-0.728	3.0
-0.727	3.0
-0.726	3.0
-0.725	3.0
-0.724	3.0
-0.723	3.0
-0.722	3.0
-0.721	3.0
-0.72	3.0
-0.719	3.0
-0.718	3.0
-0.717	3.0
-0.716	3.0
-0.715	3.0
-0.714	3.0
-0.713	3.0
-0.712	3.0
-0.711	3.0
-0.71	3.0
-0.709	3.0
-0.708	3.0
-0.707	3.0
-0.706	3.0
-0.705	3.0
-0.704	3.0
-0.703	3.0
-0.702	3.0
-0.701	3.0
-0.7	3.0
-0.699	3.0
-0.698	3.0
-0.697	3.0
-0.696	3.0
-0.695	3.0
-0.694	3.0
-0.693	3.0
-0.692	3.0
-0.691	3.0
-0.69	3.0
-0.689	3.0
-0.688	3.0
-0.687	3.0
-0.686	3.0
-0.685	3.0
-0.684	3.0
-0.683	3.0
-0.682	3.0
-0.681	3.0
-0.68	3.0
-0.679	3.0
-0.678	3.0
-0.677	3.0
-0.676	3.0
-0.675	3.0
-0.674	3.0
-0.673	3.0
-0.672	3.0
-0.671	3.0
-0.67	3.0
-0.669	3.0
-0.668	3.0
-0.667	3.0
-0.666	3.0
-0.665	3.0
-0.664	3.0
-0.663	3.0
-0.662	3.0
-0.661	3.0
-0.66	3.0
-0.659	3.0
-0.658	3.0
-0.657	3.0
-0.656	3.0
-0.655	3.0
-0.654	3.0
-0.653	3.0
-0.652	3.0
-0.651	3.0
-0.65	3.0
-0.649	3.0
-0.648	3.0
-0.647	3.0
-0.646	3.0
-0.645	3.0
-0.644	3.0
-0.643	3.0
-0.642	3.0
-0.641	3.0
-0.64	3.0
-0.639	3.0
-0.638	3.0
-0.637	3.0
-0.636	3.0
-0.635	3.0
-0.634	3.0
-0.633	3.0
-0.632	3.0
-0.631	3.0
-0.63	3.0
-0.629	3.0
-0.628	3.0
-0.627	3.0
-0.626	3.0
-0.625	3.0
-0.624	3.0
-0.623	3.0
-0.622	3.0
-0.621	3.0
-0.62	3.0
-0.619	3.0
-0.618	3.0
-0.617	3.0
-0.616	3.0
-0.615	3.0
-0.614	3.0
-0.613	3.0
-0.612	3.0
-0.611	3.0
-0.61	3.0
-0.609	3.0
-0.608	3.0
-0.607	3.0
-0.606	3.0
-0.605	3.0
-0.604	3.0
-0.603	3.0
-0.602	3.0
-0.601	3.0
-0.6	3.0
-0.599	3.0
-0.598	3.0
-0.597	3.0
-0.596	3.0
-0.595	3.0
-0.594	3.0
-0.593	3.0
-0.592	3.0
-0.591	3.0
-0.59	3.0
-0.589	3.0
-0.588	3.0
-0.587	3.0
-0.586	3.0
-0.585	3.0
-0.584	3.0
-0.583	3.0
-0.582	3.0
-0.581	3.0
-0.58	3.0
-0.579	3.0
-0.578	3.0
-0.577	3.0
-0.576	3.0
-0.575	3.0
-0.574	3.0
-0.573	3.0
-0.572	3.0
-0.571	3.0
-0.57	3.0
-0.569	3.0
-0.568	3.0
-0.567	3.0
-0.566	3.0
-0.565	3.0
-0.564	3.0
-0.563	3.0
-0.562	3.0
-0.561	3.0
-0.56	3.0
-0.559	3.0
-0.558	3.0
-0.557	3.0
-0.556	3.0
-0.555	3.0
-0.554	3.0
-0.553	3.0
-0.552	3.0
-0.551	3.0
-0.55	3.0
-0.549	3.0
-0.548	3.0
-0.547	3.0
-0.546	3.0
-0.545	3.0
-0.544	3.0
-0.543	3.0
-0.542	3.0
-0.541	3.0
-0.54	3.0
-0.539	3.0
-0.538	3.0
-0.537	3.0
-0.536	3.0
-0.535	3.0
-0.534	3.0
-0.533	3.0
-0.532	3.0
-0.531	3.0
-0.53	3.0
-0.529	3.0
-0.528	3.0
-0.527	3.0
-0.526	3.0
-0.525	3.0
-0.524	3.0
-0.523	3.0
-0.522	3.0
-0.521	3.0
-0.52	3.0
-0.519	3.0
-0.518	3.0
-0.517	3.0
-0.516	3.0
-0.515	3.0
-0.514	3.0
-0.513	3.0
-0.512	3.0
-0.511	3.0
-0.51	3.0
-0.509	3.0
-0.508	3.0
-0.507	3.0
-0.506	3.0
-0.505	3.0
-0.504	3.0
-0.503	3.0
-0.502	3.0
-0.501	3.0
-0.5	3.0
-0.499	3.0
-0.498	3.0
-0.497	3.0
-0.496	3.0
-0.495	3.0
-0.494	3.0
-0.493	3.0
-0.492	3.0
-0.491	3.0
-0.49	3.0
-0.489	3.0
-0.488	3.0
-0.487	3.0
-0.486	3.0
-0.485	3.0
-0.484	3.0
-0.483	3.0
-0.482	3.0
-0.481	3.0
-0.48	3.0
-0.479	3.0
-0.478	3.0
-0.477	3.0
-0.476	3.0
-0.475	3.0
-0.474	3.0
-0.473	3.0
-0.472	3.0
-0.471	3.0
-0.47	3.0
-0.469	3.0
-0.468	3.0
-0.467	3.0
-0.466	3.0
-0.465	3.0
-0.464	3.0
-0.463	3.0
-0.462	3.0
-0.461	3.0
-0.46	3.0
-0.459	3.0
-0.458	3.0
-0.457	3.0
-0.456	3.0
-0.455	3.0
-0.454	3.0
-0.453	3.0
-0.452	3.0
-0.451	3.0
-0.45	3.0
-0.449	3.0
-0.448	3.0
-0.447	3.0
-0.446	3.0
-0.445	3.0
-0.444	3.0
-0.443	3.0
-0.442	3.0
-0.441	3.0
-0.44	3.0
-0.439	3.0
-0.438	3.0
-0.437	3.0
-0.436	3.0
-0.435	3.0
-0.434	3.0
-0.433	3.0
-0.432	3.0
-0.431	3.0
-0.43	3.0
-0.429	3.0
-0.428	3.0
-0.427	3.0
-0.426	3.0
-0.425	3.0
-0.424	3.0
-0.423	3.0
-0.422	3.0
-0.421	3.0
-0.42	3.0
-0.419	3.0
-0.418	3.0
-0.417	3.0
-0.416	3.0
-0.415	3.0
-0.414	3.0
-0.413	3.0
-0.412	3.0
-0.411	3.0
-0.41	3.0
-0.409	3.0
-0.408	3.0
-0.407	3.0
-0.406	3.0
-0.405	3.0
-0.404	3.0
-0.403	3.0
-0.402	3.0
-0.401	3.0
-0.4	3.0
-0.399	3.0
-0.398	3.0
-0.397	3.0
-0.396	3.0
-0.395	3.0
-0.394	3.0
-0.393	3.0
-0.392	3.0
-0.391	3.0
-0.39	3.0
-0.389	3.0
-0.388	3.0
-0.387	3.0
-0.386	3.0
-0.385	3.0
-0.384	3.0
-0.383	3.0
-0.382	3.0
-0.381	3.0
-0.38	3.0
-0.379	3.0
-0.378	3.0
-0.377	3.0
-0.376	3.0
-0.375	3.0
-0.374	3.0
-0.373	3.0
-0.372	3.0
-0.371	3.0
-0.37	3.0
-0.369	3.0
-0.368	3.0
-0.367	3.0
-0.366	3.0
-0.365	3.0
-0.364	3.0
-0.363	3.0
-0.362	3.0
-0.361	3.0
-0.36	3.0
-0.359	3.0
-0.358	3.0
-0.357	3.0
-0.356	3.0
-0.355	3.0
-0.354	3.0
-0.353	3.0
-0.352	3.0
-0.351	3.0
-0.35	3.0
-0.349	3.0
-0.348	3.0
-0.347	3.0
-0.346	3.0
-0.345	3.0
-0.344	3.0
-0.343	3.0
-0.342	3.0
-0.341	3.0
-0.34	3.0
-0.339	3.0
-0.338	3.0
-0.337	3.0
-0.336	3.0
-0.335	3.0
-0.334	3.0
-0.333	3.0
-0.332	3.0
-0.331	3.0
-0.33	3.0
-0.329	3.0
-0.328	3.0
-0.327	3.0
-0.326	3.0
-0.325	3.0
-0.324	3.0
-0.323	3.0
-0.322	3.0
-0.321	3.0
-0.32	3.0
-0.319	3.0
-0.318	3.0
-0.317	3.0
-0.316	3.0
-0.315	3.0
-0.314	3.0
-0.313	3.0
-0.312	3.0
-0.311	3.0
-0.31	3.0
-0.309	3.0
-0.308	3.0
-0.307	3.0
-0.306	3.0
-0.305	3.0
-0.304	3.0
-0.303	3.0
-0.302	3.0
-0.301	3.0
-0.3	3.0
-0.299	3.0
-0.298	3.0
-0.297	3.0
-0.296	3.0
-0.295	3.0
-0.294	3.0
-0.293	3.0
-0.292	3.0
-0.291	3.0
-0.29	3.0
-0.289	3.0
-0.288	3.0
-0.287	3.0
-0.286	3.0
-0.285	3.0
-0.284	3.0
-0.283	3.0
-0.282	3.0
-0.281	3.0
-0.28	3.0
-0.279	3.0
-0.278	3.0
-0.277	3.0
-0.276	3.0
-0.275	3.0
-0.274	3.0
-0.273	3.0
-0.272	3.0
-0.271	3.0
-0.27	3.0
-0.269	3.0
-0.268	3.0
-0.267	3.0
-0.266	3.0
-0.265	3.0
-0.264	3.0
-0.263	3.0
-0.262	3.0
-0.261	3.0
-0.26	3.0
-0.259	3.0
-0.258	3.0
-0.257	3.0
-0.256	3.0
-0.255	3.0
-0.254	3.0
-0.253	3.0
-0.252	3.0
-0.251	3.0
-0.25	3.0
-0.249	3.0
-0.248	3.0
-0.247	3.0
-0.246	3.0
-0.245	3.0
-0.244	3.0
-0.243	3.0
-0.242	3.0
-0.241	3.0
-0.24	3.0
-0.239	3.0
-0.238	3.0
-0.237	3.0
-0.236	3.0
-0.235	3.0
-0.234	3.0
-0.233	3.0
-0.232	3.0
-0.231	3.0
-0.23	3.0
-0.229	3.0
-0.228	3.0
-0.227	3.0
-0.226	3.0
-0.225	3.0
-0.224	3.0
-0.223	3.0
-0.222	3.0
-0.221	3.0
-0.22	3.0
-0.219	3.0
-0.218	3.0
-0.217	3.0
-0.216	3.0
-0.215	3.0
-0.214	3.0
-0.213	3.0
-0.212	3.0
-0.211	3.0
-0.21	3.0
-0.209	3.0
-0.208	3.0
-0.207	3.0
-0.206	3.0
-0.205	3.0
-0.204	3.0
-0.203	3.0
-0.202	3.0
-0.201	3.0
-0.2	3.0
-0.199	3.0
-0.198	3.0
-0.197	3.0
-0.196	3.0
-0.195	3.0
-0.194	3.0
-0.193	3.0
-0.192	3.0
-0.191	3.0
-0.19	3.0
-0.189	3.0
-0.188	3.0
-0.187	3.0
-0.186	3.0
-0.185	3.0
-0.184	3.0
-0.183	3.0
-0.182	3.0
-0.181	3.0
-0.18	3.0
-0.179	3.0
-0.178	3.0
-0.177	3.0
-0.176	3.0
-0.175	3.0
-0.174	3.0
-0.173	3.0
-0.172	3.0
-0.171	3.0
-0.17	3.0
-0.169	3.0
-0.168	3.0
-0.167	3.0
-0.166	3.0
-0.165	3.0
-0.164	3.0
-0.163	3.0
-0.162	3.0
-0.161	3.0
-0.16	3.0
-0.159	3.0
-0.158	3.0
-0.157	3.0
-0.156	3.0
-0.155	3.0
-0.154	3.0
-0.153	3.0
-0.152	3.0
-0.151	3.0
-0.15	3.0
-0.149	3.0
-0.148	3.0
-0.147	3.0
-0.146	3.0
-0.145	3.0
-0.144	3.0
-0.143	3.0
-0.142	3.0
-0.141	3.0
-0.14	3.0
-0.139	3.0
-0.138	3.0
-0.137	3.0
-0.136	3.0
-0.135	3.0
-0.134	3.0
-0.133	3.0
-0.132	3.0
-0.131	3.0
-0.13	3.0
-0.129	3.0
-0.128	3.0
-0.127	3.0
-0.126	3.0
-0.125	3.0
-0.124	3.0
-0.123	3.0
-0.122	3.0
-0.121	3.0
-0.12	3.0
-0.119	3.0
-0.118	3.0
-0.117	3.0
-0.116	3.0
-0.115	3.0
-0.114	3.0
-0.113	3.0
-0.112	3.0
-0.111	3.0
-0.11	3.0
-0.109	3.0
-0.108	3.0
-0.107	3.0
-0.106	3.0
-0.105	3.0
-0.104	3.0
-0.103	3.0
-0.102	3.0
-0.101	3.0
-0.1	3.0
-0.099	3.0
-0.098	3.0
-0.097	3.0
-0.096	6.0
-0.095	6.0
-0.094	6.0
-0.093	6.0
-0.092	6.0
-0.091	6.0
-0.09	6.0
-0.089	6.0
-0.088	6.0
-0.087	6.0
-0.086	6.0
-0.085	6.0
-0.084	6.0
-0.083	6.0
-0.082	6.0
-0.081	6.0
-0.08	6.0
-0.079	6.0
-0.078	6.0
-0.077	6.0
-0.076	6.0
-0.075	6.0
-0.074	6.0
-0.073	6.0
-0.072	6.0
-0.071	6.0
-0.07	6.0
-0.069	6.0
-0.068	6.0
-0.067	6.0
-0.066	6.0
-0.065	6.0
-0.064	6.0
-0.063	6.0
-0.062	6.0
-0.061	6.0
-0.06	6.0
-0.059	6.0
-0.058	6.0
-0.057	6.0
-0.056	6.0
-0.055	6.0
-0.054	6.0
-0.053	6.0
-0.052	6.0
-0.051	6.0
-0.05	6.0
-0.049	6.0
-0.048	6.0
-0.047	6.0
-0.046	6.0
-0.045	6.0
-0.044	6.0
-0.043	6.0
-0.042	6.0
-0.041	6.0
-0.04	6.0
-0.039	6.0
-0.038	6.0
-0.037	6.0
-0.036	6.0
-0.035	6.0
-0.034	6.0
-0.033	6.0
-0.032	6.0
-0.031	6.0
-0.03	6.0
-0.029	6.0
-0.028	6.0
-0.027	6.0
-0.026	6.0
-0.025	6.0
-0.024	6.0
-0.023	6.0
-0.022	6.0
-0.021	6.0
-0.02	6.0
-0.019	6.0
-0.018	6.0
-0.017	6.0
-0.016	6.0
-0.015	6.0
-0.014	6.0
-0.013	6.0
-0.012	6.0
-0.011	6.0
-0.01	6.0
-0.009	6.0
-0.008	6.0
-0.007	6.0
-0.006	6.0
-0.005	6.0
-0.004	6.0
-0.003	6.0
-0.002	6.0
-0.001	6.0
0.0	6.0
0.001	6.0
0.002	6.0
0.003	6.0
0.004	6.0
0.005	6.0
0.006	6.0
0.007	6.0
0.008	6.0
0.009	6.0
0.01	6.0
0.011	6.0
0.012	6.0
0.013	6.0
0.014	6.0
0.015	6.0
0.016	6.0
0.017	6.0
0.018	6.0
0.019	6.0
0.02	6.0
0.021	6.0
0.022	6.0
0.023	6.0
0.024	6.0
0.025	6.0
0.026	6.0
0.027	6.0
0.028	6.0
0.029	6.0
0.03	6.0
0.031	6.0
0.032	6.0
0.033	6.0
0.034	6.0
0.035	6.0
0.036	6.0
0.037	6.0
0.038	6.0
0.039	6.0
0.04	6.0
0.041	6.0
0.042	6.0
0.043	6.0
0.044	6.0
0.045	6.0
0.046	6.0
0.047	6.0
0.048	6.0
0.049	6.0
0.05	6.0
0.051	6.0
0.052	6.0
0.053	6.0
0.054	6.0
0.055	6.0
0.056	6.0
0.057	6.0
0.058	6.0
0.059	6.0
0.06	6.0
0.061	6.0
0.062	6.0
0.063	6.0
0.064	6.0
0.065	6.0
0.066	6.0
0.067	6.0
0.068	6.0
0.069	6.0
0.07	6.0
0.071	6.0
0.072	6.0
0.073	6.0
0.074	6.0
0.075	6.0
0.076	6.0
0.077	6.0
0.078	6.0
0.079	6.0
0.08	6.0
0.081	6.0
0.082	6.0
0.083	6.0
0.084	6.0
0.085	6.0
0.086	6.0
0.087	6.0
0.088	6.0
0.089	6.0
0.09	6.0
0.091	6.0
0.092	6.0
0.093	6.0
0.094	6.0
0.095	6.0
0.096	6.0
0.097	6.0
0.098	6.0
0.099	6.0
0.1	6.0
0.101	6.0
0.102	6.0
0.103	6.0
0.104	6.0
0.105	6.0
0.106	6.0
0.107	6.0
0.108	6.0
0.109	6.0
0.11	6.0
0.111	6.0
0.112	6.0
0.113	6.0
0.114	6.0
0.115	6.0
0.116	6.0
0.117	6.0
0.118	6.0
0.119	6.0
0.12	6.0
0.121	6.0
0.122	6.0
0.123	6.0
0.124	6.0
0.125	6.0
0.126	6.0
0.127	6.0
0.128	6.0
0.129	6.0
0.13	6.0
0.131	6.0
0.132	6.0
0.133	6.0
0.134	6.0
0.135	6.0
0.136	6.0
0.137	6.0
0.138	6.0
0.139	6.0
0.14	6.0
0.141	6.0
0.142	6.0
0.143	6.0
0.144	6.0
0.145	6.0
0.146	6.0
0.147	6.0
0.148	6.0
0.149	6.0
0.15	6.0
0.151	6.0
0.152	6.0
0.153	6.0
0.154	6.0
0.155	6.0
0.156	6.0
0.157	6.0
0.158	6.0
0.159	6.0
0.16	6.0
0.161	6.0
0.162	6.0
0.163	6.0
0.164	6.0
0.165	6.0
0.166	6.0
0.167	6.0
0.168	6.0
0.169	6.0
0.17	6.0
0.171	6.0
0.172	6.0
0.173	6.0
0.174	6.0
0.175	6.0
0.176	6.0
0.177	6.0
0.178	6.0
0.179	6.0
0.18	6.0
0.181	6.0
0.182	6.0
0.183	6.0
0.184	6.0
0.185	6.0
0.186	6.0
0.187	6.0
0.188	6.0
0.189	6.0
0.19	6.0
0.191	6.0
0.192	6.0
0.193	6.0
0.194	6.0
0.195	6.0
0.196	6.0
0.197	6.0
0.198	6.0
0.199	6.0
0.2	6.0
0.201	6.0
0.202	6.0
0.203	6.0
0.204	6.0
0.205	6.0
0.206	6.0
0.207	6.0
0.208	6.0
0.209	6.0
0.21	6.0
0.211	6.0
0.212	6.0
0.213	6.0
0.214	6.0
0.215	6.0
0.216	6.0
0.217	6.0
0.218	6.0
0.219	6.0
0.22	6.0
0.221	6.0
0.222	6.0
0.223	6.0
0.224	6.0
0.225	6.0
0.226	6.0
0.227	6.0
0.228	6.0
0.229	6.0
0.23	6.0
0.231	6.0
0.232	6.0
0.233	6.0
0.234	6.0
0.235	6.0
0.236	6.0
0.237	6.0
0.238	6.0
0.239	6.0
0.24	6.0
0.241	6.0
0.242	6.0
0.243	6.0
0.244	6.0
0.245	6.0
0.246	6.0
0.247	6.0
0.248	6.0
0.249	6.0
0.25	6.0
0.251	6.0
0.252	6.0
0.253	6.0
0.254	6.0
0.255	6.0
0.256	6.0
0.257	6.0
0.258	6.0
0.259	6.0
0.26	6.0
0.261	6.0
0.262	6.0
0.263	6.0
0.264	6.0
0.265	6.0
0.266	6.0
0.267	6.0
0.268	6.0
0.269	6.0
0.27	6.0
0.271	6.0
0.272	6.0
0.273	6.0
0.274	6.0
0.275	6.0
0.276	6.0
0.277	6.0
0.278	6.0
0.279	6.0
0.28	6.0
0.281	6.0
0.282	6.0
0.283	6.0
0.284	6.0
0.285	6.0
0.286	6.0
0.287	6.0
0.288	6.0
0.289	6.0
0.29	6.0
0.291	6.0
0.292	6.0
0.293	6.0
0.294	6.0
0.295	6.0
0.296	6.0
0.297	6.0
0.298	6.0
0.299	6.0
0.3	6.0
0.301	6.0
0.302	6.0
0.303	6.0
0.304	6.0
0.305	6.0
0.306	6.0
0.307	6.0
0.308	6.0
0.309	6.0
0.31	6.0
0.311	6.0
0.312	6.0
0.313	6.0
0.314	6.0
0.315	6.0
0.316	6.0
0.317	6.0
0.318	6.0
0.319	6.0
0.32	6.0
0.321	6.0
0.322	6.0
0.323	6.0
0.324	6.0
0.325	6.0
0.326	6.0
0.327	6.0
0.328	6.0
0.329	6.0
0.33	6.0
0.331	6.0
0.332	6.0
0.333	6.0
0.334	6.0
0.335	6.0
0.336	6.0
0.337	6.0
0.338	6.0
0.339	6.0
0.34	6.0
0.341	6.0
0.342	6.0
0.343	6.0
0.344	6.0
0.345	6.0
0.346	6.0
0.347	6.0
0.348	6.0
0.349	6.0
0.35	6.0
0.351	6.0
0.352	6.0
0.353	6.0
0.354	6.0
0.355	6.0
0.356	6.0
0.357	6.0
0.358	6.0
0.359	6.0
0.36	6.0
0.361	6.0
0.362	6.0
0.363	6.0
0.364	6.0
0.365	6.0
0.366	6.0
0.367	6.0
0.368	6.0
0.369	6.0
0.37	6.0
0.371	6.0
0.372	6.0
0.373	6.0
0.374	6.0
0.375	6.0
0.376	6.0
0.377	6.0
0.378	6.0
0.379	6.0
0.38	6.0
0.381	6.0
0.382	6.0
0.383	6.0
0.384	6.0
0.385	6.0
0.386	6.0
0.387	6.0
0.388	6.0
0.389	6.0
0.39	6.0
0.391	6.0
0.392	6.0
0.393	6.0
0.394	6.0
0.395	6.0
0.396	6.0
0.397	6.0
0.398	6.0
0.399	6.0
0.4	6.0
0.401	6.0
0.402	6.0
0.403	6.0
0.404	6.0
0.405	6.0
0.406	6.0
0.407	6.0
0.408	6.0
0.409	6.0
0.41	6.0
0.411	6.0
0.412	6.0
0.413	6.0
0.414	6.0
0.415	6.0
0.416	6.0
0.417	6.0
0.418	6.0
0.419	6.0
0.42	6.0
0.421	6.0
0.422	6.0
0.423	6.0
0.424	6.0
0.425	6.0
0.426	6.0
0.427	6.0
0.428	6.0
0.429	6.0
0.43	6.0
0.431	6.0
0.432	6.0
0.433	6.0
0.434	6.0
0.435	6.0
0.436	6.0
0.437	6.0
0.438	6.0
0.439	6.0
0.44	6.0
0.441	6.0
0.442	6.0
0.443	6.0
0.444	6.0
0.445	6.0
0.446	6.0
0.447	6.0
0.448	6.0
0.449	6.0
0.45	6.0
0.451	6.0
0.452	6.0
0.453	6.0
0.454	6.0
0.455	6.0
0.456	6.0
0.457	6.0
0.458	6.0
0.459	6.0
0.46	6.0
0.461	6.0
0.462	6.0
0.463	6.0
0.464	6.0
0.465	6.0
0.466	6.0
0.467	6.0
0.468	6.0
0.469	6.0
0.47	6.0
0.471	6.0
0.472	6.0
0.473	6.0
0.474	6.0
0.475	6.0
0.476	6.0
0.477	6.0
0.478	6.0
0.479	6.0
0.48	6.0
0.481	6.0
0.482	6.0
0.483	6.0
0.484	6.0
0.485	6.0
0.486	6.0
0.487	6.0
0.488	6.0
0.489	6.0
0.49	6.0
0.491	6.0
0.492	6.0
0.493	6.0
0.494	6.0
0.495	6.0
0.496	6.0
0.497	6.0
0.498	6.0
0.499	6.0
0.5	6.0
0.501	6.0
0.502	6.0
0.503	6.0
0.504	6.0
0.505	6.0
0.506	6.0
0.507	6.0
0.508	6.0
0.509	6.0
0.51	6.0
0.511	6.0
0.512	6.0
0.513	6.0
0.514	6.0
0.515	6.0
0.516	6.0
0.517	6.0
0.518	6.0
0.519	6.0
0.52	6.0
0.521	6.0
0.522	6.0
0.523	6.0
0.524	6.0
0.525	6.0
0.526	6.0
0.527	6.0
0.528	6.0
0.529	6.0
0.53	6.0
0.531	6.0
0.532	6.0
0.533	6.0
0.534	6.0
0.535	6.0
0.536	6.0
0.537	6.0
0.538	6.0
0.539	6.0
0.54	6.0
0.541	6.0
0.542	6.0
0.543	6.0
0.544	6.0
0.545	6.0
0.546	6.0
0.547	6.0
0.548	6.0
0.549	6.0
0.55	6.0
0.551	6.0
0.552	6.0
0.553	6.0
0.554	6.0
0.555	6.0
0.556	6.0
0.557	6.0
0.558	6.0
0.559	6.0
0.56	6.0
0.561	6.0
0.562	6.0
0.563	6.0
0.564	6.0
0.565	6.0
0.566	6.0
0.567	6.0
0.568	6.0
0.569	6.0
0.57	6.0
0.571	6.0
0.572	6.0
0.573	6.0
0.574	6.0
0.575	6.0
0.576	6.0
0.577	6.0
0.578	6.0
0.579	6.0
0.58	6.0
0.581	6.0
0.582	6.0
0.583	6.0
0.584	6.0
0.585	6.0
0.586	6.0
0.587	6.0
0.588	6.0
0.589	6.0
0.59	6.0
0.591	6.0
0.592	6.0
0.593	6.0
0.594	6.0
0.595	6.0
0.596	6.0
0.597	6.0
0.598	6.0
0.599	6.0
0.6	6.0
0.601	6.0
0.602	6.0
0.603	6.0
0.604	6.0
0.605	6.0
0.606	6.0
0.607	6.0
0.608	6.0
0.609	6.0
0.61	6.0
0.611	6.0
0.612	6.0
0.613	6.0
0.614	6.0
0.615	6.0
0.616	6.0
0.617	6.0
0.618	6.0
0.619	6.0
0.62	6.0
0.621	6.0
0.622	6.0
0.623	6.0
0.624	6.0
0.625	6.0
0.626	6.0
0.627	6.0
0.628	6.0
0.629	6.0
0.63	6.0
0.631	6.0
0.632	6.0
0.633	6.0
0.634	6.0
0.635	6.0
0.636	6.0
0.637	6.0
0.638	6.0
0.639	6.0
0.64	6.0
0.641	6.0
0.642	6.0
0.643	6.0
0.644	6.0
0.645	6.0
0.646	6.0
0.647	6.0
0.648	6.0
0.649	6.0
0.65	6.0
0.651	6.0
0.652	6.0
0.653	6.0
0.654	6.0
0.655	6.0
0.656	6.0
0.657	6.0
0.658	6.0
0.659	6.0
0.66	6.0
0.661	6.0
0.662	6.0
0.663	6.0
0.664	6.0
0.665	6.0
0.666	6.0
0.667	6.0
0.668	6.0
0.669	6.0
0.67	6.0
0.671	6.0
0.672	6.0
0.673	6.0
0.674	6.0
0.675	6.0
0.676	6.0
0.677	6.0
0.678	6.0
0.679	6.0
0.68	6.0
0.681	6.0
0.682	6.0
0.683	6.0
0.684	6.0
0.685	6.0
0.686	6.0
0.687	6.0
0.688	6.0
0.689	6.0
0.69	6.0
0.691	6.0
0.692	6.0
0.693	6.0
0.694	6.0
0.695	6.0
0.696	6.0
0.697	6.0
0.698	6.0
0.699	6.0
0.7	6.0
0.701	6.0
0.702	6.0
0.703	6.0
0.704	6.0
0.705	6.0
0.706	6.0
0.707	6.0
0.708	6.0
0.709	6.0
0.71	6.0
0.711	6.0
0.712	6.0
0.713	6.0
0.714	6.0
0.715	6.0
0.716	6.0
0.717	6.0
0.718	6.0
0.719	6.0
0.72	6.0
0.721	6.0
0.722	6.0
0.723	6.0
0.724	6.0
0.725	6.0
0.726	6.0
0.727	6.0
0.728	6.0
0.729	6.0
0.73	6.0
0.731	6.0
0.732	6.0
0.733	6.0
0.734	6.0
0.735	6.0
0.736	6.0
0.737	6.0
0.738	6.0
0.739	6.0
0.74	6.0
0.741	6.0
0.742	6.0
0.743	6.0
0.744	6.0
0.745	6.0
0.746	6.0
0.747	6.0
0.748	6.0
0.749	6.0
0.75	6.0
0.751	6.0
0.752	6.0
0.753	6.0
0.754	6.0
0.755	6.0
0.756	6.0
0.757	6.0
0.758	6.0
0.759	6.0
0.76	6.0
0.761	6.0
0.762	6.0
0.763	6.0
0.764	6.0
0.765	6.0
0.766	6.0
0.767	6.0
0.768	6.0
0.769	6.0
0.77	6.0
0.771	6.0
0.772	6.0
0.773	6.0
0.774	6.0
0.775	6.0
0.776	6.0
0.777	6.0
0.778	6.0
0.779	6.0
0.78	6.0
0.781	6.0
0.782	6.0
0.783	6.0
0.784	6.0
0.785	6.0
0.786	6.0
0.787	6.0
0.788	6.0
0.789	6.0
0.79	6.0
0.791	6.0
0.792	6.0
0.793	6.0
0.794	6.0
0.795	6.0
0.796	6.0
0.797	6.0
0.798	6.0
0.799	6.0
0.8	6.0
0.801	6.0
0.802	6.0
0.803	6.0
0.804	6.0
0.805	6.0
0.806	6.0
0.807	6.0
0.808	6.0
0.809	6.0
0.81	6.0
0.811	6.0
0.812	6.0
0.813	6.0
0.814	6.0
0.815	6.0
0.816	6.0
0.817	6.0
0.818	6.0
0.819	6.0
0.82	6.0
0.821	6.0
0.822	6.0
0.823	6.0
0.824	6.0
0.825	6.0
0.826	6.0
0.827	6.0
0.828	6.0
0.829	6.0
0.83	6.0
0.831	6.0
0.832	6.0
0.833	6.0
0.834	6.0
0.835	6.0
0.836	6.0
0.837	6.0
0.838	6.0
0.839	6.0
0.84	6.0
0.841	6.0
0.842	6.0
0.843	6.0
0.844	6.0
0.845	6.0
0.846	6.0
0.847	6.0
0.848	6.0
0.849	6.0
0.85	6.0
0.851	6.0
0.852	6.0
0.853	6.0
0.854	6.0
0.855	6.0
0.856	6.0
0.857	6.0
0.858	6.0
0.859	6.0
0.86	6.0
0.861	6.0
0.862	6.0
0.863	6.0
0.864	6.0
0.865	6.0
0.866	6.0
0.867	6.0
0.868	6.0
0.869	6.0
0.87	6.0
0.871	6.0
0.872	6.0
0.873	6.0
0.874	6.0
0.875	6.0
0.876	6.0
0.877	6.0
0.878	6.0
0.879	6.0
0.88	6.0
0.881	6.0
0.882	6.0
0.883	6.0
0.884	6.0
0.885	6.0
0.886	6.0
0.887	6.0
0.888	6.0
0.889	6.0
0.89	6.0
0.891	6.0
0.892	6.0
0.893	6.0
0.894	6.0
0.895	6.0
0.896	6.0
0.897	6.0
0.898	6.0
0.899	6.0
0.9	6.0
0.901	6.0
0.902	6.0
0.903	6.0
0.904	6.0
0.905	6.0
0.906	6.0
0.907	6.0
0.908	6.0
0.909	6.0
0.91	6.0
0.911	6.0
0.912	6.0
0.913	6.0
0.914	6.0
0.915	6.0
0.916	6.0
0.917	6.0
0.918	6.0
0.919	6.0
0.92	6.0
0.921	6.0
0.922	6.0
0.923	6.0
0.924	6.0
0.925	6.0
0.926	6.0
0.927	6.0
0.928	6.0
0.929	6.0
0.93	6.0
0.931	6.0
0.932	6.0
0.933	6.0
0.934	6.0
0.935	6.0
0.936	6.0
0.937	6.0
0.938	6.0
0.939	6.0
0.94	6.0
0.941	6.0
0.942	6.0
0.943	6.0
0.944	6.0
0.945	6.0
0.946	6.0
0.947	6.0
0.948	6.0
0.949	6.0
0.95	6.0
0.951	6.0
0.952	6.0
0.953	6.0
0.954	6.0
0.955	6.0
0.956	6.0
0.957	6.0
0.958	6.0
0.959	6.0
0.96	6.0
0.961	6.0
0.962	6.0
0.963	6.0
0.964	6.0
0.965	6.0
0.966	6.0
0.967	6.0
0.968	6.0
0.969	6.0
0.97	6.0
0.971	6.0
0.972	6.0
0.973	6.0
0.974	6.0
0.975	6.0
0.976	6.0
0.977	6.0
0.978	6.0
0.979	6.0
0.98	6.0
0.981	6.0
0.982	6.0
0.983	6.0
0.984	6.0
0.985	6.0
0.986	6.0
0.987	6.0
0.988	6.0
0.989	6.0
0.99	6.0
0.991	6.0
0.992	6.0
0.993	6.0
0.994	6.0
0.995	6.0
0.996	6.0
0.997	6.0
0.998	6.0
0.999	6.0
1.0	6.0
1.001	6.0
1.002	6.0
1.003	6.0
1.004	6.0
1.005	6.0
1.006	6.0
1.007	6.0
1.008	6.0
1.009	6.0
1.01	6.0
1.011	6.0
1.012	6.0
1.013	6.0
1.014	6.0
1.015	6.0
1.016	6.0
1.017	6.0
1.018	6.0
1.019	6.0
1.02	6.0
1.021	6.0
1.022	6.0
1.023	6.0
1.024	6.0
1.025	6.0
1.026	6.0
1.027	6.0
1.028	6.0
1.029	6.0
1.03	6.0
1.031	6.0
1.032	6.0
1.033	6.0
1.034	6.0
1.035	6.0
1.036	6.0
1.037	6.0
1.038	6.0
1.039	6.0
1.04	6.0
1.041	6.0
1.042	6.0
1.043	6.0
1.044	6.0
1.045	6.0
1.046	6.0
1.047	6.0
1.048	6.0
1.049	6.0
1.05	6.0
1.051	6.0
1.052	6.0
1.053	6.0
1.054	6.0
1.055	6.0
1.056	6.0
1.057	6.0
1.058	6.0
1.059	6.0
1.06	6.0
1.061	6.0
1.062	6.0
1.063	6.0
1.064	6.0
1.065	6.0
1.066	6.0
1.067	6.0
1.068	6.0
1.069	6.0
1.07	6.0
1.071	6.0
1.072	6.0
1.073	6.0
1.074	6.0
1.075	6.0
1.076	6.0
1.077	6.0
1.078	6.0
1.079	6.0
1.08	6.0
1.081	6.0
1.082	6.0
1.083	6.0
1.084	6.0
1.085	6.0
1.086	6.0
1.087	6.0
1.088	6.0
1.089	6.0
1.09	6.0
1.091	6.0
1.092	6.0
1.093	6.0
1.094	6.0
1.095	6.0
1.096	6.0
1.097	6.0
1.098	6.0
1.099	6.0
1.1	6.0
1.101	6.0
1.102	6.0
1.103	6.0
1.104	6.0
1.105	6.0
1.106	6.0
1.107	6.0
1.108	6.0
1.109	6.0
1.11	6.0
1.111	6.0
1.112	6.0
1.113	6.0
1.114	6.0
1.115	6.0
1.116	6.0
1.117	6.0
1.118	6.0
1.119	6.0
1.12	6.0
1.121	6.0
1.122	6.0
1.123	6.0
1.124	6.0
1.125	6.0
1.126	6.0
1.127	6.0
1.128	6.0
1.129	6.0
1.13	6.0
1.131	6.0
1.132	6.0
1.133	6.0
1.134	6.0
1.135	6.0
1.136	6.0
1.137	6.0
1.138	6.0
1.139	6.0
1.14	6.0
1.141	6.0
1.142	6.0
1.143	6.0
1.144	6.0
1.145	6.0
1.146	6.0
1.147	6.0
1.148	6.0
1.149	6.0
1.15	6.0
1.151	6.0
1.152	6.0
1.153	6.0
1.154	6.0
1.155	6.0
1.156	6.0
1.157	6.0
1.158	6.0
1.159	6.0
1.16	6.0
1.161	6.0
1.162	6.0
1.163	6.0
1.164	6.0
1.165	6.0
1.166	6.0
1.167	6.0
1.168	6.0
1.169	6.0
1.17	6.0
1.171	6.0
1.172	6.0
1.173	6.0
1.174	6.0
1.175	6.0
1.176	6.0
1.177	6.0
1.178	6.0
1.179	6.0
1.18	6.0
1.181	6.0
1.182	6.0
1.183	6.0
1.184	6.0
1.185	6.0
1.186	6.0
1.187	6.0
1.188	6.0
1.189	6.0
1.19	6.0
1.191	6.0
1.192	6.0
1.193	6.0
1.194	6.0
1.195	6.0
1.196	6.0
1.197	6.0
1.198	6.0
1.199	6.0
1.2	6.0
1.201	6.0
1.202	6.0
1.203	6.0
1.204	6.0
1.205	6.0
1.206	6.0
1.207	6.0
1.208	6.0
1.209	6.0
1.21	6.0
1.211	6.0
1.212	6.0
1.213	6.0
1.214	6.0
1.215	6.0
1.216	6.0
1.217	6.0
1.218	6.0
1.219	6.0
1.22	6.0
1.221	6.0
1.222	6.0
1.223	6.0
1.224	6.0
1.225	6.0
1.226	6.0
1.227	6.0
1.228	6.0
1.229	6.0
1.23	6.0
1.231	6.0
1.232	6.0
1.233	6.0
1.234	6.0
1.235	6.0
1.236	6.0
1.237	6.0
1.238	6.0
1.239	6.0
1.24	6.0
1.241	6.0
1.242	6.0
1.243	6.0
1.244	6.0
1.245	6.0
1.246	6.0
1.247	6.0
1.248	6.0
1.249	6.0
1.25	6.0
1.251	6.0
1.252	6.0
1.253	6.0
1.254	6.0
1.255	6.0
1.256	6.0
1.257	6.0
1.258	6.0
1.259	6.0
1.26	6.0
1.261	6.0
1.262	6.0
1.263	6.0
1.264	6.0
1.265	6.0
1.266	6.0
1.267	6.0
1.268	6.0
1.269	6.0
1.27	6.0
1.271	6.0
1.272	6.0
1.273	6.0
1.274	6.0
1.275	6.0
1.276	6.0
1.277	6.0
1.278	6.0
1.279	6.0
1.28	6.0
1.281	6.0
1.282	6.0
1.283	6.0
1.284	6.0
1.285	6.0
1.286	6.0
1.287	6.0
1.288	6.0
1.289	6.0
1.29	6.0
1.291	6.0
1.292	6.0
1.293	6.0
1.294	6.0
1.295	6.0
1.296	6.0
1.297	6.0
1.298	6.0
1.299	6.0
1.3	6.0
1.301	6.0
1.302	6.0
1.303	6.0
1.304	6.0
1.305	6.0
1.306	6.0
1.307	6.0
1.308	6.0
1.309	6.0
1.31	6.0
1.311	6.0
1.312	6.0
1.313	6.0
1.314	6.0
1.315	6.0
1.316	6.0
1.317	6.0
1.318	6.0
1.319	6.0
1.32	6.0
1.321	6.0
1.322	6.0
1.323	6.0
1.324	6.0
1.325	6.0
1.326	6.0
1.327	6.0
1.328	6.0
1.329	6.0
1.33	6.0
1.331	6.0
1.332	6.0
1.333	6.0
1.334	6.0
1.335	6.0
1.336	6.0
1.337	6.0
1.338	6.0
1.339	6.0
1.34	6.0
1.341	6.0
1.342	6.0
1.343	6.0
1.344	6.0
1.345	6.0
1.346	6.0
1.347	6.0
1.348	6.0
1.349	6.0
1.35	6.0
1.351	6.0
1.352	6.0
1.353	6.0
1.354	6.0
1.355	6.0
1.356	6.0
1.357	6.0
1.358	6.0
1.359	6.0
1.36	6.0
1.361	6.0
1.362	6.0
1.363	6.0
1.364	6.0
1.365	6.0
1.366	6.0
1.367	6.0
1.368	6.0
1.369	6.0
1.37	6.0
1.371	6.0
1.372	6.0
1.373	6.0
1.374	6.0
1.375	6.0
1.376	6.0
1.377	6.0
1.378	6.0
1.379	6.0
1.38	6.0
1.381	6.0
1.382	6.0
1.383	6.0
1.384	6.0
1.385	6.0
1.386	6.0
1.387	6.0
1.388	6.0
1.389	6.0
1.39	6.0
1.391	6.0
1.392	6.0
1.393	6.0
1.394	6.0
1.395	6.0
1.396	6.0
1.397	6.0
1.398	6.0
1.399	6.0
1.4	6.0
1.401	6.0
1.402	6.0
1.403	6.0
1.404	6.0
1.405	6.0
1.406	6.0
1.407	6.0
1.408	6.0
1.409	6.0
1.41	6.0
1.411	6.0
1.412	6.0
1.413	6.0
1.414	6.0
1.415	6.0
1.416	6.0
1.417	6.0
1.418	6.0
1.419	6.0
1.42	6.0
1.421	6.0
1.422	6.0
1.423	6.0
1.424	6.0
1.425	6.0
1.426	6.0
1.427	6.0
1.428	6.0
1.429	6.0
1.43	6.0
1.431	6.0
1.432	6.0
1.433	6.0
1.434	6.0
1.435	6.0
1.436	6.0
1.437	6.0
1.438	6.0
1.439	6.0
1.44	6.0
1.441	6.0
1.442	6.0
1.443	6.0
1.444	6.0
1.445	6.0
1.446	6.0
1.447	6.0
1.448	6.0
1.449	6.0
1.45	6.0
1.451	6.0
1.452	6.0
1.453	6.0
1.454	6.0
1.455	6.0
1.456	6.0
1.457	6.0
1.458	6.0
1.459	6.0
1.46	6.0
1.461	6.0
1.462	6.0
1.463	6.0
1.464	6.0
1.465	6.0
1.466	6.0
1.467	6.0
1.468	6.0
1.469	6.0
1.47	6.0
1.471	6.0
1.472	6.0
1.473	6.0
1.474	6.0
1.475	6.0
1.476	6.0
1.477	6.0
1.478	6.0
1.479	6.0
1.48	6.0
1.481	6.0
1.482	6.0
1.483	6.0
1.484	6.0
1.485	6.0
1.486	6.0
1.487	6.0
1.488	6.0
1.489	6.0
1.49	6.0
1.491	6.0
1.492	6.0
1.493	6.0
1.494	6.0
1.495	6.0
1.496	6.0
1.497	6.0
1.498	6.0
1.499	6.0
1.5	6.0
1.501	6.0
1.502	6.0
1.503	6.0
1.504	6.0
1.505	6.0
1.506	6.0
1.507	6.0
1.508	6.0
1.509	6.0
1.51	6.0
1.511	6.0
1.512	6.0
1.513	6.0
1.514	6.0
1.515	6.0
1.516	6.0
1.517	6.0
1.518	6.0
1.519	6.0
1.52	6.0
1.521	6.0
1.522	6.0
1.523	6.0
1.524	6.0
1.525	6.0
1.526	6.0
1.527	6.0
1.528	6.0
1.529	6.0
1.53	6.0
1.531	6.0
1.532	6.0
1.533	6.0
1.534	6.0
1.535	6.0
1.536	6.0
1.537	6.0
1.538	6.0
1.539	6.0
1.54	6.0
1.541	6.0
1.542	6.0
1.543	6.0
1.544	6.0
1.545	6.0
1.546	6.0
1.547	6.0
1.548	6.0
1.549	6.0
1.55	6.0
1.551	6.0
1.552	6.0
1.553	6.0
1.554	6.0
1.555	6.0
1.556	6.0
1.557	6.0
1.558	6.0
1.559	6.0
1.56	6.0
1.561	6.0
1.562	6.0
1.563	6.0
1.564	6.0
1.565	6.0
1.566	6.0
1.567	6.0
1.568	6.0
1.569	6.0
1.57	6.0
1.571	6.0
1.572	6.0
1.573	6.0
1.574	6.0
1.575	6.0
1.576	6.0
1.577	6.0
1.578	6.0
1.579	6.0
1.58	6.0
1.581	6.0
1.582	6.0
1.583	6.0
1.584	6.0
1.585	6.0
1.586	6.0
1.587	6.0
1.588	6.0
1.589	6.0
1.59	6.0
1.591	6.0
1.592	6.0
1.593	6.0
1.594	6.0
1.595	6.0
1.596	6.0
1.597	6.0
1.598	6.0
1.599	6.0
1.6	6.0
1.601	6.0
1.602	6.0
1.603	6.0
1.604	6.0
1.605	6.0
1.606	6.0
1.607	6.0
1.608	6.0
1.609	6.0
1.61	6.0
1.611	6.0
1.612	6.0
1.613	6.0
1.614	6.0
1.615	6.0
1.616	6.0
1.617	6.0
1.618	6.0
1.619	6.0
1.62	6.0
1.621	6.0
1.622	6.0
1.623	6.0
1.624	6.0
1.625	6.0
1.626	6.0
1.627	6.0
1.628	6.0
1.629	6.0
1.63	6.0
1.631	6.0
1.632	6.0
1.633	6.0
1.634	6.0
1.635	6.0
1.636	6.0
1.637	6.0
1.638	6.0
1.639	6.0
1.64	6.0
1.641	6.0
1.642	6.0
1.643	6.0
1.644	6.0
1.645	6.0
1.646	6.0
1.647	6.0
1.648	6.0
1.649	6.0
1.65	6.0
1.651	6.0
1.652	6.0
1.653	6.0
1.654	6.0
1.655	6.0
1.656	6.0
1.657	6.0
1.658	6.0
1.659	6.0
1.66	6.0
1.661	6.0
1.662	6.0
1.663	6.0
1.664	6.0
1.665	6.0
1.666	6.0
1.667	6.0
1.668	6.0
1.669	6.0
1.67	6.0
1.671	6.0
1.672	6.0
1.673	6.0
1.674	6.0
1.675	6.0
1.676	6.0
1.677	6.0
1.678	6.0
1.679	6.0
1.68	6.0
1.681	6.0
1.682	6.0
1.683	6.0
1.684	6.0
1.685	6.0
1.686	6.0
1.687	6.0
1.688	6.0
1.689	6.0
1.69	6.0
1.691	6.0
1.692	6.0
1.693	6.0
1.694	6.0
1.695	6.0
1.696	6.0
1.697	6.0
1.698	6.0
1.699	6.0
1.7	6.0
1.701	6.0
1.702	6.0
1.703	6.0
1.704	6.0
1.705	6.0
1.706	6.0
1.707	6.0
1.708	6.0
1.709	6.0
1.71	6.0
1.711	6.0
1.712	6.0
1.713	6.0
1.714	6.0
1.715	6.0
1.716	6.0
1.717	6.0
1.718	6.0
1.719	6.0
1.72	6.0
1.721	6.0
1.722	6.0
1.723	6.0
1.724	6.0
1.725	6.0
1.726	6.0
1.727	6.0
1.728	6.0
1.729	6.0
1.73	6.0
1.731	6.0
1.732	6.0
1.733	6.0
1.734	6.0
1.735	6.0
1.736	6.0
1.737	6.0
1.738	6.0
1.739	6.0
1.74	6.0
1.741	6.0
1.742	6.0
1.743	6.0
1.744	6.0
1.745	6.0
1.746	6.0
1.747	6.0
1.748	6.0
1.749	6.0
1.75	6.0
1.751	6.0
1.752	6.0
1.753	6.0
1.754	6.0
1.755	6.0
1.756	6.0
1.757	6.0
1.758	6.0
1.759	6.0
1.76	6.0
1.761	6.0
1.762	6.0
1.763	6.0
1.764	6.0
1.765	6.0
1.766	6.0
1.767	6.0
1.768	6.0
1.769	6.0
1.77	6.0
1.771	6.0
1.772	6.0
1.773	6.0
1.774	6.0
1.775	6.0
1.776	6.0
1.777	6.0
1.778	6.0
1.779	6.0
1.78	6.0
1.781	6.0
1.782	6.0
1.783	6.0
1.784	6.0
1.785	6.0
1.786	6.0
1.787	6.0
1.788	6.0
1.789	6.0
1.79	6.0
1.791	6.0
1.792	6.0
1.793	6.0
1.794	6.0
1.795	6.0
1.796	6.0
1.797	6.0
1.798	6.0
1.799	6.0
1.8	6.0
1.801	6.0
1.802	6.0
1.803	6.0
1.804	6.0
1.805	6.0
1.806	6.0
1.807	6.0
1.808	6.0
1.809	6.0
1.81	6.0
1.811	6.0
1.812	6.0
1.813	6.0
1.814	6.0
1.815	6.0
1.816	6.0
1.817	6.0
1.818	6.0
1.819	6.0
1.82	6.0
1.821	6.0
1.822	6.0
1.823	6.0
1.824	6.0
1.825	6.0
1.826	6.0
1.827	6.0
1.828	6.0
1.829	6.0
1.83	6.0
1.831	6.0
1.832	6.0
1.833	6.0
1.834	6.0
1.835	6.0
1.836	6.0
1.837	6.0
1.838	6.0
1.839	6.0
1.84	6.0
1.841	6.0
1.842	6.0
1.843	6.0
1.844	6.0
1.845	6.0
1.846	6.0
1.847	6.0
1.848	6.0
1.849	6.0
1.85	6.0
1.851	6.0
1.852	6.0
1.853	6.0
1.854	6.0
1.855	6.0
1.856	6.0
1.857	6.0
1.858	6.0
1.859	6.0
1.86	6.0
1.861	6.0
1.862	6.0
1.863	6.0
1.864	6.0
1.865	6.0
1.866	6.0
1.867	6.0
1.868	6.0
1.869	6.0
1.87	6.0
1.871	6.0
1.872	6.0
1.873	6.0
1.874	6.0
1.875	6.0
1.876	6.0
1.877	6.0
1.878	6.0
1.879	6.0
1.88	6.0
1.881	6.0
1.882	6.0
1.883	6.0
1.884	6.0
1.885	6.0
1.886	6.0
1.887	6.0
1.888	6.0
1.889	6.0
1.89	6.0
1.891	6.0
1.892	6.0
1.893	6.0
1.894	6.0
1.895	6.0
1.896	6.0
1.897	6.0
1.898	6.0
1.899	6.0
1.9	6.0
1.901	6.0
1.902	6.0
1.903	6.0
1.904	6.0
1.905	6.0
1.906	6.0
1.907	6.0
1.908	6.0
1.909	6.0
1.91	6.0
1.911	6.0
1.912	6.0
1.913	6.0
1.914	6.0
1.915	6.0
1.916	6.0
1.917	6.0
1.918	6.0
1.919	6.0
1.92	6.0
1.921	6.0
1.922	6.0
1.923	6.0
1.924	6.0
1.925	6.0
1.926	6.0
1.927	6.0
1.928	6.0
1.929	6.0
1.93	6.0
1.931	6.0
1.932	6.0
1.933	6.0
1.934	6.0
1.935	6.0
1.936	6.0
1.937	6.0
1.938	6.0
1.939	6.0
1.94	6.0
1.941	6.0
1.942	6.0
1.943	6.0
1.944	6.0
1.945	6.0
1.946	6.0
1.947	6.0
1.948	6.0
1.949	6.0
1.95	6.0
1.951	6.0
1.952	6.0
1.953	6.0
1.954	6.0
1.955	6.0
1.956	6.0
1.957	6.0
1.958	6.0
1.959	6.0
1.96	6.0
1.961	6.0
1.962	6.0
1.963	6.0
1.964	6.0
1.965	6.0
1.966	6.0
1.967	6.0
1.968	6.0
1.969	6.0
1.97	6.0
1.971	6.0
1.972	6.0
1.973	6.0
1.974	6.0
1.975	6.0
1.976	6.0
1.977	6.0
1.978	6.0
1.979	6.0
1.98	6.0
1.981	6.0
1.982	6.0
1.983	6.0
1.984	6.0
1.985	6.0
1.986	6.0
1.987	6.0
1.988	6.0
1.989	6.0
1.99	6.0
1.991	6.0
1.992	6.0
1.993	6.0
1.994	6.0
1.995	6.0
1.996	6.0
1.997	6.0
1.998	6.0
1.999	6.0
2.0	6.0
